1 Life Insurance  Ltd;;;;;
1 Merchant Place (Pty) Ltd;;;;;
1 Stop Engineering (Pty) Ltd;;;;;
1:1 Agency of Engagement;;;;;
100 Degrees Online Marketing;;;;;
101 Careers;;;;;
102 Rivonia Road (Pty) Ltd;;;;;
1021 Media & Design;;;;;
1064 DEGREES (PTY) LTD;;;;;
107 Fitter Road (Pty) Ltd;;;;;
10X Investments (Pty) Ltd;;;;;
11 Plc;;;;;
110 Berrange Road (Pty) Ltd;;;;;
118 Contact Centre (Pty) Ltd;;;;;
120 End Street Property Investments (Pty) Ltd;;;;;
121Talent;;;;;
123.gr;;;;;
123.io;;;;;
1300 North Post Oak;;;;;
14 Earls Court CC;;;;;
15 On Orange Hotel (Pty) Ltd;;;;;
15gmail.com;;;;;
169 on Main (Pty) Ltd;;;;;
1st Contact;;;;;
1st Verification Networx;;;;;
1Stream;;;;;
1Time Airline (Pty) Ltd;;;;;
1Time Holdings Ltd;;;;;
2010 FIFA World Cup Ticketing (Pty) Ltd;;;;;
21st Century Life (Pty) Ltd;;;;;
21st Century Technologies Ltd;;;;;
22Seven Digital (Pty) Ltd;;;;;
24 Bit Games (Pty) Ltd;;;;;
24.com;;;;;
24/7 Security Services;;;;;
24-7 Industrial Door and Automations CC;;;;;
24Com Online Studio (Pty) Ltd;;;;;
24onlinetech.com;;;;;
25AM (Pty) Ltd;;;;;
25gmail.com;;;;;
25th Hour;;;;;
27Four Investment Managers (Pty) Ltd;;;;;
28E Capital (Pty) Ltd;;;;;
2C Solutions (Pty) Ltd;;;;;
2C Telecoms (Pty) Ltd;;;;;
2Cana Solutions (Pty) Ltd;;;;;
2Collaborate;;;;;
2Identify (Pty) Ltd;;;;;
2M-Corp;;;;;
2U Inc.;;;;;
3 Merchant Place (Pty) Ltd;;;;;
3 Way Marketing (Pty) Ltd;;;;;
302 Spur Road Bealieu Midrand CC;;;;;
312 Halfway House Ext 13 Investments (Pty) Ltd;;;;;
314 Halfway House Ext 13 Investments (Pty) Ltd;;;;;
315 Halfway House Ext 13 Investments (Pty) Ltd;;;;;
316 Halfway House Ext 13 Investments (Pty) Ltd;;;;;
317 Halfway House Ext 13 Investments (Pty) Ltd;;;;;
318 Halfway House Ext 13 Investments (Pty) Ltd;;;;;
32 Kloof Road (Pty) Ltd;;;;;
320 Halfway House Ext 13 Investments (Pty) Ltd;;;;;
321 Halfway House Ext 13 Investments (Pty) Ltd;;;;;
34.co.za;;;;;
360 Degrees Travel (Pty) Ltd;;;;;
360 Experiential Solutions;;;;;
360Plus (Pty) Ltd;;;;;
365 Digital Publishing (Pty) Ltd;;;;;
36ONE Asset Management (Pty) Ltd;;;;;
36One Investments (Pty) Ltd;;;;;
39gmail.com;;;;;
3C Agency;;;;;
3-D Marketing (Botswana) (Pty) Ltd;;;;;
3D Marketing (Pty) Ltd;;;;;
3fifteen;;;;;
3fifteen Technology Solutions (Pty) Ltd;;;;;
3G Mobile (Pty) Ltd;;;;;
3G Mobile Botswana;;;;;
3i.co.za;;;;;
3i's Group;;;;;
3Js;;;;;
3M Company;;;;;
3M South Africa (Pty) Ltd;;;;;
3rd Floor,;;;;;
3S Media (Pty) Ltd;;;;;
3sixtyhealth;;;;;
3Way Marketing;;;;;
4 Africa Exchange (Pty) Ltd;;;;;
4 Arrows;;;;;
4 Sight Holdings;;;;;
41 - 42 Bartlett (Pty) Ltd;;;;;
43 Air School (Pty) Ltd;;;;;
45Degrees Telecommunications;;;;;
4C GROUP;;;;;
4C Group;;;;;
4cit.co.za;;;;;
4D Trading (Pty) Ltd;;;;;
4G Capital;;;;;
4G Capital Kenya;;;;;
4i Mobile;;;;;
4most Systems;;;;;
4Racing;;;;;
4Sight Holdings Ltd;;;;;
4Sightunplugg;;;;;
4Teck IT;;;;;
4th Dimension Technology CC;;;;;
4th Dimension Training Consultants (Pty) Ltd;;;;;
5 Ounces (Pty) Ltd;;;;;
501.co.za;;;;;
507 Industrial (Pty) Ltd;;;;;
51 Denoon Drive CC;;;;;
52 Rigger Road (Pty) Ltd;;;;;
54gene;;;;;
54twentyfour;;;;;
58Fleet (Pty) Ltd;;;;;
5one Marketing (SA) (Pty) Ltd;;;;;
5StrandSA;;;;;
600SA Holdings (Pty) Ltd;;;;;
7 Trees Clothing (Pty) Ltd;;;;;
735.com;;;;;
8 Ink Media (Pty) Ltd;;;;;
8th Man Consulting;;;;;
98 Degrees Financial Services 2 (Pty) Ltd;;;;;
99 CENTS Communications CC;;;;;
99c;;;;;
A and D Spitz (Pty) Ltd;;;;;
A and E Products South Africa (Pty) Ltd;;;;;
A B Brickworks (Pty) Ltd;;;;;
A C T Travel (Pty) Ltd;;;;;
A D I Scientific (Pty) Ltd;;;;;
A Dewavrin Freres (Pty) Ltd;;;;;
A E Barlow Embroidery CC;;;;;
A E Payne Estates (Pty) Ltd;;;;;
A East;;;;;
A Fraser and Company Ltd;;;;;
A Hartrodt (South Africa) (Pty) Ltd;;;;;
A Holman Distributors (Pty) Ltd;;;;;
A Holman Trading Company (Pty) Ltd;;;;;
A J Charnaud and Company (Pty) Ltd;;;;;
A J North (Pty) Ltd;;;;;
A J Products (Natal) CC;;;;;
A J Products (Western Cape) CC;;;;;
A L S Plant Hire (RF) (Pty) Ltd;;;;;
A Lyons Embroiderers (Pty) Ltd;;;;;
A M Alberts (Pty) Ltd;;;;;
A M E Africa Healthcare (Pty) Ltd;;;;;
A M G Security Management (Pty) Ltd;;;;;
A P L Cartons (Pty) Ltd;;;;;
A P S Plastics (Pty) Ltd;;;;;
A R BRINK & ASSOCIATES;;;;;
A T & T Technologies SA (Pty) Ltd;;;;;
A T C (Pty) Ltd;;;;;
A T Kearney (Pty) Ltd;;;;;
A To Z Auto Glass CC;;;;;
A to Z Consulting;;;;;
A Unit Dedicated Logistics (Pty) Ltd;;;;;
A World of Labels - Quality Products made in Mauritius;;;;;
a.b.e. Construction Chemicals (Pty) Ltd;;;;;
A.G. Leventis (Nigeria) Plc;;;;;
A1L Realizations;;;;;
A2A Kopano Inc;;;;;
AAA Growers Limited;;;;;
AAA School of Advertising;;;;;
Aadtrucks;;;;;
aakh.co.za;;;;;
aaph.ci;;;;;
AAR Insurance Kenya Limited;;;;;
AAR Uganda;;;;;
aar.co.ke;;;;;
aar.co.kr;;;;;
aarbsa.com;;;;;
AARD Mining Equipment (Pty) Ltd;;;;;
AA-SATC Travel Experience (Pty) Ltd;;;;;
AAT Composites (Pty) Ltd;;;;;
Aazad Electrical Construction (Pty) Ltd;;;;;
AB Bank Ltd Zambia;;;;;
AB Bank Rwanda;;;;;
AB InBev Africa (Pty) Ltd;;;;;
AB InBev Investments Ltd;;;;;
AB InBev SA (Pty) Ltd;;;;;
AB Labour Services;;;;;
Abacus Automation CC;;;;;
ABACUS MICRO SYSTEMS SALDANHA;;;;;
Abacus Pharma;;;;;
Abacus Wealth Management;;;;;
Abagold Ltd;;;;;
ABAHIZI CBC;;;;;
Abahizi Rwanda;;;;;
Abalaing Valuers (Pty) Ltd;;;;;
Abalone Farmers Association of South Africa;;;;;
Abalungisi Cleaning and Construction (Pty) Ltd;;;;;
abam.co.za;;;;;
abaqulusi vryheid;;;;;
Abari Communications (Pty) Limited “AbariCom”;;;;;
Abasa Agricultural Primary Co-operative Ltd;;;;;
Abax Investments (Pty) Ltd;;;;;
Abay Bank;;;;;
ABB;;;;;
ABB Egypt;;;;;
ABB Holdings (Pty) Ltd;;;;;
ABB Ltd;;;;;
ABB South Africa (Pty) Ltd;;;;;
Abbey Mortgage Bank Plc;;;;;
abbots.co.za;;;;;
Abbott Laboratories South Africa (Pty) Ltd;;;;;
Abbotts College;;;;;
abbvie;;;;;
AbbVie Inc.;;;;;
Abby Healthcare Systems;;;;;
ABC;;;;;
ABC Bank (Kenya);;;;;
ABC Banking Corporation Ltd;;;;;
ABC Ghana Ltd;;;;;
ABC Group of Companies;;;;;
ABC Holdings Ltd;;;;;
ABC Motors Company Ltd;;;;;
ABC Printers (Pty) Ltd;;;;;
ABC Transport Plc;;;;;
ABCMarketing;;;;;
Abcprofessional;;;;;
Abeco Tanks (Pty) Ltd;;;;;
abeerate.co.za;;;;;
Abeinsa Business Development (Pty) Ltd;;;;;
Abeinsa EPC Kaxu (Pty) Ltd;;;;;
Abeinsa EPC Khi (Pty) Ltd;;;;;
Abeinsa EPC South Africa (Pty) Ltd;;;;;
Abeinsa EPC Xina (Pty) Ltd;;;;;
Abencor South Africa (Pty) Ltd;;;;;
Abengoa South Africa (Pty) Ltd;;;;;
Abercrombie and Kent Safaris (Pty) Ltd;;;;;
Aberdare Cables (Pty) Ltd;;;;;
Aberdare Fibre Optic Cables (Pty) Ltd;;;;;
Aberdare Intelec Mozambique Lda;;;;;
Aberdare Metallic Profiles (Pty) Ltd;;;;;
Aberdeen International Inc;;;;;
ABF Sugar;;;;;
a-b-h.co.za;;;;;
Abi Development Limited;;;;;
ABI Division of South African Breweries LTD;;;;;
ABI SAB Group Holding Ltd;;;;;
ABIL Employee Share Trust;;;;;
Abilita;;;;;
Abland (Pty) Ltd;;;;;
abm.co.ke;;;;;
ABN Amro Bank NV;;;;;
Abosso Goldfields Ltd;;;;;
About IT Pty;;;;;
Abracor (Pty) Ltd;;;;;
Abraham Graphics World;;;;;
Abrina 3765 (Pty) Ltd;;;;;
ABS Genetics South Africa (Pty) Ltd;;;;;
Absa (Pty) Ltd;;;;;
Absa Alternative Asset Management (Pty) Ltd;;;;;
Absa Asset Management (Pty) Ltd;;;;;
Absa Bank (Mauritius) Limited;;;;;
Absa Bank Botswana;;;;;
Absa Bank Kenya PLC.;;;;;
Absa Bank Limited;;;;;
Absa Bank Ltd;;;;;
Absa Bank Uganda Limited;;;;;
Absa Bank Zambia Plc;;;;;
Absa Group Limited;;;;;
Absa Group Limited  ;;;;;
Absa Idirect Ltd;;;;;
Absa Insurance and Financial Advisers (Pty) Ltd;;;;;
Absa Insurance Risk Management Services Ltd;;;;;
Absa Life Assurance Kenya Ltd ;;;;;
Absa Life Ltd;;;;;
Absa Stockbrokers and Portfolio Management (Pty) Ltd;;;;;
Absa Technology Finance Solutions (Pty) Ltd;;;;;
Absa Vehicle Management Solutions (Pty) Ltd;;;;;
absa.africa.com;;;;;
Absalom Systems South Africa (Pty) Ltd;;;;;
Absan (Pty) Ltd;;;;;
absawealth.com;;;;;
Absol Internet Business Solutions;;;;;
Absolon;;;;;
Absolute Computer Solutions;;;;;
Absolute Holdings Ltd;;;;;
Absolute Logistics;;;;;
Absolute Logistics (Pty) Ltd;;;;;
Absolute Pets (Pty) Ltd;;;;;
Absolute RI SA Investments (Pty) Ltd;;;;;
Absolute Rigging and Transport CC;;;;;
ABT Africa (Pty) Ltd;;;;;
Abu Dhabi Islamic Bank - Egypt SAE;;;;;
Abu Dhabi Islamic Bank PJSC;;;;;
Abu Qir Fertilizers and Chemical Industries Company SAE;;;;;
Abubakar Abdulkareem;;;;;
Abumet Nigeria Ltd;;;;;
ABUNDANCE AT WORK;;;;;
Abuti 1176 CC;;;;;
ABY South Africa (Pty) Ltd;;;;;
AC Braby (Pty) Ltd;;;;;
AC Group Rwanda;;;;;
ac.ac.za;;;;;
ac.az;;;;;
Acacia Capital Markets (SA) (Pty) Ltd;;;;;
Acacia Leasing (Pty) Ltd;;;;;
Acacia Mining Plc;;;;;
Acacia Mining SA (Pty) Ltd;;;;;
Academic and Professional Staff of the University of South Africa;;;;;
Academic Apparel Industries CC;;;;;
Academic Doctors' Association of South Africa;;;;;
Academic Staff Association of Wits University;;;;;
Academic Support Technologies (Pty) Ltd;;;;;
Academy and Bronkhorst;;;;;
Academy Brushware (Pty);;;;;
Academy Brushware (Pty) Ltd;;;;;
Academy for Mathematics and Science (Pty) Ltd;;;;;
Academy of Learning - Pretoria;;;;;
Academy of Pharmaceutical Sciences (Division of Pharmaceutical Society of SA);;;;;
Academy of Science of South Africa (ASSAf);;;;;
Academy Press Plc;;;;;
A-Cap Resources Botswana (Pty) Ltd;;;;;
A-Cap Resources Ltd;;;;;
acbeft.co.za;;;;;
ACCA Nigeria;;;;;
ACCA South Africa;;;;;
Accacias Co Ltd;;;;;
Acceler Global Logistics;;;;;
Acceler Global Logistics Limited;;;;;
Accelerate Property Fund Ltd;;;;;
Accelerate Property Management Company (Pty) Ltd;;;;;
Accelerated Christian Education South Africa;;;;;
Accelerated Education Enterprises;;;;;
Accelerator Fund 1 (Pty) Ltd;;;;;
Accelerator Fund 2 (Pty) Ltd;;;;;
Accelerit Technologies PTY LTD;;;;;
Accelon Nigeria Ltd;;;;;
Accensis (Pty) Ltd.;;;;;
Accentuate Ltd;;;;;
Accenture (South Africa) (Pty) Ltd;;;;;
Accenture Africa (Pty) Ltd;;;;;
Accenture Services (Pty) Ltd;;;;;
Accenture Technology Infrastructure Services (Pty) Ltd;;;;;
Accenture Technology Solutions (Pty) Ltd;;;;;
Access Bank (Gambia) Ltd;;;;;
Access Bank (Ghana) Ltd;;;;;
Access Bank (RD Congo) SARL;;;;;
Access Bank (Zambia) Ltd;;;;;
Access Bank Botswana;;;;;
Access Bank Kenya;;;;;
Access Bank Mozambique;;;;;
Access Bank Plc;;;;;
Access Bank Rwanda Ltd;;;;;
Access Bank Sierra Leone Ltd;;;;;
Access Investment & Securities;;;;;
Access IT Ltd;;;;;
Access Kenya Group Ltd;;;;;
Access Microfinance Bank Tanzania Ltd.;;;;;
Access to Finance Rwanda;;;;;
Access World;;;;;
Access World (Durban) (Pty) Ltd;;;;;
AccessBank Tanzania Limited;;;;;
Acciona Energy South Africa (Pty) Ltd;;;;;
Accomp Computer Systems;;;;;
Accor Kenya;;;;;
Accor Southern Africa;;;;;
ACCORD;;;;;
Accordian Investments (Pty) Ltd;;;;;
AccorHotels;;;;;
Accountants on Site;;;;;
Accounting Central;;;;;
Accounting Solutions Ltd;;;;;
Accounting Standards Board;;;;;
Accra Brewery Ltd;;;;;
Accredited Training Services (ATS);;;;;
Accsys (Pty) Ltd;;;;;
AccTech;;;;;
AccTech Systems;;;;;
acctittude.com.na;;;;;
Accucomp (Pty) Ltd;;;;;
ACDC Dynamics;;;;;
ACDC Express;;;;;
Acdoco SA (Pty) Ltd;;;;;
ACE;;;;;
Ace Fire Fixed Systems (Pty) Ltd;;;;;
Ace Fire Suppression Technologies - Rustenburg (Pty) Ltd;;;;;
Ace Fire Suppression Technologies (Pty) Ltd;;;;;
Ace Personnel Solutions;;;;;
Acentria Group;;;;;
Acepak (Pty) Ltd;;;;;
Acer Africa (Pty) Ltd;;;;;
Acerinox SA;;;;;
ACG Architects (Pty) Ltd;;;;;
ACG Fruit (Pty) Ltd;;;;;
Achievement Awards Group;;;;;
ACI Global Ltd;;;;;
ACI The Financial Markets Association;;;;;
ACI Worldwide, Inc.;;;;;
ACINO INTERNATIONAL AG;;;;;
Ackerman Investment Holdings (Pty) Ltd;;;;;
Ackermans;;;;;
Ackermans (Pty) Ltd;;;;;
ACMA African Commodity Markets CC;;;;;
ACME Salvage (Pty) Ltd;;;;;
ACN Conder;;;;;
ACNielsen Marketing and Media (Pty) Ltd;;;;;
ACO Casting Services South Africa (Pty) Ltd;;;;;
ACO Systems (Pty) Ltd;;;;;
Acol Chemicals (Pvt) Ltd;;;;;
Aconcagua 11 Investments (Pty) Ltd;;;;;
Aconcagua 14 Investments (RF) (Pty) Ltd;;;;;
Aconcagua 21 Investments (Pty) Ltd;;;;;
Aconcagua 32 Investments (Pty) Ltd;;;;;
Acorn Holdings Limited;;;;;
Acorn Pharmaceuticals (Pty) Ltd;;;;;
Acorn Products (Pty) Ltd;;;;;
Acquire Technology Solutions South Africa (Pty) Ltd;;;;;
Acravest;;;;;
ACRM Holdings Group;;;;;
Acrow Misr Formwork and Scaffolding;;;;;
Acsion Ltd;;;;;
Acsis (Pty) Ltd;;;;;
Acsis Licence Group (Pty) Ltd;;;;;
ACT Logistics;;;;;
Acta Media Solutions CC;;;;;
Actavis Holdings South Africa (Pty) Ltd;;;;;
Actemium;;;;;
acthq.co.za;;;;;
acti-chem.com;;;;;
Action Bolt (Pty) Ltd;;;;;
Action Training Academy;;;;;
action4.org.za;;;;;
Actis Africa Ltd;;;;;
Activa Group;;;;;
Activators Marketing Group;;;;;
Active Network Ipico SA (Pty) Ltd;;;;;
Active Tree Fellers CC;;;;;
Active Two Investments (Pty) Ltd;;;;;
Activeline Ltd;;;;;
ActiveOps;;;;;
Activi Deployment Services (Pty) Ltd;;;;;
Activia Park Share Block (Pty) Ltd;;;;;
Activos Capital (Pty) Ltd;;;;;
ACTOM (Pty) Ltd;;;;;
ACTOM Africa (Pty) Ltd;;;;;
ACTOM Investment Holdings (Pty) Ltd;;;;;
ACTOM SA (Pty) Ltd;;;;;
Actor Pharma;;;;;
ACTOWERS Ghana Ltd;;;;;
Acts Christian Church;;;;;
Actuarial Services Ltd;;;;;
Actuarial Society of South Africa;;;;;
Actuary Online (Pty) Ltd;;;;;
Actvest (Pty) Ltd;;;;;
Acucap Properties Ltd;;;;;
Acuity Consultants;;;;;
Acumen Capital (Pty) Ltd;;;;;
ACWA Power Solafrica Bokpoort CSP Power Plant (RF) (Pty) Ltd;;;;;
Ad Dynamo;;;;;
Ad Outpost (Pty) Ltd;;;;;
Ad Outpost Two Thousand and Seven (Pty) Ltd;;;;;
Ad Talent Recruitment Specialists;;;;;
AD Workshop (Pty) Ltd (The);;;;;
Adam Equipment (SA) (Pty) Ltd;;;;;
Adama West Africa Ltd;;;;;
Adams & Adams;;;;;
Adam's Apple (Pty) Ltd;;;;;
Adams Booksellers (Pty) Ltd;;;;;
Adapt IT;;;;;
Adapt IT (Pty) Ltd;;;;;
Adapt IT Energy;;;;;
Adaptis Africa;;;;;
AdaptIT Holdings Ltd;;;;;
AdareHRM;;;;;
ADB Safegate South Africa (Pty) Ltd;;;;;
AdBEE (RF) Ltd;;;;;
ADC Energy;;;;;
Adceng Gas Equipment (Pty) Ltd;;;;;
Adchip Managed Solutions (Pty) Ltd;;;;;
Adcock Ingram;;;;;
Adcock Ingram (Namibia) (Pty) Ltd;;;;;
Adcock Ingram Critical Care (Pty) Ltd;;;;;
Adcock Ingram East Africa Ltd;;;;;
Adcock Ingram Healthcare (Pty) Ltd;;;;;
Adcock Ingram Holdings Ltd;;;;;
Adcock Ingram Ltd;;;;;
Adcorp Advantage (Pty) Ltd;;;;;
ADCORP BLU;;;;;
Adcorp Fulfilment Services (Pty) Ltd;;;;;
Adcorp Holdings Ltd;;;;;
Adcorp Management Services (Pty) Ltd;;;;;
Adcorp Staffing Solutions (Pty) Ltd;;;;;
Adcorp Support Services (Pty) Ltd;;;;;
Adcorp Technical Training (Pty) Ltd;;;;;
Adcorp Workforce Management Solutions (Pty) Ltd;;;;;
Adcorp Workforce Solutions (Pty) Ltd;;;;;
Addax Petroleum Cameroon Limited;;;;;
Addcapital Africa (Pty) Ltd;;;;;
Addclin Research (Pty) Ltd;;;;;
Added Value Group (Pty) Ltd (The);;;;;
added.co.za;;;;;
Addide Supermarket Nigeria Ltd;;;;;
Addis Ababa University;;;;;
Addosser Investment Limited;;;;;
adecco.co.za;;;;;
Adega Restaurants CC;;;;;
Adeline Investments CC;;;;;
Adendorff Machinery Mart CC;;;;;
Adenusi & Company;;;;;
Adept Advisory (Pty) Ltd;;;;;
Adept ICT;;;;;
Adept Solutions;;;;;
ADEX TECHNOLOGY;;;;;
ADfusion Contract Management Services (Pty) Ltd;;;;;
Adias Investments (Pty) Ltd;;;;;
adidas;;;;;
Adidas (South Africa) (Pty) Ltd;;;;;
Adidas AG;;;;;
Adient plc;;;;;
Adient South Africa (Pty) Ltd;;;;;
Adinah Capital Partners (Pty) Ltd;;;;;
Adinga (Pty) Ltd;;;;;
Admin Focus (Pty) Ltd;;;;;
Administrative, Library and Technical Staff Association;;;;;
Admiral Defence Systems (Pty) Ltd;;;;;
Admiral Liability Acceptances (Pty) Ltd;;;;;
adnca.co.za;;;;;
Adobe;;;;;
Adopt A School Foundation;;;;;
Adrap Advertising Technologies (Pty) Ltd;;;;;
ADreach (Pty) Ltd;;;;;
Adrenna Property Group Ltd;;;;;
Adrian Kenya;;;;;
Adrian Kenya Limited;;;;;
ADROIT SOLUTIONS UGANDA;;;;;
Adsend (Pty) Ltd;;;;;
Adspace24;;;;;
Adswitch Plc;;;;;
adtraining.co.za;;;;;
ADVA;;;;;
Advanced Armour Glass (Pty) Ltd;;;;;
Advanced e-Technologies SA;;;;;
Advanced Fluids and Transmissions;;;;;
Advanced Health Ltd;;;;;
Advanced Industrial Technology (Pty) Ltd;;;;;
Advanced Industrial Technology CC;;;;;
Advanced Infrastructure - Engineered Simplicity, Built on Trust;;;;;
Advanced Mining Software Ltd;;;;;
Advanced Options Back to desktop version Back to mobile version;;;;;
Advanced Pharmaceuticals Packaging Company SAE;;;;;
Advanced Product Technology;;;;;
Advanced Technical Sock Industries (Pty) Ltd;;;;;
Advanced Worx 112 (Pty) Ltd;;;;;
AdvanceNet;;;;;
AdvanceNet Pty;;;;;
Advans Cameroon;;;;;
Advans Ghana;;;;;
Advansoft CC;;;;;
Advantage Dynamics;;;;;
Advent Asset Management (Pty) Ltd;;;;;
Advent Construction Ltd;;;;;
Adventum (Pty) Ltd;;;;;
Advertising Benevolent Fund of South Africa;;;;;
Advertising Media Association of Southern Africa;;;;;
Advertising Media Forum;;;;;
Advertising Standards Authority of SA;;;;;
Adviceworx (Pty) Ltd;;;;;
Advisory Council for Occupational Health & Safety;;;;;
advkpillay.co.za;;;;;
Advoca;;;;;
ADvTECH Ltd;;;;;
ADvTECH Resourcing (Pty) Ltd;;;;;
AE Software Solutions;;;;;
AECI;;;;;
AECI (Mauritius) Ltd;;;;;
AECI Botswana (Pty) Ltd;;;;;
AECI Captive Insurance Company Ltd;;;;;
AECI Ghana Ltd;;;;;
AECI Ltd;;;;;
AECI Mining Solutions Ltd;;;;;
AECI Operations Services (Pty) Ltd;;;;;
AECI Shelfco No 1 (Pty) Ltd;;;;;
AECI Treasury Holdings (Pty) Ltd;;;;;
AECOM;;;;;
AECOM Africa (Pty) Ltd;;;;;
AECOM SA (Pty) Ltd;;;;;
AECOM South Africa Holdings (Pty) Ltd;;;;;
aecsa;;;;;
AEE Power (Pty) Ltd;;;;;
AEFE Lycée Lyautey;;;;;
Aegean Bunkering Marine Services (Pty) Ltd;;;;;
Aegis Media South Africa (Pty) Ltd;;;;;
Aegis Outsourcing South Africa (Pty) Ltd;;;;;
AEL (DRC) Sprl;;;;;
AEL Burkina Sarl;;;;;
AEL Investment Holdings (Pty) Ltd;;;;;
AEL Mali Sarl;;;;;
AEL Mining and Chemical Services Namibia (Pty) Ltd;;;;;
AEL Mining Services (Botswana) Ltd;;;;;
AEL Mining Services Ltd;;;;;
AEL Zambia Plc;;;;;
AEMCOR Supply and Trading (Pty) Ltd;;;;;
aemt.co.za;;;;;
Aeon Diamonds (Pty) Ltd;;;;;
AEP Energy Africa Ltd;;;;;
AERIA;;;;;
Aerios (Pty) Ltd;;;;;
Aero Africa (Pty) Ltd;;;;;
Aero Club of South Africa;;;;;
Aerontec;;;;;
Aerosol and Cosmetic Works CC (The);;;;;
Aerosol Manufacturers Association (The);;;;;
Aerosud Holdings (Pty) Ltd;;;;;
Aerosud Innovation Centre (Pty) Ltd;;;;;
Aeroton 51 Share Block (Pty) Ltd;;;;;
Aeroton Steel (Pty) Ltd;;;;;
AES Khanya-KwaZulu Natal (Pty) Ltd;;;;;
Aethyr IT (Pty) Ltd;;;;;
Af Bee Funding SPV (RF) (Pty) Ltd;;;;;
Af MST Funding SPV (RF) (Pty) Ltd;;;;;
Afarak Group Oyj;;;;;
Afarak Mining (Pty) Ltd;;;;;
Afarak Mogale (Pty) Ltd;;;;;
Afarak South Africa (Pty) Ltd;;;;;
AFB (Ghana) Plc;;;;;
AFC Holdings;;;;;
AfChix Women in Technology;;;;;
Afcom Group Ltd;;;;;
Afdis Holdings (Pvt) Ltd;;;;;
Afena Capital (Pty) Ltd;;;;;
AFENET;;;;;
Afferro Mining Inc;;;;;
Affiliated Computer Services South Africa (Pty) Ltd;;;;;
Affinity Business School -;;;;;
Affinity Health;;;;;
affirm.co.za;;;;;
AF-FSL Glass Distributors (Pty) Ltd;;;;;
AFGRI (Pty) Ltd;;;;;
AFGRI Agri Services (Pty) Ltd;;;;;
Afgri Corporation Ltd;;;;;
AFGRI Grain Marketing (Pty) Ltd;;;;;
AFGRI GROUP HOLDINGS;;;;;
AFGRI Holdings (Pty) Ltd;;;;;
AFGRI Operations (Pty) Ltd;;;;;
Afgri Poultry (Pty) Ltd;;;;;
AFGRI Zimbabwe Equipment (Pvt) Ltd;;;;;
AFHCO Holdings (Pty) Ltd;;;;;
Aficionada Protection Services (Pty) Ltd;;;;;
Afinitas Ltd;;;;;
Afiswitch;;;;;
AFL Employee Investments (Pty) Ltd;;;;;
afmagroup.ma;;;;;
Afmetco (Pty) Ltd;;;;;
afmexcargo.co.za;;;;;
Afoodable (Pty) Ltd;;;;;
aforbes.co.je;;;;;
Afplats (Pty) Ltd;;;;;
Afpol;;;;;
AfrAsia Bank Limited;;;;;
AfrAsia Bank Ltd;;;;;
afrefood.co.za;;;;;
Afrequip;;;;;
Afresh Brands Cape (Pty) Ltd;;;;;
Afri Guard (Pty) Ltd;;;;;
Afriboom;;;;;
Afric Industries S.A.;;;;;
Afric Oil (Pty) Ltd;;;;;
Africa;;;;;
Africa 118;;;;;
Africa Automotive Aftermarket Solutions (Pty) Ltd;;;;;
Africa Biomass Company;;;;;
Africa broadcasting Uganda Ltd;;;;;
Africa Cellular Madagascar Sarl;;;;;
Africa Cellular Towers Ltd;;;;;
Africa Cellular Towers Tanzania Ltd;;;;;
Africa Cellular Towers Uganda Ltd;;;;;
Africa Centre;;;;;
Africa Cola Company Ltd;;;;;
Africa Cosmos Empowerment;;;;;
Africa Data Centres;;;;;
Africa Enterprise Challenge Fund;;;;;
Africa Enterprise Challenge Fund (AECF);;;;;
Africa Expeditions Ltd;;;;;
Africa Feeds Zambia Ltd;;;;;
Africa Finance Corporation;;;;;
Africa Floorcare and Promop (Pty) Ltd;;;;;
Africa Fuels & Lubricants Ltd;;;;;
Africa Glass (Botswana) (Pty) Ltd;;;;;
Africa Glass (Namibia) (Pty) Ltd;;;;;
Africa Glass Treasury (Pty) Ltd;;;;;
Africa Global Logistics - Kenya;;;;;
Africa Global Logistics East Africa;;;;;
Africa Health Research Institute;;;;;
Africa Healthcare Network;;;;;
Africa Improved Foods;;;;;
Africa International University;;;;;
Africa Investments Ltd;;;;;
AFRICA Jobs Network;;;;;
Africa News Network (Pty) Ltd;;;;;
Africa Non-profit Chore;;;;;
Africa Oil Corporation;;;;;
Africa People Advisory;;;;;
Africa Personnel Services;;;;;
Africa Pharmacy Lda;;;;;
Africa Pipe Industries (Pty) Ltd;;;;;
Africa Pipe Industries North (Pty) Ltd;;;;;
Africa Practice;;;;;
Africa Prepaid Services (Pty) Ltd;;;;;
Africa Prudential Plc;;;;;
Africa Public Health Foundation;;;;;
Africa Saffer Trading (Mauritius) Ltd;;;;;
Africa Spice (Pty) Ltd;;;;;
Africa Spirit Maize Meal Processing Plant (Pty) Ltd;;;;;
AFRICA SPIRITS LTD;;;;;
Africa Steel Holdings (Pty) Ltd;;;;;
Africa Sun Oil Refineries (Pty) Ltd;;;;;
Africa Surveys;;;;;
Africa Swiss Trading Lda;;;;;
Africa Tower Technologies Sprl;;;;;
Africa University;;;;;
Africa Vision Holdings;;;;;
Africa Works Ventures;;;;;
Africacosmos;;;;;
Africado Ltd;;;;;
africainternational.edu;;;;;
African Actuarial Consultants (Pvt) Ltd;;;;;
African Agenda (Pty) Ltd;;;;;
African Alliance;;;;;
African Alliance Insurance Company Plc;;;;;
African Amines (Pty) Ltd;;;;;
African and Overseas Enterprises Ltd;;;;;
African Aura Resources (Cameroun) Sarl;;;;;
African Bank Ltd;;;;;
African Banking Corporation Ltd;;;;;
African Blessings Community Village;;;;;
African Brick Centre Ltd;;;;;
African Bush Camps;;;;;
African cables - CBI Electric;;;;;
African Carbon Manufacturers (Pty) Ltd;;;;;
African Carbon Producers (Pty) Ltd;;;;;
African Carbon Union (Pty) Ltd;;;;;
African Cargo Handling Ltd;;;;;
African Centre for Water Research CC;;;;;
African Century Ltd;;;;;
African Champion Industries Ltd;;;;;
African Club Innovations Management Association;;;;;
African Commodity Handling (Pty) Ltd;;;;;
African Community Exploration and Development (Pty) Ltd;;;;;
African Compass Trading 682 (Pty) Ltd;;;;;
African Computer Equipment Suppliers;;;;;
African Consultancy For Transportation Security (Pty) Ltd;;;;;
African Copper Plc;;;;;
African Corporate Cleaning (Pty) Ltd;;;;;
African Cotton Industries;;;;;
African Council of Hawkers and Informal Businesses;;;;;
African Crops Ltd;;;;;
African Culture & Community Development Association;;;;;
African Dawn Capital Ltd;;;;;
African Development Bank Group;;;;;
African Diatomite Industries Limited;;;;;
African Distillers Ltd;;;;;
African Dynamics (Pty) Ltd;;;;;
African Dynamics Group (Pty) Ltd;;;;;
African Eagle Cape Town Day Tours (Pty) Ltd;;;;;
African Eagle of Southern African Territories (Pty) Ltd;;;;;
African Eagle Resources Plc;;;;;
African Economic Research Consortium;;;;;
African Educational Distributor;;;;;
African Encounters (Pty) Ltd;;;;;
African Energy (Botswana) (Pty) Ltd;;;;;
African Energy (Mauritius) Pty Ltd;;;;;
African Energy Resources Ltd;;;;;
African Equity Empowerment Investments Ltd;;;;;
African Explosives (Tanzania) Ltd;;;;;
African Explosives (Zimbabwe) (Pvt) Ltd;;;;;
African Explosives Holdings (Pty) Ltd;;;;;
African Export–Import Bank;;;;;
African Extracts (Pty) Ltd;;;;;
African Farmers Association of South Africa;;;;;
African Fine Carbon (Pty) Ltd;;;;;
African Football Confederation (CAF);;;;;
African Global Operations (Pty) Ltd;;;;;
African Gold Group Inc;;;;;
African Guarantee Fund;;;;;
African Health Network (Pty) Ltd;;;;;
African Hive Apiary CC;;;;;
African Impact Safari Operator CC;;;;;
African Independent Brokers;;;;;
African Infrastructure Investment Fund 3 GP (Pty) Ltd;;;;;
African Infrastructure Investment Fund Trust;;;;;
African Infrastructure Investment Managers (Pty) Ltd;;;;;
African John's Company;;;;;
African Kingdom Holdings (Pty) Ltd;;;;;
African Language Association of Southern Africa;;;;;
African Leadership Academy;;;;;
African Legend Investment (Pty) Ltd;;;;;
African Life Assurance (Tanzania) Ltd;;;;;
African Life Financial Services (Zambia) Ltd;;;;;
African Marine Products (Pty) Ltd;;;;;
African Marine Solutions Group (Pty) Ltd;;;;;
African Meat Industry and Allied Trade Union;;;;;
African Media Entertainment Ltd;;;;;
African Medicines (Pty) Ltd;;;;;
African Metals (Pty) Ltd;;;;;
African Minerals Ltd - Tonkolili Project;;;;;
African Mining and Crushing SA;;;;;
African Mining Consultants Ltd;;;;;
African Originals;;;;;
African Oxygen Ltd;;;;;
African Paints (Nigeria) Plc;;;;;
African Parks;;;;;
African Peer Review Mechanism;;;;;
African Phoenix Investments Ltd;;;;;
African Pioneer Group (Pty) Ltd;;;;;
African Population and Health Research Centre (APHRC);;;;;
African Pride Wines (Pty) Ltd;;;;;
African Queen Mines Ltd;;;;;
African Queen Uganda;;;;;
African Rail and Traction Services (Pty) Ltd;;;;;
African Rainbow Capital;;;;;
African Rainbow Capital (Pty) Ltd;;;;;
African Rainbow Capital Investments Ltd;;;;;
African Rainbow Life;;;;;
African Rainbow Minerals Gold Ltd;;;;;
African Rainbow Minerals Ltd;;;;;
African Rainbow Minerals Platinum (Pty) Ltd;;;;;
African Reinsurance Corporation;;;;;
African Reinsurance Corporation (South Africa) Ltd;;;;;
African Resonance Business Solutions (Pty) Ltd;;;;;
African Response (Pty) Ltd;;;;;
African Retail Experience (Pty) Ltd;;;;;
African Risk and Insurance Services Ltd;;;;;
African Ruibies (Pty) Ltd t/a African Rubies;;;;;
African Self-Help Association;;;;;
African Shipping Ltd;;;;;
African Slate Quarries (Pty) Ltd;;;;;
African Star Grain and Milling (Pty) Ltd;;;;;
African Sun Ltd;;;;;
African Sun Ltd PPC (Mauritius);;;;;
African Sun Zimbabwe (Pvt) Ltd;;;;;
African Tarpaulins & Supplies CC;;;;;
African Traction and Associated Technologies (Pty) Ltd;;;;;
African Trade & Investment Development Insurance;;;;;
African Tubes and Pipes (Pty) Ltd;;;;;
African Union for Housing Finance;;;;;
African Unity Life Ltd;;;;;
African Virtual University;;;;;
African Wax (Pty) Ltd;;;;;
African Wildlife Foundation;;;;;
African Wines and Spirits (Pty) Ltd;;;;;
African Women Craft Market CC;;;;;
African-American Institute (The);;;;;
africandiatomite;;;;;
Africaneur (Pty) Ltd;;;;;
Africare Ltd;;;;;
Africary Clean Power (Pty) Ltd;;;;;
Africary Crude (Pty) Ltd;;;;;
Africary Oxygen Company (Pty) Ltd;;;;;
Africary UCG (Pty) Ltd;;;;;
Africa's Best 278 Ltd;;;;;
Africa's Best 350 (Pty) Ltd;;;;;
Africa's Talking;;;;;
africa-union.org;;;;;
Africell Cellular Services (Pty) Ltd;;;;;
Africhoice Tenders CC;;;;;
Africhoice Trading CC;;;;;
AfricInvest Capital Partners East Africa;;;;;
africlouds.africa;;;;;
Africology (Pty) Ltd;;;;;
Africom Commodities (Pty) Ltd;;;;;
AfricSearch;;;;;
Afrideca Construction Group;;;;;
Afrifocus Securities (Pty) Ltd;;;;;
Afriforum;;;;;
AfriForum;;;;;
AfriGIS;;;;;
Afrigrain Trading Ltd;;;;;
Afrihost;;;;;
Afrihost (Pty) Ltd;;;;;
Afrika Tikkun Inc;;;;;
Afrika Tikkun Services (Pty) Ltd;;;;;
Afrikaanse Christelike Vroue Vereeniging;;;;;
Afrikaanse Sakekamer van Brits;;;;;
Afrikaanse Sakekamer van Newcastle;;;;;
Afrikaanse Skrynwerkers - Vereeniging;;;;;
Afrikaanse Taal-en Kultuurvereniging (Die);;;;;
Afrikaner Cattle Breeders Society of South Africa (The);;;;;
afrikatikkun.co.za;;;;;
Afrikelp;;;;;
afrikwazi.com;;;;;
Afriland First Bank Cote d'Ivoire SA;;;;;
Afrilek;;;;;
AFRILOG MALI;;;;;
AFRIMAR SA;;;;;
Afrimat Aggregates (Eastern Cape) (Pty) Ltd;;;;;
Afrimat Aggregates (KZN) (Pty) Ltd;;;;;
Afrimat Aggregates (Operations) (Pty) Ltd;;;;;
Afrimat Aggregates (Trading) (Pty) Ltd;;;;;
Afrimat Concrete Products (Pty) Ltd;;;;;
Afrimat Contracting International (Pty) Ltd;;;;;
Afrimat Limited;;;;;
Afrimat Ltd;;;;;
Afrimat Management Services (Pty) Ltd;;;;;
Afrimat Manufacturing (Pty) Ltd;;;;;
Afrimat Minerals (Pty) Ltd;;;;;
Afrimat Readymix (Cape) (Pty) Ltd;;;;;
Afrimat Readymix Inland (Pty) Ltd;;;;;
Afrimat Share Incentive Trust;;;;;
Afrimat Shared Services (Pty) Ltd;;;;;
Afrimix Ready Mixed Concrete (Pty) Ltd;;;;;
AFRINIC-The Regional Internet Registry for Africa;;;;;
Afrino Breeders Society of South Africa;;;;;
Afriore (Pty) Ltd;;;;;
Afripack (Pty) Ltd;;;;;
AFRIpads Uganda;;;;;
Afripallet CC;;;;;
Afripalm Horizons (Pty) Ltd;;;;;
Afripalm Managed Services (Pty) Ltd;;;;;
Afripalm Resources (Pty) Ltd;;;;;
Afriphone (Pty) Ltd;;;;;
Afriplex (Pty) Ltd;;;;;
Afriquia Gaz S.A.;;;;;
AfriRent (Pty) Ltd;;;;;
Afrisam (South Africa) (Pty) Ltd;;;;;
Afrisam (South Africa) Properties (Pty) Ltd;;;;;
AfriSam SA;;;;;
Afrisol (Pty) Ltd;;;;;
afrisols.co.za;;;;;
Afrison (Pty) Ltd;;;;;
Afrisun Gauteng (Pty) Ltd t/a Carnival City Casino;;;;;
Afrisun Proprietary Limited t/a Sibaya Casino and Entertainment Kingdom;;;;;
Afrit (Pty) Ltd;;;;;
afritct.co.za;;;;;
AfriTorch Digital;;;;;
Afrivet;;;;;
Afriwise Consult Pty Ltd;;;;;
Afriworld 150 CC;;;;;
Afri-Zan Personnel (Pty) Ltd;;;;;
afrizelwe.co.za;;;;;
Afro Hair Dressing and Beauty Employers Association of Southern Africa;;;;;
Afro-Asian Travel Services (Pty) Ltd;;;;;
Afroberg Tobacco Manufacturing (Pty) Ltd;;;;;
Afrocentric Health Limited;;;;;
Afrocentric Investment Corporation Ltd;;;;;
Afrocentrichealth;;;;;
afrocentrichealth.com;;;;;
Afroil Plc;;;;;
Afromedia Plc;;;;;
afrostructures.co.za;;;;;
Afroteq Advisory Pty;;;;;
Afro-Tsion Construction Plc;;;;;
Afrovation (Pty);;;;;
Afrox (Pty) Ltd;;;;;
Afrox African Investments (Pty) Ltd;;;;;
Afrox Lesotho (Pty) Ltd;;;;;
Afrox Malawi Ltd;;;;;
Afrox Mozambique Lda;;;;;
Afrox Properties (Pty) Ltd;;;;;
Afrox Safety (Pty) Ltd;;;;;
Afrox Zambia Ltd;;;;;
Afrox-Africa Oxigenio Lda;;;;;
Afrozaar;;;;;
Afrupro Exporters (Pty) Ltd;;;;;
Afsol Hosting and Ops (Pty) Ltd;;;;;
Afsol Public Transport (Pty) Ltd;;;;;
AFT Aggregates (Pty) Ltd;;;;;
Aftex Exporters CC;;;;;
AFYA FOODS;;;;;
AG Industries Ltd;;;;;
AG International Trading Inc;;;;;
Aga Khan University;;;;;
Aga Khan University Hospital;;;;;
Aganang Document and Printing Solutions (Pty) Ltd;;;;;
Aganang Local Municipality;;;;;
A-Gas;;;;;
A-Gas (South Africa) (Pty) Ltd;;;;;
AGB Nielsen Media Research (South Africa) (Pty) Ltd;;;;;
agbaoumine.com;;;;;
Ag-Chem Africa (Pty) Ltd;;;;;
AGCO Zambia Ltd;;;;;
AGELINE;;;;;
Agence Française de Développement;;;;;
Agencias Generales S.A.;;;;;
Agentimber (Pty) Ltd;;;;;
Agfa (Pty) Ltd;;;;;
Agfa HealthCare South Africa (Pty) Ltd;;;;;
Aggregate Resources Co Ltd;;;;;
Aggreko Energy Rental South Africa (Pty) Ltd;;;;;
AGI Glass (Pty) Ltd;;;;;
AGI Manufacturing (Pty) Ltd;;;;;
Agile business Solutions Limited;;;;;
Agility Holdings (RF) (Pty) Ltd;;;;;
Agility Public Warehousing Company K.S.C.P.;;;;;
Agkri CC;;;;;
AGL Holdings (Pty) Ltd;;;;;
Aglime (Pty) Ltd;;;;;
Aglubricants;;;;;
Agma Lahlou-Tazi SA;;;;;
Agni Steels SA (Pty) Ltd;;;;;
Agora Microfinance Zambia;;;;;
AGP International (Pty) Ltd;;;;;
AGRA - Sustainably Growing Africa's Food Systems;;;;;
Agra Limited Namibia;;;;;
AGRANA Fruit South Africa (Pty) Ltd;;;;;
Agre Insurance Company Ltd;;;;;
Agrex Ltd;;;;;
Agri Organics CC;;;;;
Agri Seed Co Ltd;;;;;
Agri Suid Afrika;;;;;
AgriBank;;;;;
Agribusiness Development Agency;;;;;
Agrico (Pty) Ltd;;;;;
Agricol (Pty) Ltd;;;;;
Agricom Africa Ltd.;;;;;
Agricultural & Rural Development Research Institute;;;;;
Agricultural and Rural Development Authority Zimbabwe;;;;;
Agricultural Bank of Namibia;;;;;
Agricultural Broadbase and Allied National Trade Union;;;;;
Agricultural Business Chamber (The);;;;;
Agricultural Development Bank Ltd;;;;;
Agricultural Economics Association of South Africa;;;;;
Agricultural Finance;;;;;
Agricultural Finance Corporation;;;;;
Agricultural Marketing Authority;;;;;
Agricultural Mining & Industrial Chemical Manufacturers Association;;;;;
Agricultural Produce Agents Council;;;;;
Agricultural Research Council;;;;;
Agricultural Research Council of SA - ARC Infruitec-Nietvoorbij (Institute for Deciduous Fruit Vines & Wine);;;;;
Agricultural Sector Education and Training Authority;;;;;
Agricultural, Food, Fishing and Retail Industry Workers Union;;;;;
Agri-Hub (Pty) Ltd;;;;;
Agri-Invest Freight Pty Ltd;;;;;
Agri-Labor Employers' Organisation;;;;;
Agrimetrics Institute;;;;;
Agrinet (Pty) Ltd;;;;;
Agrisure Financial and Insurance Brokers (Pty) Ltd;;;;;
Agrolinking Solutions;;;;;
AGS Frasers International Removers (Pty) Ltd;;;;;
AGS Worldwide Movers;;;;;
AGT Foods (Pty) Ltd;;;;;
Agua Capital (Pty) Ltd;;;;;
Agua Capital and Equity Partners (Pty) Ltd;;;;;
Agua Capital Partners (Pty) Ltd;;;;;
Agua Tchiowa Lda;;;;;
AguaTerra Lda (Mozambique);;;;;
Agulhas Nominees (Pty) Ltd;;;;;
ahacc.co.za;;;;;
Ahadu Plc;;;;;
AHI Carrier South Africa (Pty) Ltd;;;;;
Ahi Werkgewersorganisasie;;;;;
Ahli United Bank (Egypt) SAE;;;;;
Ahli United Bank BSC;;;;;
Ahlstrom South Africa (Pty) Ltd;;;;;
AHN Pharma (Pty) Ltd;;;;;
AHS Pharmacies (Pty) Ltd;;;;;
Ah-Vest Ltd;;;;;
AICS;;;;;
AIDA National Franchises (Pty) Ltd;;;;;
AIDC Development Centre ESDA;;;;;
AIDS Foundation of South Africa;;;;;
Aids Training Information & Counselling Centre;;;;;
AIfluence;;;;;
AIfluence Inc.;;;;;
AIG Kenya Insurance Company Ltd;;;;;
AIG Life South Africa Ltd;;;;;
AIG South Africa Ltd;;;;;
AIG Uganda Ltd;;;;;
AIGO Holdings PCC;;;;;
AIGS Insights (Pty) Ltd;;;;;
AIICO Capital Ltd;;;;;
AIICO Insurance Plc;;;;;
AIICO Multishield Ltd;;;;;
AIICO Pension Managers Ltd;;;;;
AIIM Seed General Partner (Pty) Ltd;;;;;
AIIM Staff GP (Pty) Ltd;;;;;
Aikona Media (Pty) Ltd;;;;;
AIL Securities Ltd;;;;;
AIM Africa;;;;;
AIM Group;;;;;
Aiming Straight On Trade (Pty) Ltd;;;;;
AIMS Ghana;;;;;
AIMS-NEI Future Of Science Conference;;;;;
Ain Sheim Shareblock Ltd;;;;;
Ainsley Holdings (Pty) Ltd;;;;;
Ainsworth Engineering (Pty) Ltd;;;;;
AIP Prisma;;;;;
Aiports;;;;;
Air & Ground Fiber;;;;;
Air Botswana;;;;;
Air Chefs (SOC) Ltd;;;;;
Air Cote d'Ivoire;;;;;
Air Force of the Democratic Republic of Congo;;;;;
Air France-KLM SA;;;;;
Air Kasai Sprl;;;;;
Air Line Pilots' Association South Africa;;;;;
Air Liquide (Pty) Ltd;;;;;
Air Liquide Botswana;;;;;
Air Liquide Cote d'Ivoire;;;;;
Air Liquide Global E and C Solutions South Africa (Pty) Ltd;;;;;
Air Liquide Healthcare (Pty) Ltd;;;;;
Air Liquide Large Industries (Pty) Ltd;;;;;
Air Liquide Tunisie SA;;;;;
Air Mascareignes (Pty) Ltd;;;;;
Air Mauritius Ltd;;;;;
Air Products South Africa;;;;;
Air Products South Africa (Pty) Ltd;;;;;
Air Tanzania Company Limited;;;;;
Air Traffic and Navigation Services Company Ltd;;;;;
Air Zimbabwe;;;;;
Airbus DS Optronics;;;;;
Airbus Helicopters Southern Africa (Pty) Ltd;;;;;
aircom.co.za;;;;;
Aircraft Finance;;;;;
Aircraft Homebuilders Association of South Africa;;;;;
Aircraft Maintenance Organisation of South Africa;;;;;
Aircraft Owners and Pilots Association of South Africa;;;;;
Airetronic;;;;;
Airfast Congo Sprl;;;;;
Airfreight Courier Transport Logistics;;;;;
Airgro (Pty) Ltd;;;;;
Airlines Association of Southern Africa;;;;;
Airlink (Pty) Limited;;;;;
Airlink Cargo International (Pty) Ltd;;;;;
airmeetevents.com;;;;;
Airomatic Commercial Refrigeration (Pty) Ltd;;;;;
airpoets.co.za;;;;;
Airport Handling Services (Pty) Ltd;;;;;
airport.co.za;;;;;
Airports Company of South Africa;;;;;
Airports Company South Africa SOC Ltd;;;;;
airports992.co.za;;;;;
AirQuarius Contracts (Pty) Ltd;;;;;
Airstream Compressors;;;;;
Air-Tec Global;;;;;
Airtel;;;;;
Airtel  Mobile Commerce (Rwanda) Ltd ;;;;;
Airtel  Mobile Commerce Ltd;;;;;
Airtel Africa Services (UK) Limited, Dubai Branch;;;;;
Airtel Burkina Faso SA;;;;;
Airtel Congo S.A;;;;;
Airtel DTH Services (Sierra Leone) Ltd;;;;;
Airtel DTH Services Burkina Faso SA;;;;;
Airtel DTH Services Congo (RDC) Sprl;;;;;
Airtel DTH Services Congo SA;;;;;
Airtel DTH Services Gabon SA;;;;;
Airtel DTH Services Ghana Ltd;;;;;
Airtel DTH Services Madagascar SA;;;;;
Airtel DTH Services Malawi Ltd;;;;;
Airtel DTH Services Niger SA;;;;;
Airtel DTH Services Tanzania Ltd;;;;;
Airtel DTH Services TChad SA;;;;;
Airtel DTH Services Uganda Ltd;;;;;
Airtel Gabon S.A.;;;;;
Airtel Ghana Ltd;;;;;
AIRTEL INTERNATIONAL LLP;;;;;
Airtel Madagascar SA;;;;;
Airtel Malawi Limited;;;;;
Airtel Mobile Commerce B.V.;;;;;
Airtel Mobile Commerce Burkina Faso SA;;;;;
Airtel Mobile Commerce Ghana Ltd;;;;;
Airtel Mobile Commerce Ltd;;;;;
Airtel Mobile Commerce Madagascar SA;;;;;
Airtel Mobile Commerce Malawi Ltd;;;;;
Airtel Mobile Commerce Seychelles Limited OU;;;;;
Airtel Mobile Commerce Tanzania Ltd;;;;;
Airtel Mobile Commerce Tchad SARL;;;;;
Airtel Mobile Commerce Uganda Ltd;;;;;
Airtel Mobile Commerce Uganda Ltd ;;;;;
Airtel Mobile Commerce Zambia Ltd;;;;;
Airtel Mobile Niger S.A;;;;;
Airtel Money (RDC) S.A;;;;;
Airtel Money (RDC) SPRL;;;;;
Airtel Money Kenya Ltd;;;;;
Airtel Money Niger SA;;;;;
Airtel Money S.A;;;;;
Airtel Money Tanzania Ltd ;;;;;
AIRTEL NETWORKS KENYA LIMITED;;;;;
Airtel Networks Limited;;;;;
Airtel Networks Zambia PLC;;;;;
Airtel Nigeria Ltd - dormant;;;;;
Airtel RDC S.A.;;;;;
Airtel Rwanda Limited OU;;;;;
Airtel Seychelles Limited OU;;;;;
Airtel Tanzania Limited OU;;;;;
Airtel Tchad SA;;;;;
Airtel Towers (Ghana) Ltd;;;;;
Airtel Towers SL Company Ltd;;;;;
Airtel Uganda Limited OU;;;;;
Airtel Zambia;;;;;
Airtrack Adventures (Pty) Ltd;;;;;
Airvent Airconditioning and Ventilation (Pty) Ltd;;;;;
Airvent Cape Contracts (Pty) Ltd;;;;;
airwaves.co.za;;;;;
aisworthattorneys.co.za;;;;;
Ajah Distribution Company Ltd;;;;;
Ajax Manufacturing (Pty) Ltd;;;;;
AJEAST Nigeria Ltd;;;;;
AJP Mostert en Seuns CC;;;;;
Ajua;;;;;
Ajwa for Food Industries Co SAE;;;;;
AKA Risk Management Specialists CC;;;;;
Akacia Medical;;;;;
Akacia Medical (Pty) Ltd;;;;;
Akademia;;;;;
Akafin;;;;;
Akagera Business Group;;;;;
AkageraBusinessGroup;;;;;
Akasia Bolt and Nut Rosslyn (Pty) Ltd;;;;;
AKE Mining Equipment (Pty) Ltd;;;;;
Akeeli;;;;;
Akesa Technologies (Pty) Ltd;;;;;
Akha Izwe Consultants CC;;;;;
Akhani Technologies;;;;;
Akiba Commercial Bank;;;;;
Akilanga (Pty) Ltd;;;;;
Akili Labs (Pty);;;;;
Akola;;;;;
Akulu-Marchon (Pty) Ltd;;;;;
Akute Power Ltd;;;;;
Akwa Group;;;;;
Akwandze Agricultural Finance (Pty) Ltd;;;;;
Akzo Nobel Car Refinishes (Pty) Ltd;;;;;
Akzo Nobel Powder Coatings South Africa (Pty) Ltd;;;;;
Akzonobel South Africa (Pty) Ltd;;;;;
Al Ahli for Development and Investment SAE;;;;;
Al Ahram Beverages;;;;;
Al Ahram Beverages Company;;;;;
Al Arafa For Investment & Consultancies SAE;;;;;
Al Baraka Bank Egypt SAE;;;;;
Al Baraka Bank Ltd;;;;;
Al Baraka Bank Sudan;;;;;
Al Baraka Banking Group BSC;;;;;
Al Clad Interiors;;;;;
Al Ezz Ceramics and Porcelain Company SAE;;;;;
Al Ezz Dekheila Steel Company - Alexandria SAE;;;;;
Al Ezz Flat Steel Company SAE;;;;;
Al Falaah College;;;;;
Alacrity;;;;;
Al-Amien Foods CC;;;;;
Alandick Africa;;;;;
Al-Ansar Center for Comprehensive Education, Kano, Nigeria;;;;;
Alaris  Antennas (Pty) Ltd;;;;;
Alaris Antennas;;;;;
Alaris Holdings Ltd;;;;;
Alausa Power Ltd;;;;;
Alberante Motor Holdings CC;;;;;
Albert Lourens Properties CC;;;;;
Albertina Bay Technologies;;;;;
Albertinia Afrikaanse Sakekamer;;;;;
Alberton Industries' Association;;;;;
Albertonse Afrikaanse Sakekamer;;;;;
Albi Investment Group Services (Pty) Ltd;;;;;
Albinism Society of South Africa;;;;;
Alcatel-Lucent;;;;;
Alcatel-Lucent South Africa (Pty) Ltd;;;;;
Alchemex Pty;;;;;
Alclad Shopfitting;;;;;
ALCM Solutions (Pty) Ltd;;;;;
Alcohol & Molasses Export Ltd;;;;;
Alcoholics Anonymous;;;;;
Alcon Laboratories (South Africa) (Pty) Ltd;;;;;
Alcon Marepha (Pty) Ltd;;;;;
Aldhaki.com;;;;;
Aldo US Inc;;;;;
ALEFBET HOLDINGS;;;;;
Alemayehu Ketema General Contractor;;;;;
Alensy Energy Solutions (Pty) Ltd;;;;;
Alere Inc;;;;;
Alert Engine Parts (Division of Imperial Group Ltd);;;;;
Alert Steel Holdings Ltd;;;;;
alertstationers.com;;;;;
Alerzo Limited;;;;;
Alex Bank;;;;;
Alex White and Company (Pty) Ltd;;;;;
Alex White Investments (Pty) Ltd;;;;;
Alexander Forbes Accident Verification Unit (Pty) Ltd;;;;;
Alexander Forbes Acquisition (Pty) Ltd;;;;;
Alexander Forbes Administration Services (Pty) Ltd;;;;;
Alexander Forbes Consulting Actuaries Nigeria Ltd;;;;;
Alexander Forbes Direct (Pty) Ltd;;;;;
Alexander Forbes Emerging Markets (Pty) Ltd;;;;;
Alexander Forbes Fiduciary Services Ltd;;;;;
Alexander Forbes Financial Planning Consultants (Pty) Ltd;;;;;
Alexander Forbes Financial Services (Botswana) (Pty) Ltd;;;;;
Alexander Forbes Financial Services (East Africa) Ltd;;;;;
Alexander Forbes Financial Services (Pty) Ltd;;;;;
Alexander Forbes Financial Services Holdings (Pty) Ltd;;;;;
Alexander Forbes Financial Services Namibia (Pty) Ltd;;;;;
Alexander Forbes Financial Services Uganda Ltd;;;;;
Alexander Forbes Group and Technology Services (Pty) Ltd;;;;;
Alexander Forbes Group Holdings Limited;;;;;
Alexander Forbes Group Services (Pty) Ltd;;;;;
Alexander Forbes Health (Pty) Ltd;;;;;
Alexander Forbes Individual Client Administration (Pty) Ltd;;;;;
Alexander Forbes Insurance Company Ltd;;;;;
Alexander Forbes Investments Administrations (Pty) Ltd;;;;;
Alexander Forbes Investments Holdings Ltd;;;;;
Alexander Forbes Investments Ltd;;;;;
Alexander Forbes Investments Trustee (Pty) Ltd;;;;;
Alexander Forbes Investments Unit Trusts Ltd;;;;;
Alexander Forbes Life Ltd;;;;;
Alexander Forbes Ltd;;;;;
Alexander Forbes Malawi Ltd;;;;;
Alexander Forbes Management Services (Pty) Ltd;;;;;
Alexander Forbes Mozambique Lda;;;;;
Alexander Forbes Nominees (Pty) Ltd;;;;;
Alexander Forbes Offshore;;;;;
Alexander Forbes Preference Share Investments Ltd;;;;;
Alexander Forbes Retail Client Administration (Pty) Ltd;;;;;
Alexander Forbes Retail Holdings (Pty) Ltd;;;;;
Alexander Forbes Risk and Insurance Services (Pty) Ltd;;;;;
Alexander Forbes Risk Services (Botswana) (Pty) Ltd;;;;;
Alexander Forbes Risk Services (Pvt) Ltd;;;;;
Alexander Forbes Risk Services Namibia (Pty) Ltd;;;;;
Alexander Forbes South Africa Holdings (Pty) Ltd;;;;;
Alexander Forbes Zambia Ltd;;;;;
Alexander Proudfoot South Africa (Pty) Ltd;;;;;
Alexandra-Randburg-Midrand-Sandton Taxi Association;;;;;
Alexandria Company for Pharmaceuticals and Chemical Industries SAE;;;;;
Alexandria Container and Cargo Handling Company SAE;;;;;
Alexandria Flour Mills and Bakeries Company SAE;;;;;
Alexandria Mineral Oils Company SAE;;;;;
Alexandria National Company for Financial Investment SAE;;;;;
Alexandria New Medical Center SAE;;;;;
Alexandria Portland Cement Company SAE;;;;;
Alexandria Spinning and Weaving Company SAE;;;;;
Alexkor SOC Ltd;;;;;
Alfa Laval (Pty) Ltd;;;;;
Alfa Laval SA (Pty) Ltd;;;;;
Alfacam Africa (Pty) Ltd;;;;;
Alfacam SA (Pty) Ltd;;;;;
Alfluorco (Pty) Ltd;;;;;
Alfred Duma Local Municipality;;;;;
Alfred Nzo District Municipality;;;;;
Alfred Teves Brake Systems (Pty) Ltd;;;;;
Alfredos Restaurant;;;;;
ALG Estates;;;;;
Algemene en Aanverwante Nywerhede Werkgewersorganisasie;;;;;
ALGERIA;;;;;
Algoa Bay Council for the Aged;;;;;
Algoa Bus Company (Pty) Ltd;;;;;
Algoa Roller Mills CC;;;;;
Alico Egypt;;;;;
ALIOS CI;;;;;
Alisa Car Sales (Pty) Ltd;;;;;
Alisom;;;;;
AliSom;;;;;
Alisped SA (Pty) Ltd;;;;;
Alistair Group;;;;;
Alkara 329 (Pty) Ltd;;;;;
Alkara 330 (Pty) Ltd;;;;;
Alkara 334 (Pty) Ltd;;;;;
Al-Kato Construction Co Ltd;;;;;
All About Project Management (Pty) Ltd;;;;;
All About Xpert (Pty) Ltd;;;;;
All African Languages Redevelopment Institute;;;;;
All Craze 20 (Pty) Ltd;;;;;
All Hair Africa (Pty) Ltd;;;;;
All Life Insurance;;;;;
All Technologies Access and Parking (Pty) Ltd;;;;;
All The Best Trading CC;;;;;
All Timber Sales CC;;;;;
All4Labels South Africa (Pty) Ltd;;;;;
Allan Gray (Pty) Ltd;;;;;
Allan Gray Group (Pty) Ltd;;;;;
Allan Gray Investment Services (Pty) Ltd;;;;;
Allan Gray Life Ltd;;;;;
Allan Gray Orbis Foundation;;;;;
Allan Gray Property Trust;;;;;
Allan Gray South Africa (Pty) Ltd;;;;;
Allan Gray Unit Trust Management (RF) (Pty) Ltd;;;;;
Allana Potash Corporation;;;;;
Allcopy Publishers (no HR department);;;;;
Allegiance Consulting;;;;;
Allegra Healthcare Management Solutions;;;;;
allems.co.za;;;;;
Allen & Overy (South Africa) LLP;;;;;
Allen & Overy LLP;;;;;
Allen and Overy (South Africa) Inc;;;;;
Allen Photo CC;;;;;
Aller Aqua Zambia;;;;;
Allergan;;;;;
Allergy Society of South Africa;;;;;
Alliance Autos Nigeria Ltd;;;;;
Alliance for a Green Revolution in Africa Research (AGRA);;;;;
Alliance for Children's Entitlement to Social Security (The);;;;;
Alliance Francaise in Southern Africa;;;;;
Alliance Freight (Pty) Ltd;;;;;
Alliance Group Holdings Ltd;;;;;
Alliance HCM (Pty) Ltd;;;;;
Alliance International Export Company (Pty) Ltd;;;;;
Alliance Mining Corporation Ltd;;;;;
Alliance One Tobacco Tanzania Limited;;;;;
Alliances Developpement Immobilier SA;;;;;
Allianz;;;;;
Allianz Egypt;;;;;
Allianz Global Corporate and Specialty of Africa (Pty) Ltd;;;;;
Allianz Global Corporate and Specialty South Africa Ltd;;;;;
Allianz Insurance Company of Kenya Limited;;;;;
Allied Air Ltd;;;;;
Allied Business Association;;;;;
Allied Business Solutions;;;;;
Allied Cargo (Pty) Ltd;;;;;
Allied Chemical and Steel (Pty) Ltd;;;;;
Allied computers Limited;;;;;
Allied Elevator Company (Pty) Ltd;;;;;
Allied Health Professions Council of South Africa (The);;;;;
Allied Healthcare Association of South Africa ;;;;;
Allied Production Industries (Pty) Ltd;;;;;
Allied Publishing (Pty) Ltd;;;;;
Allied Steelrode (Pty) Ltd;;;;;
Allied Workers and Transport Union;;;;;
Allifa Spices 2004 (Pty) Ltd;;;;;
alljoy.co.za;;;;;
AllLife Pty;;;;;
Allmech CC;;;;;
Allmuss Botswana (Pty) Ltd;;;;;
Allmuss Lesotho (Pty) Ltd;;;;;
Allmuss Properties (Uganda) Ltd;;;;;
Allmuss Properties Kenya Ltd;;;;;
Allmuss Properties Namibia (Pty) Ltd;;;;;
Allmuss Properties Zambia Ltd;;;;;
allonline365;;;;;
Allos Consulting (Pty) Ltd;;;;;
All-Over Connection (Pty) Ltd (The);;;;;
Alloverprops (Pty) Ltd;;;;;
Alloys Power Generation (Pty) Ltd;;;;;
AllPay Consolidated Investment Holdings (Pty) Ltd;;;;;
Allsopps (EA) Sales Ltd;;;;;
Allsurvey Industrial (Pty) Ltd;;;;;
Allwear (Pty) Ltd;;;;;
Allyson Lawless and Associates (Pty) Ltd;;;;;
Allyung CC;;;;;
Alma Investments Company Ltd;;;;;
Alma Mater International School;;;;;
almacambridge.org.za;;;;;
ALMAR Container Group;;;;;
Almar's Canvass CC;;;;;
Almasi Beverages Ltd;;;;;
Almaz Agro SA (Pty) Ltd;;;;;
Almin Metal Industries;;;;;
Almusa engineering and technical;;;;;
aln.africa;;;;;
Alnet (Pty) Ltd;;;;;
Aloetravel;;;;;
Alpen Food Company South Africa (Pty) Ltd;;;;;
Alpha Asset Management (Pty) Ltd;;;;;
Alpha Fine Foods Limited;;;;;
Alpha Mead Group;;;;;
Alpha Pharm (KZN) (Pty) Ltd;;;;;
Alpha Pharm (Pty) Ltd;;;;;
Alpha Pharm East Cape (Pty) Ltd;;;;;
Alpha Pharm Western Cape (Pty) Ltd;;;;;
Alpha Plast (Pty) Ltd;;;;;
alphaharm.co.za;;;;;
Alphamin Resources Corporation;;;;;
Alphapharmacies;;;;;
Alpine Volkswagen Pinetown;;;;;
ALPLA Trading SA (Pty) Ltd;;;;;
alpla.co.za;;;;;
Alplas Shutters and Louvres (Pty) Ltd;;;;;
Alrode Tyre Den (Pty) Ltd;;;;;
alron.com;;;;;
Al's Clothing CC;;;;;
Al's Kitchen;;;;;
Alsitime (Pty) Ltd;;;;;
ALSTOM Africa Holdings (Pty) Ltd;;;;;
Alstom Electrical SA (Pty) Ltd;;;;;
ALSTOM Power Service (Pty) Ltd;;;;;
ALSTOM S and E Africa (Pty) Ltd;;;;;
Alstom SA;;;;;
ALSTOM Southern Africa Holdings (Pty) Ltd;;;;;
ALSTOM Transport Holdings SA (Pty) Ltd;;;;;
Alstom Ubunye (Pty) Ltd;;;;;
alstomgroup.com;;;;;
Alt Re Capital Management (Pty) Ltd;;;;;
Altac South Africa (Pty) Ltd;;;;;
Altair Properties (Pty) Ltd;;;;;
altech;;;;;
Altech Alcom Radio Distributors (Pty) Ltd;;;;;
Altech Autopage Cellular (Pty) Ltd;;;;;
Altech Fleetcall;;;;;
Altech Fleetcall (Pty) Ltd;;;;;
Altech Information Technologies (Pty) Ltd;;;;;
Altech Multimedia (Pty) Ltd;;;;;
Altech Netstar (Pty) Ltd;;;;;
Altech Radio Holdings (Pty) Ltd;;;;;
Altech Stream Rwanda Ltd;;;;;
Altech UEC;;;;;
Altech UEC South Africa (Pty) Ltd;;;;;
Altech West Africa Ltd;;;;;
Alteo Ltd;;;;;
Alter Domus;;;;;
Alternative Dispute Resolution Association of SA;;;;;
Alternatives Africa;;;;;
Altimax;;;;;
Altimax (Pty) Ltd;;;;;
ALTON;;;;;
Altotraining;;;;;
Altro Limited;;;;;
Altron Digital Business  -  A Division of Altron TMT (Pty) Ltd;;;;;
Altron Document Solutions;;;;;
Altron Document Solutions, a division of Altron TMT (Pty) Lt;;;;;
Altron Finance (Pty) Ltd;;;;;
Altron FinTech - NuPay;;;;;
Altron Fintech ACS, a division of Altron TMT (Pty) Ltd;;;;;
Altron Fintech, a division of Altron TMT (Pty) Ltd;;;;;
Altron Healthtech a Division of Altron TMT;;;;;
Altron Investment Holdings (Pty) Ltd;;;;;
Altron Karabin;;;;;
Altron Karabina;;;;;
Altron Leasing and Finance (Pty) Ltd;;;;;
Altron Managed Solutions;;;;;
Altron Managed Solutions, a division of Altron TMT (Pty) Ltd;;;;;
Altron Management Services (Pty) Ltd;;;;;
Altron Nexus;;;;;
Altron Nexus (Pty) Ltd;;;;;
Altron One (Pty) Ltd;;;;;
Altron One Finance Acceptances (Pty) Ltd;;;;;
Altron One Finance Solutions (Pty) Ltd;;;;;
Altron One Investment Holdings (Pty) Ltd;;;;;
Altron One Management Services (Pty) Ltd;;;;;
Altron One Vehicle Leasing and Finance (Pty) Ltd;;;;;
Altron People Solutions;;;;;
Altron Power International Holdings (Pty) Ltd;;;;;
Altron Systems Integration A divison of Altron TMT (Pty) Ltd;;;;;
Altron Systems Integration, a division of Altron TMT (Pty) L;;;;;
Altron TMT;;;;;
Altron TMT (Pty) Ltd;;;;;
Altron TMT Holdings (Pty) Ltd;;;;;
Altron TMT Management Services (Pty) Ltd;;;;;
Altron TMT SA Group (Pty) Ltd;;;;;
altron.co;;;;;
Altstadt Printing CC;;;;;
Altula Ltd;;;;;
Alucart;;;;;
alucouple.com;;;;;
Alufer Mining Ltd;;;;;
Aluglass Bautech;;;;;
Alumaco Plc;;;;;
Aluminium Can Recycling Association;;;;;
Aluminium Du Maroc S.A.;;;;;
Aluminium Extrusion Industries Plc;;;;;
Aluminium Federation of South Africa;;;;;
Aluminium Glass Industries (Mauritius) Ltd;;;;;
Aluminium Stockists & Distributors Association;;;;;
Alusi Management Company (Pty) Ltd;;;;;
Alustyle;;;;;
Aluwani Capital Partners (Pty) Ltd;;;;;
Aluworks Ltd;;;;;
Alvarita CC;;;;;
Alvern Cables (Pty) Ltd;;;;;
Alvic Builders Tanzania Ltd;;;;;
Alviva Holdings Ltd;;;;;
Alviva Shared Management Services (Pty) Ltd;;;;;
Always On IT;;;;;
Alwin Lehner Plastics - ALPLA (Pty) Ltd;;;;;
Alzheimer's South Africa;;;;;
Alzu Ondernemings (Pty) Ltd;;;;;
am2pm.co.za;;;;;
am360connect;;;;;
Ama Casa Props 78 (Pty) Ltd;;;;;
amabamba.co.za;;;;;
Amada Asset Management (Pty) Ltd;;;;;
Amadeus Global Travel Distribution Southern Africa (Pty) Ltd;;;;;
Amadeus Integrated Solutions (Pty) Ltd;;;;;
Amafu Technologies;;;;;
Amagrain Ltd (Zambia);;;;;
Amagratings (PTY) Ltd;;;;;
Amahlathi Local Municipality;;;;;
amahle.com;;;;;
Amajuba District Municipality;;;;;
Amakoya Livestock Network (Pty) Ltd;;;;;
Amalahle Exploration (Pty) Ltd;;;;;
Amalahle Resources (Pty) Ltd;;;;;
Amalgamated Appliances (Pty) Ltd;;;;;
Amalgamated Automobile Distributors (Pty) Ltd;;;;;
Amalgamated Beverage Industires - JHB;;;;;
Amalgamated Brands;;;;;
Amalgamated Electronic Corporation Ltd;;;;;
Amalgamated Employers Association;;;;;
Amalgamated Engineering Solutions (Pty) Ltd;;;;;
Amalgamated Metals Recycling (Pty) Ltd;;;;;
Amalgamated Pharmaceuticals Ltd;;;;;
Amalgamated Regional Trading (ART) Holdings Ltd;;;;;
Amalgamated Roofing Technologies (Pty) Ltd;;;;;
Amalgamated Tobacco Corporation (South Africa) (Pty) Ltd;;;;;
Amalgamated Tobacco Manufacturing (Pty) Ltd;;;;;
Amalgamated Union of Building Trade Workers of South Africa;;;;;
Amalgamated Welding and Cutting Holdings (Pty) Ltd;;;;;
Amana Bank Ltd;;;;;
Amandla Emicabango Investments (Pty) Ltd;;;;;
Amandlentokozo Trading Enterprise CC;;;;;
Amani African Spas (Pty) Ltd;;;;;
Amanzi Starway (Pty) Ltd;;;;;
amap.co.za;;;;;
Amaphiko Ejuba Transport Enterprises CC;;;;;
Amara Mining (Mali) Ltd;;;;;
Amara Technologies (Mauritius) Ltd;;;;;
Amaraka Investments No 37 (Pty) Ltd;;;;;
Amari Coal (Pty) Ltd;;;;;
Amarjnet Consults;;;;;
amarofoods.co.za;;;;;
Amarosa Trading (Pty) Ltd;;;;;
amasibeverages.co.ke;;;;;
Amasondo Fleet Services (Pty) Ltd;;;;;
Amatheon Agri Zambia Ltd;;;;;
Amathole District Municipality;;;;;
Amathole Forestry Company (Pty) Ltd;;;;;
Amatikulu Farms Co-Opertive Ltd;;;;;
Amatola Water Board;;;;;
Amatuli Fine Art CC;;;;;
Amazing Grace Private School;;;;;
Amazon Web Service South Africa (PTY) Ltd;;;;;
Amazon.Com Inc;;;;;
Amazwi Otex (Pty) Ltd;;;;;
Ambase Investment Africa (Botswana) (Pty) Ltd;;;;;
Ambase Investment Africa (DRC) (Pty) Ltd;;;;;
Ambase Investment Africa (Mozambique) (Pty) Ltd;;;;;
Ambase Investment Africa (Namibia) (Pty) Ltd;;;;;
Ambase Investment Africa (Tanzania) (Pty) Ltd;;;;;
Ambase Investment Africa (Zambia) (Pty) Ltd;;;;;
Amber Moon Trading 9 (Pty) Ltd;;;;;
Amber Mountain Investments 12 (Pty) Ltd;;;;;
Amber Mountain Investments 3 (Pty) Ltd;;;;;
Amber Products CC;;;;;
Ambit Properties Ltd;;;;;
Ambition 24 Hours (Pty) Ltd;;;;;
Ambition Recruitment Services Ltd;;;;;
Ambo Mineral Water SC;;;;;
Amboni Plantations Ltd;;;;;
Amboni Spinning Mill Ltd;;;;;
AMC Classic (Pty) Ltd;;;;;
AMC Fruit RSA (Pty) Ltd;;;;;
AMC Holdings (Pty) Ltd;;;;;
amce;;;;;
AmCham Egypt;;;;;
Amcor Flexibles South Africa (Pty) Ltd;;;;;
Amdec 02 (Pty) Ltd;;;;;
Amdec 03 (Pty) Ltd;;;;;
Amdec 08 (Pty) Ltd;;;;;
Amdec Group Holdings (Pty) Ltd;;;;;
Amdec Investments (Pty) Ltd;;;;;
Amdec Property Developments (Pty) Ltd;;;;;
Amdec Property Investments (Pty) Ltd;;;;;
Amdec Residential Developments (Pty) Ltd;;;;;
Amdocs Ltd;;;;;
ameafrica.com;;;;;
AMEC Foster Wheeler Properties (Pty) Ltd;;;;;
Amec Foster Wheeler South Africa (Pty) Ltd;;;;;
Amecus;;;;;
Amen Bank SA;;;;;
Amer Group Holding Co SAE;;;;;
American Automobile Association;;;;;
American Bureau of Shipping (ABS);;;;;
American Chamber of Commerce in South Africa;;;;;
American Cigarette Company (Overseas) Ltd;;;;;
American Eagle Motorcycles CC;;;;;
American Express International;;;;;
American International School of Cape Town;;;;;
American International School of Johannesburg;;;;;
American Shutters (Pty) Ltd;;;;;
American Tower;;;;;
American University of Iraq - Baghdad;;;;;
Ameropa Commodities (Pty) Ltd;;;;;
Amethst (Pty) Ltd;;;;;
Amex Autoparts Ltd;;;;;
amglive.co.za;;;;;
AMGT ACADEMY;;;;;
AMH Africa (Pty) Ltd;;;;;
amh group;;;;;
Amhara;;;;;
AMIC Trading (Pty) Ltd;;;;;
Amicom (Pty) Ltd;;;;;
Amigo Foods Ltd;;;;;
Amina's Wonder Spice Trust;;;;;
Amini Management Ltd;;;;;
Amiran Kenya Ltd;;;;;
Amiran Zambia Limited;;;;;
Amitruck;;;;;
Amity International School;;;;;
AMJ Electrical;;;;;
Amka Holdings (Pty) Ltd;;;;;
Amka International (Pty) Ltd;;;;;
Amka Products (Pty) Ltd;;;;;
Amka Products Manufacturers (Pty) Ltd;;;;;
AMM Clothing (Pty) Ltd;;;;;
AMM Props (Pty) Ltd;;;;;
Ammunition and Allied Workers Union;;;;;
AMO Group;;;;;
Amorim Cork S A (Pty) Ltd;;;;;
Ampa Group (Pty) Ltd;;;;;
Ampa Plastics Group (Pty) Ltd;;;;;
Ampath Laboratories;;;;;
Ampersand Asset Management (Pty) Ltd;;;;;
amplmarket.com;;;;;
Ampros (Pty) Ltd;;;;;
AMR Automations (Pty) Ltd;;;;;
AMR Gold Ltd;;;;;
Amref Health Africa;;;;;
Amref Health Africa (Kenya);;;;;
Amrichprop 2 Properties (Pty) Ltd;;;;;
Amrod;;;;;
amrodgroup.co.za;;;;;
Amrop;;;;;
AMSCO;;;;;
amsl-africa.com;;;;;
Amsted Rail Africa (Pty) Ltd;;;;;
Amuseng Resources;;;;;
Amway South Africa (Pty) Ltd;;;;;
Anadarko Petroleum Corporation;;;;;
Anaergia Africa (Pty) Ltd;;;;;
Anaesthetic Foundation (The);;;;;
Anaf Commercial Services;;;;;
Anafield Investments (Pty) Ltd;;;;;
Analysys Mason Ltd;;;;;
Analyte Consulting;;;;;
Analyze Consulting;;;;;
Anana Ltd;;;;;
Anaré;;;;;
Anat Falafel and Shwarma CC;;;;;
Anat Foods (Pty) Ltd;;;;;
Anatomical Society of Southern Africa;;;;;
anbisa.org.za;;;;;
ANC Parliamentary Caucus;;;;;
Anchor Africa;;;;;
Anchor Capital (Pty) Ltd;;;;;
Anchor Capital Advisors;;;;;
Anchor Group Ltd;;;;;
Anchor Private Clients (Pty) Ltd;;;;;
Anchor Property Maintanance (Pty) Ltd;;;;;
Anchor Property Maintenance;;;;;
Anchor Technical Tapes CC;;;;;
Anchor Wine & Yeast;;;;;
Anchor Zedo Outdoor CC;;;;;
Anchored Solutions;;;;;
anchorlite.co.za;;;;;
Anchorprops 134 (Pty) Ltd;;;;;
ANCOR;;;;;
And Beyond Holdings (Pty) Ltd;;;;;
And Beyond South Africa (Pty) Ltd;;;;;
And Beyond South Africa Travel (Pty) Ltd;;;;;
Andalusite Resources (Pty) Ltd;;;;;
Andersen and Hurley Instruments (SA) (Pty) Ltd;;;;;
Anderson Transport - We set the standard;;;;;
andettagroup.com;;;;;
Andra Manufacturing (Pty) Ltd.;;;;;
Andrada Mining;;;;;
André Imbayago;;;;;
Andreas Salver Manufacturing Jewellers CC;;;;;
Andreas STIHL (Pty) Ltd;;;;;
Andreoli Shoes CC;;;;;
Andrew Mentis (Pty) Ltd;;;;;
Andrew Mentis Holdings (Pty) Ltd;;;;;
Andrew Tyler Inc;;;;;
Andritz Delkor (Pty) Ltd;;;;;
Andritz Hydro (Pty) Ltd;;;;;
andru mining;;;;;
Andulela Investment Holdings Ltd;;;;;
Andy T Projects (Pty) Ltd;;;;;
Anew Hotels & Resorts;;;;;
anfasoulutions.com;;;;;
Angaza;;;;;
Angelo Kater Motor Trimmers (Pty) Ltd;;;;;
Angle Orange;;;;;
Anglo African Finance (Pty) Ltd;;;;;
Anglo African Outstaffing (Pty) Ltd;;;;;
Anglo African Trading (Pty) Ltd;;;;;
Anglo American EMEA Shared Services (Pty) Ltd;;;;;
Anglo American Farms (Pty) Ltd;;;;;
Anglo American Farms Investment Holdings Ltd;;;;;
Anglo American Group Employee Shareholder Nominees (Pty) Ltd;;;;;
Anglo American Inyosi Coal (Pty) Ltd;;;;;
Anglo American Platinum Ltd;;;;;
Anglo American Plc;;;;;
Anglo American Properties Ltd;;;;;
Anglo American Prospecting Services (Pty) Ltd;;;;;
Anglo American SA Finance Ltd;;;;;
Anglo American Sebenza Fund (Pty) Ltd;;;;;
Anglo American SEFA Mining Fund (Pty) Ltd;;;;;
Anglo American South Africa Investments (Pty) Ltd;;;;;
Anglo American South Africa Ltd;;;;;
Anglo American Zimele (Pty) Ltd;;;;;
Anglo American Zimele Community Fund (Pty) Ltd;;;;;
Anglo American Zimele Green Fund (Pty) Ltd;;;;;
Anglo Cape Property Fund Ltd;;;;;
Anglo Coal Investment Africa (Botswana) (Pty) Ltd;;;;;
Anglo Corporate Enterprises (Pty) Ltd;;;;;
Anglo Corporate Services South Africa;;;;;
Anglo Corporate Services South Africa (Pty) Ltd;;;;;
Anglo Dutch Holdings (Pty) Ltd;;;;;
Anglo Medical Scheme;;;;;
Anglo Operations (Pty) Ltd;;;;;
Anglo Platinum Management Services (Pty) Ltd;;;;;
Anglo South Africa (Pty) Ltd;;;;;
Anglo South Africa Capital (Pty) Ltd;;;;;
Anglo South African Consolidated Diamond Investments (Pty) Ltd;;;;;
Anglo V3 Crane Hire (Pty) Ltd;;;;;
angloamercian.com;;;;;
AngloGold Ashanti (Ghana) Ltd;;;;;
AngloGold Ashanti (Iduapriem) Ltd;;;;;
AngloGold Ashanti Health (Pty) Ltd;;;;;
AngloGold Ashanti Ltd;;;;;
AngloGold Ashanti Namibia (Pty) Ltd;;;;;
AngloGold Environmental Rehabilitation Trust;;;;;
AngloGold Kolomela;;;;;
AngloGold Kumba;;;;;
AngloGold Limited Employees' Share and Debenture Trust;;;;;
angloplat.com;;;;;
angoamerican.com;;;;;
Angola LNG Ltd;;;;;
Anheuser-Busch InBev;;;;;
Anheuser-Busch InBev SA/NV;;;;;
Anheuser-Busch LLC;;;;;
Anhui Foreign Economic Construction (Group) Co Ltd;;;;;
anica-tech.com;;;;;
Anida Clothing Manufacturer CC;;;;;
Animal Anti-Cruelty League;;;;;
Animal Feed Manufacturers Association;;;;;
Animal Nutrition & Animal Products Institute;;;;;
Animal Rescue Organisation;;;;;
Animal Welfare Society of South Africa;;;;;
Animate Solutions Services Limited;;;;;
Anino International Plc;;;;;
anitatyldesley.co.za;;;;;
Anjarwalla & Khanna;;;;;
Anjavanbeek;;;;;
Anker Coal and Mineral Holdings South Africa (Pty) Ltd;;;;;
Anker Coal Sales And Export (Pty) Ltd;;;;;
Ankerdata;;;;;
Anlin Shipping (Pty) Ltd;;;;;
Anlo Engineering and Mining Supplies (Pty) Ltd;;;;;
Ann;;;;;
Ann Harding Cheshire Homes;;;;;
Anna Design Studio CC;;;;;
Annabelle Tricots CC;;;;;
Annex Distribution (Pty) Ltd;;;;;
Annie Mercer Placements;;;;;
Annique Health and Beauty (Pty) Ltd;;;;;
Annique Rooibos;;;;;
Annison 45 (Pty) Ltd;;;;;
Annuity Properties (Pty) Ltd;;;;;
ANOH Gas Processing Company (AGPC) Limited;;;;;
Anohgas;;;;;
Anova Health Institute;;;;;
Anova Health Institute NPC;;;;;
ANPA Jewels CC;;;;;
AnR Engineering;;;;;
Anrol Ontwikkelingsmaatskappy (Pty) Ltd;;;;;
Anson Holdings (RF) (Pty) Ltd;;;;;
Anstan Technologies CC;;;;;
ANSUTEN;;;;;
Ansys Ltd;;;;;
antalis_SA;;;;;
Antelope Wholesale Merchants Ltd;;;;;
Anthology Inc;;;;;
Anthurium & Orchids Ltd;;;;;
Antimony Products (Pty) Ltd;;;;;
Anton Paar Southern Africa (Pty) Ltd;;;;;
Antony;;;;;
Anvil Premium Finance (Pty) Ltd;;;;;
Anvil Shield Group;;;;;
Anyaj Trading CC;;;;;
Anytime Investment Ltd;;;;;
AO Holdings;;;;;
a-o-a.co.za;;;;;
Aokumo Inc;;;;;
AOLC On-line (Pty) Ltd;;;;;
aon;;;;;
Aon;;;;;
Aon Consulting South Africa (Pty) Ltd;;;;;
Aon Holdings Sub Sahara Africa (Pty) Ltd;;;;;
Aon Kenya Insurance Brokers Ltd;;;;;
Aon Limpopo (Pty) Ltd;;;;;
Aon Re Africa (Pty) Ltd;;;;;
Aon Risk Services South Africa (Pty) Ltd;;;;;
Aon South Africa (Pty) Ltd;;;;;
AON Worldaware (Pty) Ltd;;;;;
aonhewitt.mu;;;;;
AOS;;;;;
AOSIS (Pty);;;;;
AP Akademie;;;;;
AP Arabella (Pty) Ltd;;;;;
AP Moller - Maersk A/S;;;;;
AP Mount Grace (Pty) Ltd;;;;;
AP Oil and Gas Ghana Ltd;;;;;
APA Insurance Ltd;;;;;
APA PULA;;;;;
Apache Corporation;;;;;
Apag;;;;;
Apapa SPM Ltd;;;;;
Aparel & Textile Associatios of SA;;;;;
APC Storage Solutions SA (Pty) Ltd;;;;;
apeco.co.za;;;;;
Apex;;;;;
Apex (Eastern Nigeria) Ltd;;;;;
Apex Business Systems;;;;;
Apex Cordset Technologies (Pty) Ltd;;;;;
Apex Group;;;;;
Apex Steel Ltd.;;;;;
Apex Valves South Africa (Pty) Ltd;;;;;
ApexHi Properties Ltd;;;;;
Aphelion;;;;;
Apio Group;;;;;
Apis;;;;;
APM Terminals IS Cape Town (Pty) Ltd;;;;;
APM Terminals IS Durban (Pty) Ltd;;;;;
APM Terminals IS Johannesburg (Pty) Ltd;;;;;
APM Terminals Southern Africa (Pty) Ltd;;;;;
APM Terminals Tangier SA;;;;;
APM Terminals Trucking South Africa (Pty) Ltd;;;;;
Apollo Advisors (Pty) Ltd;;;;;
Apollo Agriculture;;;;;
Apollo Brick (Pty) Ltd;;;;;
Apollo Life Assurance Limited;;;;;
Apollo Tyres Africa (Pty) Ltd;;;;;
Apollo.io;;;;;
Appaloosa Horse Breeders' Society of South Africa;;;;;
Apparel Component Manufacturers (Pty) Ltd;;;;;
Appleby Instrumentation (SA) (Pty) Ltd;;;;;
Appleby Solutions Ltd t/a Axiz Trading Zambia;;;;;
Appletiser SA (Pty) Ltd.;;;;;
Appletiser South Africa (Pty) Ltd;;;;;
Applied Media Logic (Pty) Ltd T/A Zenith Optimedia;;;;;
Applogix (Pty) Ltd;;;;;
Appraisal Corporation CC;;;;;
Apprentice Valley (Pty) Ltd (The);;;;;
Approve Gain Investments (Pty) Ltd;;;;;
APPSolve;;;;;
apros.co.za;;;;;
aproteaa.co.za;;;;;
APS Technologies Ltd;;;;;
apsap.co.za;;;;;
APSO;;;;;
Aptronics;;;;;
Aptronics (Pty);;;;;
AQ Roses Plc;;;;;
AQEP-1 Africa;;;;;
aqslt.co.za;;;;;
Aqua Online (Pty) Ltd;;;;;
Aqua Options (Pty) Ltd;;;;;
Aqua Transport and Plant Hire (Pty) Ltd;;;;;
aquaconsult.co.za;;;;;
Aquaculture Association of Southern Africa;;;;;
Aquaculture Innovations CC;;;;;
Aquaculture Institute of South Africa;;;;;
Aquadam (Pty) Ltd;;;;;
Aqualia DPI Ltd;;;;;
AquaQuad (Pty) Ltd;;;;;
Aquarella Investments 272 (Pty) Ltd;;;;;
Aquarelle Clothing Ltd;;;;;
aquarelle-clothing.com;;;;;
Aquarius Platinum Ltd;;;;;
Aquasol Agrocom Southern Africa (Pty) Ltd;;;;;
Aqunion (Pty) Ltd;;;;;
AR Manufacturing Jewellers (Pty) Ltd;;;;;
Arab Aluminum Company SAE;;;;;
Arab Banking Corporation Algeria;;;;;
Arab Banking Corporation BSC;;;;;
Arab Banking Corporation Egypt SAE;;;;;
Arab Banking Corporation Tunisia;;;;;
Arab Ceramic Co-Ceramica Remas SAE (The);;;;;
Arab Contractors Osman Ahmed Osman & Co;;;;;
Arab Dairy Products Company SAE (The);;;;;
Arab Drug Company for Pharmaceuticals and Chemical Industries SAE;;;;;
Arab Engineering Industries SAE;;;;;
Arab Horse Society of South Africa;;;;;
Arab Moltaqa Investments Company SAE;;;;;
Arab Polvara Spinning and Weaving Company SAE;;;;;
Arab Real Estate Investment Company SAE;;;;;
Arab Tunisian Bank SA;;;;;
Arab Tunisian Lease SA;;;;;
Arab Valves Company SAE;;;;;
Arabia Cotton Ginning Company SAE;;;;;
Arabia Investments Development & Financial Investment Holding Company SAE;;;;;
Arabian Cement Company SAE;;;;;
Araf Industries;;;;;
Aramex;;;;;
Aramex South Africa (Pty) Ltd;;;;;
Aranda Textile Mills (Pty) Ltd;;;;;
Araucan Properties (Pty) Ltd;;;;;
ARB Electrical Wholesalers (Pty) Ltd;;;;;
ARB Global (Pty) Ltd;;;;;
ARB Holdings Ltd;;;;;
Arbico Plc;;;;;
Arbitration Foundation of SA;;;;;
Arbor Acres South Africa (Pty) Ltd;;;;;
ARC Animal Production Institute;;;;;
ARC Flash Personal Protective Clothing (Pty) Ltd;;;;;
Arc South Africa;;;;;
Arcades Development Plc;;;;;
Arcadia Hotel;;;;;
Arcay Investment Portfolio (Pty) Ltd;;;;;
arcelik.com;;;;;
ArcelorMittal African Investments;;;;;
Arcelormittal Liberia Ltd;;;;;
ARCELORMITTAL SOUTH AFRICA;;;;;
Arcelormittal South Africa;;;;;
ArcelorMittal South Africa Distribution (Pty) Ltd;;;;;
ArcelorMittal South Africa Ltd;;;;;
ArcelorMittal South Africa Operations (Pty) Ltd;;;;;
Arcelormittal South Africa1;;;;;
Arcfyre International (Pty) Ltd;;;;;
ARCH Holdings;;;;;
Arch Software;;;;;
Archaean Gold (Liberia) Inc;;;;;
Archai Human Capital;;;;;
Archemics Ltd;;;;;
Archer Daniels Midland Co;;;;;
Archer Daniels Midland Company South Africa (Pty) Ltd;;;;;
Archer Digital;;;;;
Architects & Surveyors Institute (SA Branch);;;;;
Architects of Culture;;;;;
Architectural Design Associates Group (Pty) Ltd;;;;;
archivsystem.co.ke;;;;;
ARC-Institute for Tropical and Subtropical Crops (The);;;;;
Arctic Chill (Pty) Ltd;;;;;
Arctic Sun Trading 17 (Pty) Ltd;;;;;
Arctocel (Pty) Ltd;;;;;
Arcturus Manufacturing (Pty) Ltd;;;;;
Ardagh Glass Packaging Kenya;;;;;
Ardagh Glass Packaging South Africa (Pty) Ltd;;;;;
Ardent Maritime Africa (Pty) Ltd;;;;;
ardentgrp.co.za;;;;;
Ardor SA Ltd;;;;;
Areeba Guinea SA;;;;;
Arena Holdings;;;;;
Arena Props 40 (Pty) Ltd;;;;;
Areva SA;;;;;
Argent Industrial Ltd;;;;;
Argent Steel Group (Pty) Ltd;;;;;
Argento Trading 125 (Pty) Ltd;;;;;
Argitekte Celliers Greyvenstein CC;;;;;
Argon Asset Management (Pty) Ltd;;;;;
Argonaut Financial Services (Pty) Ltd;;;;;
argonautconsulting.co.za;;;;;
Argyle Poultry Farms (Pty) Ltd;;;;;
Ari Fund (Pty) Ltd (The);;;;;
arielglaser.org.mz;;;;;
Arifu;;;;;
Arik Air Ltd;;;;;
Arindo Holdings (Mauritius) Ltd;;;;;
Arion;;;;;
Arion Continental Africa Technologies (Pty) Ltd;;;;;
ariport.co.za;;;;;
Aristocrats Tea & Coffee Exporters;;;;;
Ariston Holdings Ltd;;;;;
Ariva Lte;;;;;
Ariva Rentals (Pty) Ltd;;;;;
Ariviakom (Pty) Ltd;;;;;
Arjo;;;;;
ARK - Zimbabwe;;;;;
Ark Inflatables CC;;;;;
Arkema;;;;;
Arkitects of Culture;;;;;
Arlington Properties (Pvt) Ltd;;;;;
Arlive Leisure Group (Pty) Ltd;;;;;
ARM (Tanzania) Ltd;;;;;
ARM Cement Ltd;;;;;
ARM Coal (Pty) Ltd;;;;;
ARM Treasury Investments (Pty) Ltd;;;;;
Armaments Corporation of South Africa;;;;;
Armaments Corporation of South Africa SOC Ltd;;;;;
Armcoil Afrika;;;;;
ArmCoil Afrika (Pty) Ltd;;;;;
Armgold Harmony Joint Investment Company (Pty) Ltd;;;;;
Armour Systems and Projects (Pty) Ltd;;;;;
Armstrong Building Contractors (Pty) Ltd;;;;;
Arnold Chatz Motors (Pty) Ltd;;;;;
Arnott Panels (Pty) Ltd;;;;;
ARO (Assurances Reassurance Omnibranches);;;;;
Aroma Liquors (Paarl) (Pty) Ltd;;;;;
Aromatherapy Association of South Africa;;;;;
Aros;;;;;
arports.co.za;;;;;
Arqaam Capital South Africa (Pty) Ltd;;;;;
ARRB Systems  Africa  Pty Ltd;;;;;
ARRB Systems Africa;;;;;
arrbsa.com;;;;;
arrbsystemssa.co.za;;;;;
Arrear Trading 101 (Pty) Ltd;;;;;
Arriba Technologies (Pty) Ltd;;;;;
Arrow Altech Distribubution (Pty) Ltd;;;;;
Arrow Bearings (Witbank) (Pty) Ltd;;;;;
Arrow Coaches CC;;;;;
Arrow Electronics, Inc.;;;;;
Arrow Lighting (Pty) Ltd;;;;;
arrowcc.co.za;;;;;
Arrowhead Properties Ltd;;;;;
Art Corporation Ltd;;;;;
Art M Clothing CC;;;;;
Art of Africa CC;;;;;
Artcaffe;;;;;
Artcaffe Market;;;;;
Artee Industries Ltd;;;;;
Artemis Brands (Pty) Ltd;;;;;
Arthur Kaplan (Pty) Ltd;;;;;
Arti Volt SA (Pty) Ltd;;;;;
Artmar Natural Stone Tiles CC;;;;;
Artscape;;;;;
ARTsolar (Pty) Ltd;;;;;
Aru Game Lodge (Pty) Ltd;;;;;
Arundel Village (Pvt) Ltd;;;;;
Arup (Pty) Ltd;;;;;
Arwa (Pty) Ltd;;;;;
Arwyp Medical Centre;;;;;
Arwyp Properties (Pty) Ltd;;;;;
Arxo Logistics (Pty) Ltd;;;;;
Arxo Metals (Pty) Ltd;;;;;
Arysta do Brasil;;;;;
Arysta LifeScience Holdings SA (Pty) Ltd;;;;;
Arysta LifeScience Kenya Ltd;;;;;
Arysta LifeScience South Africa (Pty) Ltd;;;;;
AS Auto Glass CC;;;;;
AS Burstein Management Ltd;;;;;
AS Essa Family Trust;;;;;
ASA International Kenya Ltd.;;;;;
Asa Meat (SA) (Pty) Ltd;;;;;
ASA Talent & Succession Management Solutions;;;;;
Asaak;;;;;
Asaba Airport Compnay;;;;;
Asahi CE & Europe Services s.r.o;;;;;
Asambo Employers' Organisation;;;;;
Asanko Gold Inc;;;;;
Asante Tech Group;;;;;
ASC Services (Pty) Ltd;;;;;
Ascencia Ltd;;;;;
Ascendis Financial Services Ltd;;;;;
Ascendis Health Ltd;;;;;
Ascendis Management Services;;;;;
Ascendis Pharma (Pty) Ltd;;;;;
Ascendis Supply Chain (Pty) Ltd;;;;;
ascendismedical.com;;;;;
Ascension Properties Ltd;;;;;
Ascent Management Consultants (Pty) Limited;;;;;
Ascent Technology;;;;;
Ascentys;;;;;
ASD Hosiery (Pty) Ltd;;;;;
Asek Company for Mining SAE;;;;;
ASGC Group;;;;;
Ash Brook Investments 72 (Pty) Ltd;;;;;
Ashakacem Plc;;;;;
Ashburton Fund Managers (Pty) Ltd;;;;;
Ashburton Fund Managers Nominees (RF) (Pty) Ltd;;;;;
Ashburton Investor Services (Pty) Ltd;;;;;
Ashburton Management Company (RF) (Pty) Ltd;;;;;
Ashburton Private Equity GP 1 (Pty) Ltd;;;;;
Ashburton SA Credit Co-Investment Fund 1 (RF) Ltd;;;;;
ashburycollege.co.za;;;;;
Ashesi University;;;;;
Ashkan Consulting (Pty) Ltd;;;;;
Ashmina Ltd;;;;;
Ashok Leyland Ltd, Kenya;;;;;
Ashton International College Ballito;;;;;
Asikhulume Training & Development Pty Ltd;;;;;
ASIS International;;;;;
Asisa Academy;;;;;
AskAfrika (Pty) Ltd;;;;;
ASL Business Solutions;;;;;
ASL Group;;;;;
Aslo Holdings (Pty) Ltd;;;;;
Asmall and Sons (Pty) Ltd;;;;;
Asman;;;;;
ASO Savings & Loans Plc;;;;;
ASP Rope Access;;;;;
ASPASA;;;;;
Aspen Global Inc;;;;;
Aspen Logistic Services (Pty) Ltd;;;;;
Aspen Nutritionals (Pty) Ltd;;;;;
Aspen Pharmacare Holdings Ltd;;;;;
aspenp.com;;;;;
aspenpharm.com;;;;;
aspenpharma.co;;;;;
aspepharma.com;;;;;
Aspira (Cim Credit Kenya);;;;;
Aspire Architects (Pty) Ltd;;;;;
Aspire Group;;;;;
ASSA ABLOY;;;;;
ASSA ABLOY (SA) (Pty) Ltd;;;;;
ASSA ABLOY Holdings (SA) Ltd;;;;;
Assagay Coffee CC;;;;;
ASSC, a division of Adcorp Management Services (Pty) Ltd;;;;;
Assegai Strategic Investments  Pty) Ltd;;;;;
Assessment & Development Services;;;;;
Asset Management Corporation of Nigeria;;;;;
Assign Services (Pty) Ltd;;;;;
Assiut Islamic Trading Company SAE;;;;;
Assmang  (Pty) Ltd;;;;;
Assmang (Pty) Ltd – Black Rock Mine Operations;;;;;
assmangchrome.co.za;;;;;
Associated Battery Manufacturers EA (ABM Group);;;;;
Associated Commercial Company Ltd;;;;;
Associated Energy Services (Pty) Ltd;;;;;
Associated Fruit Processors (Pty) Ltd;;;;;
Associated Industries (Pty) Ltd;;;;;
Associated Lifts (Pty) Ltd;;;;;
Associated Motor Holdings (Pty);;;;;
Associated Printing (Pty) Ltd;;;;;
Associated Spinners (Pty) Ltd;;;;;
Associated Vehicle Assemblers Limited;;;;;
Association for Autism;;;;;
Association for Childbirth & Parenthood;;;;;
Association for Communication and Advertising;;;;;
Association for Dietetics in South Africa;;;;;
Association for French Studies in Southern Africa;;;;;
Association for German Studies in Southern Africa;;;;;
Association for Homeschooling;;;;;
Association for Office Professionals of South Africa (The);;;;;
Association for Operations Management of Southern Africa (The);;;;;
Association for Rural Advancement;;;;;
Association for the Advancement of Black Accountants of Southern Africa;;;;;
Association for the Aged (The);;;;;
Association for the Physically Disabled - Greater Johannesburg;;;;;
Association for Training and Resources for Early Education;;;;;
Association for Visual Arts Gallery;;;;;
Association for Water and Rural Development;;;;;
Association of Accounting Technicians (SA);;;;;
Association of Administrative & Library Staff;;;;;
Association of Arbitrators Southern Africa (The);;;;;
Association of Architectural Aluminium Manufacturers of South Africa;;;;;
Association of Arts Pretoria;;;;;
Association of Black Securities and Investment Professionals;;;;;
Association of Building Societies of SA;;;;;
Association of Cambridge Educators in Southern Africa;;;;;
Association of Cementitious Material Producers;;;;;
Association of Chartered Certified Accountants (South Africa) (The);;;;;
Association of Collective Investments (The);;;;;
Association of Electric Cable Manufacturers of South Africa;;;;;
Association of Independent Record Companies (AIRCO);;;;;
Association of Industries of Angola;;;;;
Association of Meat Importers and Exporters;;;;;
Association of Mine Managers South Africa;;;;;
Association of Mineworkers and Construction Union;;;;;
Association of Mining Industry Human Resources Practitioners;;;;;
Association of Motorcycle Importers and Distributors (The);;;;;
Association of Plastic and Reconstructive Surgeons of Southern Africa;;;;;
Association of Private Providers of Education Training and Development;;;;;
Association of Rotational Moulders of Southern Africa;;;;;
Association of Sales and Merchandising Companies;;;;;
Association of South African Quantity Surveyors;;;;;
Association of Southern African Travel Agents;;;;;
Association of Steel Tube and Pipe Manufacturers of South Africa;;;;;
Association of Veterinary and Crop Associations of South Africa;;;;;
Assore;;;;;
Assore Ltd;;;;;
Assumption Convent;;;;;
Assumption Convent School;;;;;
Assupol Holdings Ltd;;;;;
Assupol Investment Holdings (Pty) Ltd;;;;;
Assupol Life Ltd;;;;;
assupol.com;;;;;
Assurance ARO;;;;;
AST Safetywear CC;;;;;
Astec Industries Inc;;;;;
Astel;;;;;
Astel Projects;;;;;
Astellas Pharma (Pty) Ltd;;;;;
Asteroids Entertainment (Pty) Ltd ;;;;;
Astom CourierService;;;;;
Astoria Bakery (Pty) Ltd;;;;;
Astoria Investments Ltd;;;;;
Astra Chemical (Pvt) Ltd;;;;;
Astra Industries Ltd;;;;;
Astraia Technology;;;;;
Astral Foods Ltd;;;;;
Astral Operations Ltd;;;;;
Astrapak Exports (Pty) Ltd;;;;;
Astrapak Finance Company (Pty) Ltd;;;;;
Astrapak Investments (Pty) Ltd;;;;;
Astrapak Manufacturing Holdings (Pty) Ltd;;;;;
Astrapak Property Development (Pty) Ltd;;;;;
Astrapak Property Holdings (Pty) Ltd;;;;;
Astrapak Western Cape (Pty) Ltd;;;;;
AstraZeneca Pharmaceuticals (Pty) Ltd;;;;;
Astron Energy;;;;;
Astron Energy (Pty) Ltd;;;;;
astronenergy.com;;;;;
astronenery.co.za;;;;;
Astron-Kestrel Hotels (Pty) Ltd;;;;;
Astus;;;;;
astusconsultng.co.za;;;;;
Astute FSE;;;;;
asus;;;;;
ASUSTek Computer Inc;;;;;
At Velocity Logistics (Pty) Ltd;;;;;
Atalian;;;;;
Atamelang Bus Transport (Pty) Ltd;;;;;
atasa.org.za;;;;;
ATC;;;;;
ATC Africa Shared Services (Pty) Ltd;;;;;
ATC African Travel Concept (Pty) Ltd;;;;;
ATC Kenya;;;;;
ATC South Africa Investment Holdings (Pty) Ltd;;;;;
ATC South Africa Services (Pty) Ltd;;;;;
ATC South Africa Wireless Infrastructure II (Pty) Ltd;;;;;
ATC Tower (Ghana) Limited;;;;;
ATC Uganda;;;;;
atckenya.ke;;;;;
ATC-Meetings and Conferences (Pty) Ltd;;;;;
AtComm;;;;;
atcorp.co.za;;;;;
Ateliers Mecaniques Du Sahel SA;;;;;
Athena Properties;;;;;
Athi River Mining Cement Limited;;;;;
ATI;;;;;
ATIB;;;;;
atics.mu;;;;;
Atigh Building Construction Company Ltd;;;;;
ATIO Corporation (Pty) Ltd;;;;;
Atisa Securities (Pty) Ltd;;;;;
Atka Trading 62 (Pty) Ltd;;;;;
Atlantic Asset Management (Pty) Ltd;;;;;
Atlantic Aviation Ltd;;;;;
Atlantic Cleaners CC;;;;;
Atlantic Forwarding SA PTY;;;;;
Atlantic Harvesters of Namibia (Pty) Ltd;;;;;
Atlantic Hedge Investments (Pty) Ltd;;;;;
Atlantic Internet Services (Pty) Ltd;;;;;
Atlantic Leaf Properties Ltd;;;;;
Atlantic Microfinance For Africa;;;;;
Atlantic Plastic Recycling CC;;;;;
Atlantic Specialised Finance (Pty) Ltd;;;;;
Atlantic Works Ltd;;;;;
Atlantique Assurances Cameroon - IARDT;;;;;
Atlantis Foundries (Pty) Ltd;;;;;
Atlantis Sand Sales CC;;;;;
Atlas African Industries Ltd;;;;;
Atlas Consolidated Industries (Pty) Ltd;;;;;
Atlas Copco;;;;;
Atlas Copco Afrique Centrale SA;;;;;
Atlas Copco Algerie SpA;;;;;
Atlas Copco Angola Lda;;;;;
Atlas Copco Burkina Faso Sarl;;;;;
Atlas Copco Eastern Africa Ltd;;;;;
Atlas Copco Equipment Egypt SAE;;;;;
Atlas Copco Investment Company (Pty) Ltd;;;;;
Atlas Copco Maroc SA;;;;;
Atlas Copco Namibia (Pty) Ltd;;;;;
Atlas Copco Nigeria Ltd;;;;;
Atlas Copco Senegal SARL;;;;;
Atlas Finance Pty Ltd;;;;;
Atlas For Land Reclamation & Agricultural Processing SAE;;;;;
Atlas Mara;;;;;
Atlas Minerals (Botswana) (Pty) Ltd;;;;;
Atlas Organic Fertilisers (Pty) Ltd;;;;;
Atlas Plastics (Pty) Ltd;;;;;
Atlas Properties Ltd;;;;;
Atlatsa Resources Corporation;;;;;
atlron.com;;;;;
ATM Solutions;;;;;
Atmosphere Communications (Pty) Ltd;;;;;
ATMSOL (Pty) Ltd;;;;;
ATNS;;;;;
atol.aero;;;;;
Atom;;;;;
ATOM Myanmar Limited;;;;;
Atomatic Trading (Pty) Ltd;;;;;
atomgate.com;;;;;
Atomic Gaming;;;;;
Atos Cote D'Ivoire;;;;;
Atos North Africa;;;;;
Atos Syntel Inc.;;;;;
ATR South African Training Center (Pty) Ltd;;;;;
ATRS;;;;;
ATS South Africa Services (Pty) Ltd;;;;;
Attachmate Group South Africa (Pty) Ltd;;;;;
Attaclay (Pty) Ltd;;;;;
Attacq Ltd;;;;;
Attacq Management Services (Pty) Ltd;;;;;
Attacq Waterfall Investment Company (Pty) Ltd;;;;;
Attain Enterprise Solutions;;;;;
Atterbury Parkdev Consortium (Pty) Ltd;;;;;
Atterbury Property (Pty) Ltd;;;;;
Atterbury Property One (Pty) Ltd;;;;;
Attfund Ltd;;;;;
Attijari Bank SA;;;;;
Attijari Leasing SA;;;;;
Attijariwafa bank;;;;;
Attijariwafa Bank SA;;;;;
Attitude Hospitality Ltd;;;;;
Attitude Hospitality Management Ltd;;;;;
Attooh Administrators (Pty) Ltd;;;;;
att-tyres.co.za;;;;;
Attventure (Pty) Ltd;;;;;
Atvance Intellect ZA;;;;;
atWork;;;;;
Auburn Avenue Trading 88 (Pty) Ltd;;;;;
Auchan Retail;;;;;
Aucor Auctioneers;;;;;
Auction Alliance Gauteng (Pty) Ltd;;;;;
Audacia Stellenbosch Market (Pty) Ltd;;;;;
Audatex SA (Pty) Ltd;;;;;
Audi;;;;;
Audi South Africa;;;;;
Audio Computer World;;;;;
Audio Fever (Pty) Ltd;;;;;
Audiobility;;;;;
audiocomputerworld.co.za;;;;;
Audit Bureau of Circulations of South Africa (The);;;;;
Auditor-General of South Africa;;;;;
August Lapple South Africa (Pty) Ltd;;;;;
Augusta Steel (Pty) Ltd;;;;;
Aunde South Africa;;;;;
AUNDE South Africa (Pty) Ltd;;;;;
Aunde-Tap (Pty) Ltd;;;;;
Aurecon Ghana;;;;;
Aurecon Mozambique Lda;;;;;
Aurecon South Africa (Pty) Ltd;;;;;
Aurex Constructors (Pty) Ltd;;;;;
Aurobindo Pharma (Pty) Ltd;;;;;
Aurora-Rietvlei Solar Power (RF) (Pty) Ltd;;;;;
Aurum Institute (The);;;;;
auruminstitite.org;;;;;
Aury Africa (Pty) Ltd;;;;;
Ausco Finance (Pty) Ltd;;;;;
Ausco Services (Pty) Ltd;;;;;
Austell Laboratories (Pty) Ltd;;;;;
Austin Laz & Company Plc;;;;;
Austral Marine (Pty) Ltd;;;;;
Australian Youth Orchestra;;;;;
Austria Connection CC;;;;;
Austrian Coffee Estate CC;;;;;
Austro;;;;;
Austro (Pty) Ltd;;;;;
Auto and General Insurance Company (RF) Ltd;;;;;
Auto and Truck Tyres (Pty) Ltd;;;;;
Auto Fleet Services (Pty) Ltd;;;;;
Auto Hall SA;;;;;
Auto Industrial Foundry SA (Pty) Ltd;;;;;
Auto Industrial Group (Pty) Ltd;;;;;
Auto Loan Investments II Ltd;;;;;
Auto Loan Investments III Ltd;;;;;
Auto Loan Investments IV Ltd;;;;;
Auto Loan Investments Ltd;;;;;
Auto Nejma SA;;;;;
Auto Pedigree (Pty) Ltd;;;;;
Auto Series Investments Ltd;;;;;
Autoboys South Africa;;;;;
AutoboysZA;;;;;
Autocast South Africa (Pty) Ltd;;;;;
Auto-Estrada Imperial (Pty) Ltd;;;;;
Autograph Collection;;;;;
Autohaus Centurion (Pty) Ltd;;;;;
Autolac and Company Ltd;;;;;
autolectron.co.za;;;;;
Autoliv Tunisia Zriba;;;;;
Autolocator (Pty) Ltd;;;;;
Auto-Mate;;;;;
Automated Fleet Solutions (Pty) Ltd;;;;;
Automatic Mass Production (Pty) Ltd;;;;;
Automatic Sprinkler Inspection Bureau (Pty) Ltd (The);;;;;
Automatic Systems Ltd;;;;;
Automobile Association of Kenya;;;;;
Automobile Association of Kenya (AA Kenya);;;;;
Automobile Association of South Africa (The);;;;;
Automobile Reseau Tunisien et Services SA;;;;;
Automotive Industry Development Centre;;;;;
Automotive Industry Export Council;;;;;
Automotive Leather Trim (Pty) Ltd;;;;;
Automotive Northern Cape (Pty) Ltd;;;;;
Automóviles Fernández;;;;;
Autonation (Pty) Ltd;;;;;
Autoneum Feltex Logistics;;;;;
Autopac Machinery Corporation CC;;;;;
Autopax Passenger Services SOC Ltd;;;;;
AutoTrader.co.za.;;;;;
Autotronix (Pty) Ltd;;;;;
AutoVest;;;;;
AutoX (Pty) Ltd;;;;;
AutoXpress Limited;;;;;
AutoZone Holdings (Pty) Ltd;;;;;
AutoZone South Africa;;;;;
Autumn Star Investment Holdings (Pty) Ltd;;;;;
Autumn Star Trading 858 (Pty) Ltd;;;;;
Auxo Talent;;;;;
auxpke.com;;;;;
AV Systems CC;;;;;
AVA;;;;;
Avacare Health Group;;;;;
Avacare Shared Services CMA (Pty) Ltd;;;;;
Avadon 10 (RF) (Pty) Ltd;;;;;
Avadon 12 (Pty) Ltd;;;;;
Avadon 22 (RF) (Pty) Ltd;;;;;
Avadon 28 (RF) (Pty) Ltd;;;;;
Avadon 30 (Pty) Ltd;;;;;
Avadon 31 (RF) (Pty) Ltd;;;;;
Avadon 34 (RF) (Pty) Ltd;;;;;
Avalon Memoriam BFN (Pty) Ltd;;;;;
Avanade South Africa (Pty) Ltd;;;;;
Avani Windhoek Hotel & Casino;;;;;
Avant Garde Autobody Specialists CC;;;;;
Avant Organic Farms and Foods Limited;;;;;
Avanti Communications Group plc;;;;;
Avatar Learning Inc;;;;;
AVBOB (Begrafnisdiens) Ltd;;;;;
AVBOB Mutual Assurance Society;;;;;
Avellini Bros (Pty) Ltd;;;;;
Avellini Construction (Pty) Ltd;;;;;
Aveng;;;;;
Aveng (Pty) Ltd;;;;;
Aveng (Pty) Ltd (Malawi);;;;;
Aveng Africa (Pty) Ltd;;;;;
Aveng Ghana Ltd;;;;;
Aveng Infraset;;;;;
Aveng Ltd;;;;;
Aveng Management Company (Pty) Ltd;;;;;
AVENG Manufacturing;;;;;
Aveng Mining;;;;;
Aveng Moolmans;;;;;
Aveng Mozambique Lda;;;;;
Aveng Trident Steel (Pty) Ltd;;;;;
Aveng Trident Steel Holdings (Pty) Ltd;;;;;
Aveng Water (Pty) Ltd;;;;;
Aveng Water Treatment (Pty) Ltd;;;;;
Aveng Zimbabwe (Pvt) Ltd;;;;;
Aveni-re;;;;;
avens.mu;;;;;
Aventus Group;;;;;
Avenue Health Care Group;;;;;
Avenue Healthcare;;;;;
Aveon Offshore Ltd;;;;;
Averda South Africa (Pty) Ltd;;;;;
Avery Dennison;;;;;
Avery Dennison Office Products (Pty) Ltd;;;;;
Avery Dennison South Africa (Pty) Ltd;;;;;
averydenison.co.za;;;;;
averydenission.co.za;;;;;
averydenisson.co.za;;;;;
averydennision.co.za;;;;;
averydennison.co.za;;;;;
AVeS Cyber Security;;;;;
Avex Air;;;;;
avholdings.net.za;;;;;
AVI Financial Services (Pty) Ltd;;;;;
AVI Limited;;;;;
Aviation Co-ordination Services;;;;;
Aviation Union of Southern Africa;;;;;
Avid Brands S A (Pty) Ltd;;;;;
Avidity Energy (Pty) Ltd;;;;;
Avidity Group;;;;;
Avinal;;;;;
Avior Capital Markets (Pty) Ltd;;;;;
Avior Capital Markets Holdings Ltd;;;;;
Avior Number 2 (Pty) Ltd;;;;;
AVIR (Pty) Ltd;;;;;
Aviro Med Design (Pty) LTD;;;;;
Avis Budget Group;;;;;
Avis Budget Group (RSA);;;;;
Avis Budget Group Inc.;;;;;
Avis Fleet;;;;;
Avis Fleet Services (Pty) Ltd;;;;;
Avis Southern Africa (Pty) Ltd;;;;;
Avison (Pty) Ltd;;;;;
AVK Holding Southern Africa (Pty) Ltd;;;;;
AVK Manufacturing South Africa (Pty) Ltd;;;;;
AVK Valves (Southern Africa) (Pty) Ltd;;;;;
AVL Productions CC;;;;;
avlhealth.co.za;;;;;
Avlock International (Pty) Ltd;;;;;
Avnet Holding South Africa (Pty) Ltd;;;;;
Avnet South Africa (Pty) Ltd;;;;;
Avnon Consulting;;;;;
Avocet Mining Plc;;;;;
AVON;;;;;
Avon CrownCaps and Containers (Nigeria) Plc;;;;;
Avon Justine (Pty) Ltd;;;;;
Avon Peaking Power (RF) (Pty) Ltd;;;;;
Avon Rubber Company Ltd;;;;;
AVOXI;;;;;
AVOXI Inc;;;;;
Avragystix (Pty) Ltd;;;;;
Avralog (Pty) Ltd;;;;;
Avril Payment Solutions (Pty) Ltd;;;;;
Avroy Shlain Cosmetics (Pty) Ltd;;;;;
AVSI Foundation Kenya;;;;;
AVT ENTERPRISES;;;;;
Avuka Investments (Pty) Ltd;;;;;
Avusa Management Services (Pty) Ltd;;;;;
Aware;;;;;
aware.org.za;;;;;
Awash Bank S.C.;;;;;
Awash International Bank;;;;;
Awash Winery Share Company;;;;;
awcainvest.co.za;;;;;
Awesome Aviation (Pty) Ltd;;;;;
Awesome Flight Logistics (Pty) Ltd;;;;;
Awesome Flight Services (Pty) Ltd;;;;;
Awesome Group Holdings (Pty) Ltd;;;;;
Awesome Van Wyk CC;;;;;
Awethu Breweries Ltd;;;;;
Awethu Forestry Investments (Pty) Ltd;;;;;
Awethu Projects;;;;;
AWK Clothing (Pty) Ltd;;;;;
Awnings Warehouse (Pty) Ltd;;;;;
Axa Credit SA;;;;;
AXA Egypt;;;;;
AXA Mansard Insurance Plc;;;;;
AXA Mansard Pensions Ltd;;;;;
Axalta Plascon (Pty) Ltd;;;;;
axaltaplascon.co.za;;;;;
Axelliant;;;;;
Axess;;;;;
Axia Corporation Ltd;;;;;
Axial Acceptances No 6 (Pty) Ltd;;;;;
Axian Group;;;;;
AXIM;;;;;
Axiom Systems Africa;;;;;
Axiomatic Consultants;;;;;
AXIS HOUSE;;;;;
Axis Nominee (Pty) Ltd;;;;;
Axis Solutions;;;;;
Axis Solutions - Zambia;;;;;
axissystems.co.ke;;;;;
Axiz (Pty);;;;;
Axiz (Pty) Ltd;;;;;
Axiz Botswana (Pty) Ltd;;;;;
Axiz Namibia (Pty) Ltd;;;;;
Axiz Technology (Pty) Ltd;;;;;
Axon Insurance Brokers (Pty) Ltd;;;;;
Axsys Projects (Pty) Ltd;;;;;
Axxela Ltd;;;;;
Axxon Energy Ltd;;;;;
AXYS;;;;;
AXZS Industries (Pty) Ltd;;;;;
Aylett and Company (Pty) Ltd;;;;;
AYO Technology Solutions Ltd;;;;;
Ayo Zambia;;;;;
Ayo4u;;;;;
Ayrton Drug Manufacturing Ltd (Ghana);;;;;
A-Z Petroleum Products Kenya Ltd;;;;;
AZA Finance;;;;;
Azaadville Gardens (RF) (Pty) Ltd;;;;;
Azali Ltd;;;;;
Azam Media Ltd;;;;;
AzamPay Tanzania Limited;;;;;
Azania Bank Ltd;;;;;
Azcon Projects;;;;;
Azelis;;;;;
Azelis South Africa (Pty) Ltd;;;;;
Azenia;;;;;
Azochem Laboratories (Pty) Ltd;;;;;
Azralox (Pty) Ltd;;;;;
Azumah Resources Ltd;;;;;
Azuraworx (Pty) Ltd;;;;;
Azuri Technologies;;;;;
Azuri Technologies Ltd;;;;;
Azuro Business Solutions;;;;;
B and A Designs CC;;;;;
B and B Importers and Distributors CC;;;;;
B and B Markets-Hillfox (Pty) Ltd;;;;;
B and B Markets-Rooftop (Pty) Ltd;;;;;
B and E International (Pty) Ltd;;;;;
B and W Electricidade Lda;;;;;
B and W Instrumentation and Electrical (Pty) Ltd;;;;;
B Braun Avitum (Pty) Ltd;;;;;
B Braun Medical (Pty) Ltd;;;;;
B E D Holdings (Pty) Ltd;;;;;
B J Cooling and Heating (Pty) Ltd;;;;;
B M W Automobile Distributors (Pty) Ltd;;;;;
B N C Projects (Pty) Ltd;;;;;
B One Holdings (Pty) Ltd;;;;;
B P Bernstein (Pty) Ltd;;;;;
B P Bernstein Securities (Pty) Ltd;;;;;
B Thorpe Investments (Pty) Ltd;;;;;
B&D System Engineers;;;;;
B&E International (Namibia) (Pty) Ltd;;;;;
B&O Trail Association, Inc.;;;;;
B&T Steel;;;;;
B&W Madagascar SARL;;;;;
B1SA;;;;;
B2B Clothing CC;;;;;
B2C;;;;;
B2Gold Corporation;;;;;
B3 Media Product (Pty) Ltd;;;;;
baarsma.co.za;;;;;
Babcock Africa (Pty) Ltd;;;;;
Babcock Africa Services (Pty) Ltd;;;;;
Babcock Education and Training (Pty) Ltd;;;;;
Babcock Head office;;;;;
Babcock International Group;;;;;
Babcock Ntuthuko Engineering (Pty) Ltd;;;;;
Babcock Plant Services (Pty) Ltd;;;;;
Babic Holdings;;;;;
Babic Holdings (Pty) Ltd;;;;;
Babinatlou Suppliers and Projects CC;;;;;
Babu's Laboratory Services (Pty) Ltd;;;;;
BAC Helicopters CC;;;;;
Bacardi;;;;;
BACCI Trading CC;;;;;
Bachique 705 (Pty) Ltd;;;;;
Bachique International (Pty) Ltd;;;;;
BACHMUS;;;;;
Bachmus Oil & Fuel Supplies PTY Ltd;;;;;
Back To Basics (Pty) Ltd;;;;;
Backbone Connectivity Network Nigeria Limited;;;;;
Backsberg Estate Cellars CC;;;;;
bacock.co.za;;;;;
Bader SA (Pty) Ltd;;;;;
Badger Holdings;;;;;
Badger Insurance;;;;;
Badisa;;;;;
Bae Systems Holdings (South Africa) (Pty) Ltd;;;;;
baexec.com;;;;;
BAF Industrial Safety and Workwear CC;;;;;
Bafokeng Rasimone Management Services (Pty) Ltd;;;;;
Bagaprop Ltd;;;;;
Bahati Asset Management CC;;;;;
Bahlaloga Technology's CC;;;;;
Bain and Company South Africa Ltd;;;;;
bain.co.za;;;;;
Bakbor Clothing CC;;;;;
Bake Tech (Pty) Ltd;;;;;
Baker & McKenzie LLP;;;;;
Baker Baynes;;;;;
Baker Tilly Greenwoods Chartered Accountants;;;;;
Baker Tilly International;;;;;
Baker Tilly Nigeria;;;;;
Bakers S. A. Limited;;;;;
Bakers SA Limited;;;;;
Bakers Transport;;;;;
Bakhresa Group Ltd;;;;;
Bakhresa SA (Pty) Ltd;;;;;
bakkemedical.com;;;;;
Bakone International;;;;;
Bakwena Ba-Tlankwaneng Farming CC;;;;;
Bakwena Platinum Corridor Concessionaire (Pty) Ltd;;;;;
Bale Zaf Alcohol & Liquors Factory Plc;;;;;
Balella Investments (Pty) Ltd;;;;;
Balfour Group;;;;;
Balgo Nominees (Pty) Ltd;;;;;
Ball Straathof (Pty) Ltd;;;;;
Ballito Salon CC;;;;;
ballmail.co.za;;;;;
Bally Technologies Inc.;;;;;
Balondolozi Investment Services (Pty) Ltd;;;;;
Baltic Timber Company (Pty) Ltd;;;;;
Baltimore Aircoil Company (SA) (Pty) Ltd;;;;;
Balton CP Ltd.;;;;;
Balwin Properties Ltd;;;;;
BAM International BV;;;;;
Bambalela Bolts (Pty) Ltd;;;;;
Bambanani Mine;;;;;
Bambazani Clothing (Pty) Ltd;;;;;
Bamboo Baby (Pty) Ltd;;;;;
Bamburi Special Products Ltd;;;;;
Banc;;;;;
BancABC Botswana Ltd;;;;;
BancABC Mozambique SA;;;;;
BancABC Tanzania Ltd;;;;;
BancABC Zambia Ltd;;;;;
BancABC Zimbabwe Ltd;;;;;
Banco Angolano de Investimentos SA;;;;;
Banco Angolano de Negocios e Comercio SA;;;;;
Banco BAI Micro Financas SA;;;;;
Banco BIC SA;;;;;
Banco Caixa Geral Totta de Angola S.A.;;;;;
Banco Comercial Angolano SA;;;;;
Banco Comercial do Atlantico Sarl;;;;;
Banco Comercial do Huambo S.A.;;;;;
Banco Comercial e de Investimentos SARL;;;;;
Banco de Comercio e Industria SA;;;;;
Banco de Fomento Angola SA;;;;;
Banco de Investimento Rural SA;;;;;
Banco de Mozambique;;;;;
Banco de Negocios International SA;;;;;
Banco de Poupanca e Credito SA;;;;;
Banco Economico SA;;;;;
Banco Keve SA;;;;;
Banco Kwanza Investimento SA;;;;;
Banco Millennium Angola SA;;;;;
Banco Millennium Atlantico SA;;;;;
Banco Prestigio SA;;;;;
Banco Societe Generale Mocambique SA;;;;;
Banco Sol SA;;;;;
Banco Único S.A;;;;;
Banco Valor SA;;;;;
Banco VTB Africa SA;;;;;
BancX;;;;;
Bandag Southern Africa (Pty) Ltd;;;;;
Bandini Cheese (Pty) Ltd;;;;;
Bandito's Chile Co (Pty) Ltd;;;;;
Bandwidth and Cloud Services Group;;;;;
Bangecmr;;;;;
banibah.com;;;;;
Bank BIC Namibia;;;;;
Bank BIC Namibia Limited;;;;;
Bank Gaborone Ltd;;;;;
Bank M Tanzania Plc;;;;;
Bank of Abyssinia;;;;;
Bank of Africa;;;;;
BANK OF AFRICA;;;;;
Bank of Africa - Benin;;;;;
Bank of Africa - Burkina Faso;;;;;
Bank of Africa - Group;;;;;
Bank of Africa - Niger;;;;;
Bank of Africa - Uganda;;;;;
Bank of Africa Ghana;;;;;
Bank of Africa Ghana Limited;;;;;
Bank of Africa Kenya Limited;;;;;
Bank Of America Corporation;;;;;
Bank of Baroda;;;;;
Bank of Baroda (Kenya) Ltd;;;;;
Bank of Baroda Uganda Ltd;;;;;
Bank of Botswana;;;;;
Bank of China Ltd;;;;;
Bank of Ghana Ltd;;;;;
Bank of India;;;;;
Bank of Kigali Ltd;;;;;
Bank of Mauritius;;;;;
Bank of Montreal;;;;;
Bank of Namibia;;;;;
Bank of Taiwan;;;;;
Bank of Tanzania;;;;;
Bank of Uganda;;;;;
Bank of Uganda Ltd;;;;;
Bank of Zambia;;;;;
Bank One Ltd;;;;;
Bank Windhoek Ltd;;;;;
Bankers Association of Malawi;;;;;
Banking Association South Africa (The);;;;;
Banking Sector Education and Training Authority;;;;;
Banking, Insurance, Finance and Assurance Workers Union;;;;;
bankm.co.tz;;;;;
Bankmed Medical Scheme;;;;;
bankserafrica.com;;;;;
bankserverafrica.com;;;;;
Bannerman Resources Ltd;;;;;
Banque Al Baraka D'Algerie SPA;;;;;
Banque atlantique;;;;;
Banque Atlantique Cameroon;;;;;
Banque Centrale Populaire SA;;;;;
Banque De l'Union CI;;;;;
Banque de Tunisie et des Emirats SA;;;;;
Banque de Tunisie SA;;;;;
Banque du Caire;;;;;
Banque Internationale Arabe de Tunisie SA;;;;;
Banque Internationale Du Burkina Faso;;;;;
Banque Internationale pour le Commerce et l'Industrie de la Cote d'Ivoire;;;;;
Banque Marocaine du Commerce Exterieur SA;;;;;
Banque Marocaine Pour Le Commerce Et L'Industrie SA;;;;;
Banque Misr;;;;;
Banque Nationale Agricole SA;;;;;
Banque SBM Madagascar SA;;;;;
Banque Zitouna;;;;;
Banshee;;;;;
Bantex South Africa (Pty) Ltd;;;;;
Bantry Court Share Block Ltd;;;;;
Bantusoft;;;;;
Bantusoft Technology Solutions;;;;;
BanyanTree Bank Ltd;;;;;
Banzi Trade 39 (Pty) Ltd;;;;;
Baobab Energy Namibia;;;;;
Baobab Investments Ltd;;;;;
baobab.bz;;;;;
Baomahun Gold Ltd;;;;;
Baosteel Mining South Africa (Pty) Ltd;;;;;
Baosteel Resources South Africa (Pty) Ltd;;;;;
Ba-Phalaborwa Local Municipality;;;;;
Ba-Phalaborwa Municipality;;;;;
Baphalane Siyanda Chrome Company (Pty) Ltd;;;;;
Bapo Ba Mogale Mining Company (Pty) Ltd;;;;;
Baptist Theological College of Southern Africa;;;;;
Bar J Ltd;;;;;
Barberton Mines (Pty) Ltd;;;;;
Barcadi Limited;;;;;
barclab.com;;;;;
Barclays Africa Group Ltd;;;;;
Barclays Bank Botswana;;;;;
Barclays Bank Egypt SAE;;;;;
Barclays Bank Mozambique SA;;;;;
Barclays Bank of Botswana Ltd;;;;;
Barclays Bank of Ghana Ltd;;;;;
Barclays Bank Plc;;;;;
Barclays Bank Tanzania Ltd;;;;;
Barclays Insurance Services (Pty) Ltd;;;;;
Barclays Life Assurance Kenya Ltd;;;;;
Barclays PLC;;;;;
Bard Medical SA (Pty) Ltd;;;;;
Barden (Pty) Ltd;;;;;
Barford Jones Orthomed (Pty) Ltd;;;;;
Bargain Books;;;;;
Bargain Tents CC;;;;;
Bargaining Council for the Civil Engineering Industry;;;;;
Bargaining Council for the Food Retail, Restaurant, Catering and Allied Trades;;;;;
Bargaining Council for the Laundry, Cleaning and Dyeing Industry (Cape);;;;;
Bargaining Council for the Laundry, Cleaning and Dyeing Industry (KwaZulu-Natal);;;;;
Bargaining Council for the Meat Trade, Gauteng;;;;;
Bargaining Council for the Restaurant, Catering and Allied Trades;;;;;
Barinor Holdings (Pty) Ltd;;;;;
Barinor Properties (Pty) Ltd;;;;;
barit.co.za;;;;;
Barker Footwear (Pty) Ltd;;;;;
Barker Sky Imaging;;;;;
Barko Financial Services (Pty) Ltd;;;;;
Barleda 621 (Pty) Ltd;;;;;
Barloworld Auto (Pty) Ltd;;;;;
Barloworld Automotive (Pty) Ltd;;;;;
Barloworld Capital (Pty) Ltd;;;;;
Barloworld Corporate Office;;;;;
Barloworld Equipamentos Angola Lda;;;;;
Barloworld Equipamentos Mozambique Lda;;;;;
Barloworld Equipment (Pty) Ltd;;;;;
Barloworld Equipment Africa (Pty) Ltd;;;;;
Barloworld Equipment Botswana (Pty) Ltd;;;;;
Barloworld Equipment Malawi Ltd;;;;;
Barloworld Equipment Properties (Pty) Ltd;;;;;
Barloworld Equipment Zambia Ltd;;;;;
Barloworld Farms Ltd;;;;;
Barloworld Global Services (Pty) Ltd;;;;;
Barloworld Handling (Pty) Ltd;;;;;
Barloworld Investments (Pty) Ltd;;;;;
Barloworld Logistics (Namibia) (Pty) Ltd;;;;;
Barloworld Logistics Africa (Pty) Ltd;;;;;
Barloworld Ltd;;;;;
Barloworld Maponya (Pty) Ltd;;;;;
Barloworld Motor (Pty) Ltd;;;;;
Barloworld Motor Retail;;;;;
Barloworld Namibia (Pty) Ltd;;;;;
Barloworld Optimus Holdings (Pty) Ltd;;;;;
Barloworld Power;;;;;
Barloworld Robor (Pty) Ltd;;;;;
Barloworld Siyakhula (Pty) Ltd;;;;;
Barloworld South Africa (Pty) Ltd;;;;;
Barloworld Stainless Steel Tube (Pty) Ltd;;;;;
Barloworld Transport (Pty) Ltd;;;;;
Barloworld Trust Company  (Pty) Ltd;;;;;
Barlows Cement Investments (Pty) Ltd;;;;;
Barmont Nominees (RF) (Pty) Ltd;;;;;
Barnard Jacobs Mellet Holdings Ld;;;;;
Barnes Reinforcing Industries (Pty) Ltd;;;;;
Barnes Tea and Coffee Merchants CC;;;;;
Barnes Tubing Industries (Pty) Ltd;;;;;
Barnetts (Swaziland) (Pty) Ltd;;;;;
Baroda Capital Markets (Uganda) Ltd;;;;;
Barone Budge and Dominick (Pty) Ltd;;;;;
Barons. The Volkswagen People;;;;;
BAROQUE MEDICAL;;;;;
Barplats Investments Ltd;;;;;
Barplats Mines Ltd;;;;;
Barpro Storage S A (Pty) Ltd;;;;;
Barprop (Pty) Ltd;;;;;
Barrange (Pty) Ltd;;;;;
Barrick Exploration Africa Ltd;;;;;
Barrick Gold;;;;;
Barrick Gold Corporation - Zambia;;;;;
Barrick Gold Corporation DRC;;;;;
Barrier Film Converters (Pty) Ltd;;;;;
Barron;;;;;
Barron Clothing;;;;;
Barrowsonline;;;;;
barrymd.co.za;;;;;
Bartinney Cellars (Pty) Ltd;;;;;
Bartlett and Dunster (Pty) Ltd;;;;;
BASA Educational Institute Trust;;;;;
Basalt Intentional Technologies;;;;;
Basaze;;;;;
Basco Paints;;;;;
Bascol (Pty) Ltd;;;;;
Base media communications;;;;;
Base Titanium Ltd;;;;;
bASE_JUMP;;;;;
Basebenzi Investment Group (Pty) Ltd;;;;;
Basebone (Pty) Ltd;;;;;
Baseline IT;;;;;
basellatraining.co.za;;;;;
BASF Agricultural Specialities (Pty) Ltd;;;;;
BASF Coatings (Pty) Ltd;;;;;
BASF Coatings Services (Pty) Ltd;;;;;
BASF Construction Chemicals South Africa (Pty) Ltd;;;;;
BASF East Africa Ltd;;;;;
BASF Holdings South Africa (Pty) Ltd;;;;;
BASF Ltd;;;;;
BASF Polyurethanes South Africa (Pty) Ltd;;;;;
BASF SA (Pty) Ltd;;;;;
BASF South Africa (Pty) Ltd;;;;;
Basfour 2463 (Pty) Ltd;;;;;
Basfour 2783 (Pty) Ltd;;;;;
Basfour 3073 CC;;;;;
Basfour 3617 (Pty) Ltd;;;;;
Basfour 876 (Pty) Ltd;;;;;
Bashayer Pipeline Company (BAPCO) FZCO LTD;;;;;
Basic Gear Jeans Manufacturers (Pty) Ltd;;;;;
BasiGo;;;;;
Basil Green Motors (Edenvale) (Pty) Ltd;;;;;
Basil Read Bothakga Burrow Joint Venture;;;;;
Basil Read Consolidation (Pty) Ltd;;;;;
Basil Read Construction Namibia (Pty) Ltd;;;;;
Basil Read Genesis Joint Venture;;;;;
Basil Read Holdings Ltd;;;;;
Basil Read Ltd;;;;;
Basil Read Matomo (Pty) Ltd;;;;;
Basil Read Mining Botswana (Pty) Ltd;;;;;
Basil Read Mining Namibia (Pty) Ltd;;;;;
Basil Read Uganda (Pty) Ltd;;;;;
Basil Read Zambia Ltd;;;;;
Basis Ventures;;;;;
Bassano Gioielli CC;;;;;
Bastion Group;;;;;
Bastmolen (Pty) Ltd;;;;;
BAT Kenya plc ;;;;;
Bata Shoe Kenya PLC;;;;;
Bata South Africa (Pty) Ltd;;;;;
Bataung Capital Advisors (Pty) Ltd;;;;;
BAT-Congo;;;;;
Bateleur Air Charter Services CC;;;;;
Bateleur Brand Planning (Pty) Ltd;;;;;
Bateleur Capital (Pty) Ltd;;;;;
Bateman Project Holdings (Pty) Ltd;;;;;
Bateman South Africa (Pty) Ltd;;;;;
Bates Access Flooring (Pty) Ltd;;;;;
Bates Printing (Pty) Ltd;;;;;
Batho Batsho Bakopane Funeral Services SA (Pty) Ltd;;;;;
Batho Forward Holdings (Pty) Ltd;;;;;
Bathroom Bizarre;;;;;
Baths Citrusdal (Pty) Ltd (The);;;;;
Bathu Group ;;;;;
Batimex Co.;;;;;
Batlhako Ferrochrome (Pty) Ltd;;;;;
BATPRO Madagascar;;;;;
BATSAMAYI;;;;;
Batseta;;;;;
Batseta-Council of Retirement Funds of South Africa;;;;;
Batsumi Airport Ventures (Pty) Ltd;;;;;
Batsumi Claims Management Solutions (Pty) Ltd;;;;;
Battery Technologies (Pty) Ltd;;;;;
Bauba Platinum Ltd;;;;;
BAUER Technologies South Africa (Pty) Ltd;;;;;
Bavaria Breweries (South Africa) (Pty) Ltd;;;;;
Bavaria Motors Algerie Sarl;;;;;
bavariafruit.co.za;;;;;
Baviaans Local Municipality;;;;;
BAW South Africa;;;;;
BAWSI Agricultural Workers Union of South Africa;;;;;
Bax Global (Pty) Ltd;;;;;
Baxenergy South Africa;;;;;
Baxter Healthcare South Africa (Pty) Ltd;;;;;
Bay Air Aviation (Namibia);;;;;
Bay Engineering (Pty) Ltd;;;;;
Bay Union;;;;;
Baybreak Properties (Pty) Ltd;;;;;
Bayer (Pty) Ltd;;;;;
Bayer East Africa Ltd;;;;;
Bayerische Motoren Werke;;;;;
Baylor College of Medicine Children’s Foundation-Uganda;;;;;
bayorenterprises.com;;;;;
Bayport Financial Services 2010 (Pty) Ltd;;;;;
Bayport Management Ltd;;;;;
Bayport Securitisation (RF) Ltd;;;;;
Bayside Marine (Pty) Ltd;;;;;
Bayswater Capital (Pty) Ltd;;;;;
Baywater Village Share Block (Pty) Ltd;;;;;
BB Investment Company (Pty) Ltd;;;;;
BB Truck and Tractor Services (Pty) Ltd;;;;;
B-BBEE Empowerment Services;;;;;
bbbee.net;;;;;
BBC;;;;;
BBC Professionals;;;;;
BBCWYSE Technology;;;;;
BBD;;;;;
BBF Safety Group;;;;;
BBF Safety Group (Pty) Ltd;;;;;
Bboxx;;;;;
Bboxx Kenya;;;;;
BBOXX Limited;;;;;
BC Technologies;;;;;
bccollege.co.za;;;;;
BCE Foodservice Equipment (Pty) Ltd;;;;;
BCE Oldco TRF To Uni (Nov 2010) (Pty) Ltd;;;;;
BCEAO (Central Bank of West African States);;;;;
bcfa.co.za;;;;;
Bchot;;;;;
BCL Limited;;;;;
BCM;;;;;
bcr.co.za;;;;;
BCS;;;;;
BCS Group (Pty) Ltd;;;;;
BCSConnect (Pty) Ltd;;;;;
BCS-Net (Pty) Ltd;;;;;
BCX;;;;;
BCX Kenya Ltd;;;;;
BCX SA;;;;;
bcx.com.na;;;;;
BDAC Ghana;;;;;
bdcimail.com;;;;;
BDFM Publishers (Pty) Ltd;;;;;
BDO & CO LTD;;;;;
BDO Advisory Services;;;;;
BDO East Africa;;;;;
BDO in East Africa;;;;;
BDO Professional Services;;;;;
BDO South Africa Inc;;;;;
BDO South Africa Services (Pty) Ltd;;;;;
BDO Southern African Co-ordination (Pty) Ltd;;;;;
BDO Zambia;;;;;
BDO Zambia Ltd;;;;;
BDSI-BNP Paribas Maroc SA;;;;;
Be Agile;;;;;
Be Agile (Pty) Ltd;;;;;
Bea Mountain Mining Corporation;;;;;
BEAC;;;;;
BEAC (Bank of Central African States);;;;;
Beachcomber Hotel and Resorts;;;;;
Beachcomber Marketing (Pty) Ltd;;;;;
Beaches Clothing (Pty) Ltd;;;;;
Beacon Lighting (Pty) Ltd;;;;;
Beacon Rock Corporate Services (Pty) Ltd;;;;;
Beadica 276 CC;;;;;
Beamlight;;;;;
Beankin Investments (Pty) Ltd;;;;;
Bearcat Tire (Pty) Ltd;;;;;
Beare Holdings (Pty) Ltd;;;;;
Beare Properties (Pty) Ltd;;;;;
Beares (Pty) Ltd;;;;;
Bearing Man (Botswana) (Pty) Ltd;;;;;
Bearing Man (Mozambique) Lda;;;;;
Bearing Man (Namibia) (Pty) Ltd;;;;;
Bearing Man (Swaziland) (Pty) Ltd;;;;;
Bearing Man Group Ltd;;;;;
Bearing Services Ltd;;;;;
Bearingman 1955 (Pty) Ltd;;;;;
Bearings International;;;;;
Beaufort West Local (Central Karoo District);;;;;
Beaujersey CC;;;;;
Beaujersey Partnership;;;;;
Beaulieu College;;;;;
Beauport Industries Limited;;;;;
Beauty Health and Skincare Employers Association (The);;;;;
Beaver Creek (Pty) Ltd;;;;;
BEC;;;;;
Bechtel Corporation;;;;;
Beckhoff Automation (Pty) Ltd;;;;;
Beckley Consulting Ltd;;;;;
Beco Petroleum Products Plc;;;;;
Becton Dickinson (Pty) Ltd;;;;;
Becton, Dickinson and Company;;;;;
Bed and Breakfast Association of South Africa;;;;;
Beda com;;;;;
Bedele Brewery S.C.;;;;;
Bedford Square Properties (Pty) Ltd;;;;;
BedFounders;;;;;
Bedrock Mining Support (Pty) Ltd;;;;;
BEE Empowered;;;;;
Bee Equity Partners Ltd (The);;;;;
Bee Line Aviation (Pty) Ltd;;;;;
beeanaloist.co.za;;;;;
Beefcor (Pty) Ltd;;;;;
Beefmaster Kimberley (Pty) Ltd;;;;;
Beehive Online Solutions;;;;;
Beekman Super Canopies (Pty) Ltd;;;;;
bee-online;;;;;
BEERated;;;;;
BEESA Business Services;;;;;
Beesa Business Services (Pty) Ltd;;;;;
Beesa Group (Pty) Ltd;;;;;
Before The Wind Investments 100 (Pty) Ltd;;;;;
Beget Holdings Ltd;;;;;
begingroup.co.za;;;;;
Beie Group;;;;;
Beier Envirotec (Pty) Ltd;;;;;
Beier Group;;;;;
Beier Safety Footwear (Pty) Ltd;;;;;
beieresdorf.com;;;;;
Beiersa;;;;;
Beiersdorf AG;;;;;
Beiersdorf Consumer Products (Pty) Ltd;;;;;
Beiersdorf East Africa;;;;;
Beige Holdings Ltd;;;;;
beijerref.co.za;;;;;
Beijing Axis Africa (Pty) Ltd (The);;;;;
Beith Digital (Pty) Ltd;;;;;
BEKA Schreder (Pty) Ltd;;;;;
Bela-Bela Local Municipality;;;;;
Beladox CC;;;;;
Belfa Fire Pty;;;;;
Belgo Textiles (Pty) Ltd;;;;;
Belgotex;;;;;
Belgotex Floorcoverings (Pty) Ltd;;;;;
believeconsulting.co.za;;;;;
Bell Dewar Inc;;;;;
Bell Equipment;;;;;
Bell Equipment (DRC) Sprl;;;;;
Bell Equipment (Malawi) Ltd;;;;;
Bell Equipment (Zambia) Ltd;;;;;
Bell Equipment Company S A (Pty) Ltd;;;;;
Bell Equipment Company Swaziland (Pty) Ltd;;;;;
Bell Equipment Ltd;;;;;
Bell Equipment Mozambique Lda;;;;;
Bell Equipment Sales South Africa Ltd;;;;;
Bell Immersive Technologies;;;;;
Bell PTA (Pvt) Ltd;;;;;
Bella Casa Housing Developments (Pty) Ltd;;;;;
Bellavista;;;;;
bellco.co.za;;;;;
Belle Mare Holding Ltd;;;;;
Belle Vue Milling Co Ltd;;;;;
Belle Vue The Wedge (Pty) Ltd;;;;;
Belle Woode Retirement Village Property Development (Pty) Ltd;;;;;
bellequipment.co.za;;;;;
Bellzone Mining Plc;;;;;
Bel-Mec Die Casting (Pty) Ltd;;;;;
Belmond Ltd.;;;;;
belndcor.co.za;;;;;
Belton Park Gauteng (Pty) Ltd;;;;;
Beltone Financial Holding SAE;;;;;
Beltread Tyres;;;;;
Belu Media;;;;;
Belva Digital;;;;;
Belvedere Management (Pty) Ltd;;;;;
Bemlab (Pty) Ltd;;;;;
Ben Jacobs Iron and Steel (Pty) Ltd;;;;;
Benchmark International CSS ZA (Pty) Ltd;;;;;
Benchmark Signage (Pty) Ltd;;;;;
Bendax Brands CC;;;;;
Bene Inventa (Pty) Ltd;;;;;
Benito Creations CC;;;;;
Benmarc;;;;;
Bennett Mine Survey Assurance CC;;;;;
Benoryn Investment Holdings (Pty) Ltd;;;;;
Benso Oil Palm Plantation Ltd;;;;;
Benson and Hedges (Pty) Ltd;;;;;
Benteler Automotive South Africa (Pty) Ltd;;;;;
Benteler South Africa (Pty) Ltd;;;;;
Bentini Orascom Construction;;;;;
Benwood Manufacturing and Packaging Co (Pty) Ltd (The);;;;;
bera.co.bw;;;;;
Berco Express;;;;;
Berea Technical College;;;;;
Bereshith Center;;;;;
Bere-som;;;;;
Berfin Worldwide (Pty) Ltd;;;;;
Bergarmo Stone SA CC;;;;;
Berg-En See Eiendomme (Pty) Ltd;;;;;
Berger Paints Nigeria Plc;;;;;
Bergg Credit (RF) (Pty) Ltd;;;;;
bergman.org.za;;;;;
bergmum.org.za;;;;;
Bergrivier Municipality;;;;;
Bergstrom Industries (Pty) Ltd;;;;;
Berman Hire CC;;;;;
Bernabe Cote d'Ivoire SA;;;;;
Bernadotte (Pty) Ltd;;;;;
Bernard Wakeford and;;;;;
Bernies Fashion;;;;;
Bernoberg Millings (Pty) Ltd;;;;;
Berock Ventures Ltd;;;;;
Beroe Inc;;;;;
Berplati (Pty) Ltd;;;;;
Berry and Donaldson (Pty) Ltd;;;;;
Berry Global Group, Inc.;;;;;
Berryworld SA (Pty) Ltd;;;;;
Bersom Trading (Pty) Ltd;;;;;
Berzack Brothers (JHB) (Pty) Ltd;;;;;
Berzack Brothers (Pty) Ltd;;;;;
Besaans (Pty) Ltd;;;;;
Besamandla Electrical Engineering and Construction Company (Eastern Cape) (Pty) Ltd;;;;;
Besamandla Electrical Engineering and Construction Company (Western Cape) (Pty) Ltd ;;;;;
Bessie Retail Trading (Pty) Ltd ;;;;;
Best Cut Ltd;;;;;
BEST SAP;;;;;
Best Sellers Ltd;;;;;
Best Tobacco Company (Pty) Ltd;;;;;
Best Western Premier Accra Airport Hotel;;;;;
Bester Voer en Graan (Pty) Ltd;;;;;
Bestmade Thirty Six CC;;;;;
Bestmed Medical Scheme;;;;;
Bestvest 212 CC;;;;;
Beswick Group;;;;;
BET Software;;;;;
Bet9ja;;;;;
Beta Glass Plc;;;;;
Beta Healthcare (Kenya) Ltd;;;;;
Beta Healthcare (Uganda) Ltd;;;;;
Beta Healthcare International Ltd (Kenya);;;;;
Betcoza Eastern Cape (Pty) Ltd;;;;;
Betcoza Limpopo (Pty) Ltd;;;;;
Bet-el Fruits (Pty) Ltd;;;;;
Betika;;;;;
BetKing Nigeria;;;;;
Betko Varsprodukte (Pty) Ltd;;;;;
Betomar SA;;;;;
betPawa Rwanda;;;;;
BetterBond;;;;;
Betterbridge (Pty) Ltd;;;;;
BetterLife Group Ltd;;;;;
BetterLife Home Loans;;;;;
BetterLife Home Loans (Pty) Ltd;;;;;
Betternow Finance;;;;;
Bettersure;;;;;
Betting World (Pty) Ltd;;;;;
Betts Townsend (Pty) Ltd;;;;;
Betway Kenya;;;;;
Beverage Association of South Africa;;;;;
Bevline;;;;;
BEX EXPRESS;;;;;
BEX Structured Products (Pty) Ltd;;;;;
Bexgroup;;;;;
bexpress.co.za;;;;;
beyerschocs.co.za;;;;;
Beyond Outsourcing;;;;;
Beyond Technologies;;;;;
Beyond Water;;;;;
beyondmobility.co.za;;;;;
beyondprospects.co.za;;;;;
Beyti- A Joint Venture of Almarai & Pepsico;;;;;
Bfree.Africa;;;;;
BFS Shared Management Services (Pty) Ltd;;;;;
BG Group Plc;;;;;
BGC SA Financial Brokers (Pty) Ltd;;;;;
BGFI Cameroon;;;;;
BGG Cable Manufacturers SA (Pty) Ltd;;;;;
BGI;;;;;
BGI Ethiopia Plc;;;;;
BGI Properties Ltd;;;;;
bgsp.co.za;;;;;
BH Bank;;;;;
BH Industries Mauritius Ltd;;;;;
Bham Tayob Khan JHB Inc;;;;;
Bham Tayob Khan Matunda (DBN) Inc;;;;;
Bham Tayob Khan Matunda (Mafikeng) (Pty) Ltd;;;;;
Bham Tayob Khan Matunda CT Inc;;;;;
Bham Tayob Khan Matunda PE Inc;;;;;
Bham Tayob Khan Pretoria Inc;;;;;
Bharat Telecom Ltd;;;;;
Bharti Airtel International (Mauritius) Ltd;;;;;
Bharti Airtel International (Netherlands) BV Kenya Branch OU;;;;;
Bharti Airtel Ltd;;;;;
Bharti DTH Services Zambia Ltd;;;;;
BHBW SA (Pty) Ltd;;;;;
BHC School of Design;;;;;
bhil.co.bw;;;;;
BHP Billiton Petroleum (South Africa) LLC;;;;;
BHP Billiton Plc;;;;;
BHP Petroleum (Algerie) Inc (Ohanet);;;;;
bhr.co.za;;;;;
Bhuzla;;;;;
BI Technologies Africa;;;;;
BIA Group;;;;;
Bi-Africa Business Solutions (Pty) Ltd;;;;;
Bianco Boerdery Ltd;;;;;
Bible Society of South Africa;;;;;
BIC;;;;;
BIC (South Africa) (RF) (Pty) Ltd;;;;;
BIC EAST AFRICA;;;;;
BIC Holdings Southern Africa (Pty) Ltd;;;;;
BICB Ltd;;;;;
BICC Central Africa (Pvt) Ltd;;;;;
BICEC;;;;;
bicollege.co.za;;;;;
Bid Air Hospitality (Pty) Ltd;;;;;
Bid Corporation Ltd;;;;;
Bid Enterprise Development (Pty) Ltd;;;;;
Bid Information Exchange (Pty) Ltd;;;;;
Bid Paperplus;;;;;
BidAir Services (Pty) Ltd;;;;;
bidaircargo;;;;;
bidanks.com;;;;;
bidbp.co.za;;;;;
Bidco Africa Limited;;;;;
Bidco Uganda Ltd;;;;;
Biddulphs Removals and Storage SA (Pty) Ltd;;;;;
Bidfood (Pty) Ltd;;;;;
Bidfood Technologies (Pty) Ltd;;;;;
Bidfreight Intermodal (Pty) Ltd;;;;;
Bidfreight Logistics (Pty) Ltd;;;;;
Bidfreight Port Operations (Pty) Ltd;;;;;
Bidfresh (Pty) Ltd;;;;;
BiD-Me™;;;;;
Bidoffice Furniture Manufacturing (Pty) Ltd;;;;;
bidop.co.za;;;;;
Bidserv Industrial Products (Pty) Ltd;;;;;
Bidserv Mozambique Lda t/a Pureau Fresh Water Company;;;;;
Bidshelf 85 (Pty) Ltd;;;;;
BIDsport;;;;;
bidtakns.com;;;;;
bidtanks.co;;;;;
bidterm.co.za;;;;;
Bidtrack (Pty) Ltd;;;;;
BIDTravel;;;;;
Bidtravel (Pty) Ltd;;;;;
Bidvest - Allied Cluster;;;;;
Bidvest Afcom (Pty) Ltd;;;;;
Bidvest Bank Holdings Ltd;;;;;
Bidvest Bank Ltd;;;;;
Bidvest Buffalo Tapes (Pty) Ltd;;;;;
Bidvest Catering Services;;;;;
Bidvest Catering Services (Pty) Ltd;;;;;
Bidvest Cleaning (Pty) Ltd;;;;;
Bidvest Commercial Products (Pty) Ltd;;;;;
Bidvest Commercial Products Holdings (Pty) Ltd;;;;;
Bidvest Corporate Services (Pty) Ltd;;;;;
Bidvest Data;;;;;
Bidvest Facilities Management;;;;;
Bidvest Facilities Management (Pty) Ltd;;;;;
Bidvest Food Southern Africa (Pty) Ltd;;;;;
Bidvest Freight (Pty) Ltd;;;;;
Bidvest Freight Management Services (Pty) Ltd;;;;;
Bidvest Freight Terminals (Pty) Ltd;;;;;
Bidvest Group Ltd (The);;;;;
Bidvest Industrial (Pty) Ltd;;;;;
Bidvest Industrial Holdings (Pty) Ltd;;;;;
Bidvest Insurance;;;;;
Bidvest Insurance Brokers (Pty) Ltd;;;;;
Bidvest Insurance Group (Pty) Ltd;;;;;
Bidvest Insurance Ltd;;;;;
Bidvest Laundry Group;;;;;
Bidvest Leasing (Pty) Ltd;;;;;
Bidvest Life Ltd;;;;;
Bidvest Ltd;;;;;
Bidvest Magnum (Pty) Ltd;;;;;
Bidvest Magnum Mining Security (Pty) Ltd;;;;;
Bidvest Masterguard Fabric Protection;;;;;
Bidvest Materials Handling (Pty) Ltd;;;;;
Bidvest MC Motor;;;;;
Bidvest Media (Pty) Ltd t/a Mscsports;;;;;
Bidvest Medical (Pty) Ltd;;;;;
Bidvest Mobility;;;;;
Bidvest Namibia Commercial Holdings (Pty) Ltd;;;;;
Bidvest Namibia Fisheries Holdings (Pty) Ltd;;;;;
Bidvest Namibia Information Technology (Pty) Ltd;;;;;
Bidvest Namibia Ltd;;;;;
Bidvest Namibia Management Services (Pty) Ltd;;;;;
Bidvest Namibia Property Holdings (Pty) Ltd;;;;;
Bidvest Office (Pty) Ltd;;;;;
Bidvest Office (Pty) Ltd T/A Konica Minolta South Africa;;;;;
Bidvest Office and Print Holdings Ltd;;;;;
Bidvest Panalpina Logistics;;;;;
Bidvest Paperplus (Pty) Ltd;;;;;
Bidvest Premier Lounge;;;;;
Bidvest Prestige;;;;;
Bidvest Prestige, Edge - Prestige, Bidvest Events, Bidvest Toilet Hire;;;;;
Bidvest Procurement (Pty) Ltd;;;;;
Bidvest Properties (Pty) Ltd;;;;;
Bidvest Protea Coin (Pty) Ltd;;;;;
Bidvest Protea Coin Assets in Transit and Armed Reaction (Pty) Ltd;;;;;
Bidvest SA Water;;;;;
Bidvest SACD;;;;;
Bidvest Services (Pty) Ltd;;;;;
Bidvest Services Holdings (Pty) Ltd;;;;;
Bidvest Slovakia Sro;;;;;
Bidvest SOHO;;;;;
Bidvest Soho;;;;;
Bidvest Steiner;;;;;
Bidvest Steripic and Promosachets (Pty) Ltd;;;;;
Bidvest Tank Terminals;;;;;
Bidvest TMS;;;;;
Bidvest Topturf;;;;;
Bidvest Treasury Services (Pty) Ltd;;;;;
Bidvest Velocity;;;;;
Bidvest Vericon;;;;;
Bidvest Waltons;;;;;
Bidvest Wits;;;;;
Bidvest Wits University Football Club (Pty) Ltd;;;;;
Bidvest Zambia (Pty) Ltd t/a Boston Launderers;;;;;
bidvestbank.com;;;;;
Bidvestco Ltd;;;;;
bidvestelectrical.co.za;;;;;
bidvestii.com;;;;;
bidvestmobolity.co.za;;;;;
bidvestservices.co.za;;;;;
Bifm Holdings Ltd;;;;;
Big 5 False Bay Local Municipality (The);;;;;
Big 5 Hlabisa Local Municipality;;;;;
Big Blue;;;;;
Big Boy Plastics (Pty) Ltd;;;;;
Big Concerts International (Pty) Ltd;;;;;
Big Daddy's Liquors (Pty) Ltd;;;;;
Big Media;;;;;
Big Save Distribution Centre (Pty) Ltd;;;;;
Big Save Liquor Waltloo (Pty) Ltd;;;;;
Big Shot Photography CC;;;;;
Big Six Diamond Dealers (Pty) Ltd (The);;;;;
Big Treat Plc;;;;;
Big World Cinema CC;;;;;
Bigdata Communications Ltd;;;;;
Bigen Africa;;;;;
Bigen Africa Group Holdings (Pty) Ltd;;;;;
Bigen Global;;;;;
Bigen Group;;;;;
Bigfoot Express Freight (Pty) Ltd;;;;;
Bigtime Strategic Group;;;;;
Bikitaminerals;;;;;
BIL Group;;;;;
Bilfinger Intervalve Africa (Pty) Ltd;;;;;
Bilfinger Piping Africa (Pty) Ltd;;;;;
Bilfinger Power Africa (Pty) Ltd;;;;;
Bilfinger SE;;;;;
bilfinger.co.za;;;;;
Bilisi;;;;;
Bill Tolken Hendrikse;;;;;
billfinger.com;;;;;
Billion Asset Managers (Pty) Ltd;;;;;
Billion Capital (Pty) Ltd;;;;;
Billion Group (Pty) Ltd;;;;;
Billion Property Developments (Pty) Ltd;;;;;
Billion Property Group (Pty) Ltd;;;;;
Billion Property Services (Pty) Ltd;;;;;
Billion Residential (Pty) Ltd;;;;;
Billion Rows (Pty) Ltd;;;;;
Bilqis Fashion;;;;;
Bilston Investments (Pty) Ltd;;;;;
BIM Birlesik Magazalar AS;;;;;
BIMO-Biscuiterie industrielle du Moghreb SA;;;;;
Bindura Nickel Corporation Ltd;;;;;
Binfin (Pty) Ltd;;;;;
Bingo Vision (Pty) Ltd;;;;;
Binneplein Ontwikkeling (Pty) Ltd;;;;;
Bio Analytical Research Corporation South Africa (Pty) Ltd;;;;;
Bio Food Ltd;;;;;
Bio Food Products Ltd.;;;;;
Bio-Baba;;;;;
Bioclones (Pty) Ltd;;;;;
Biogreen Diesel (Pty) Ltd;;;;;
BioMerieux;;;;;
bioMérieux Kenya;;;;;
biopharm;;;;;
BioRe Tanzania Limited;;;;;
Bioscience Brands Ltd;;;;;
Biotech Laboratories (Pty) Ltd;;;;;
BioTherm Energy (Pty) Ltd;;;;;
BioTherm Operations and Maintenance (RF) (Pty) Ltd;;;;;
Biovac;;;;;
BIPA;;;;;
Biprops 43 (Pty) Ltd;;;;;
Bips Investment Managers (Pty) Ltd;;;;;
Birchman South Africa (Pty) Ltd;;;;;
Birchwood Executive Hotel;;;;;
Birchwood Hotel;;;;;
Bird Machines (Pty) Ltd;;;;;
BIRGER.;;;;;
Birrell Mining (Pty) Ltd;;;;;
Biscotti Biscuits (Pty) Ltd;;;;;
Bisha Mining Share Company;;;;;
Bisho Society of Advocates;;;;;
Bisichi Coal Mining (Pty) Ltd;;;;;
Bismart Insurance;;;;;
Bismin Com (Pty) Ltd;;;;;
Bismin Financial Services (Pty) Ltd;;;;;
Bismin Interactive (Pty) Ltd;;;;;
Bissa Gold SA;;;;;
BIT Management Services;;;;;
BITanium;;;;;
Bit-Bite;;;;;
Bitco Telecoms (Pty) Ltd;;;;;
Bitline SA 766 CC;;;;;
Bitou Municipality;;;;;
BitPesa;;;;;
Bitrate;;;;;
Bitrim Management and Financial Services (Pty) Ltd;;;;;
bitstrech.co.za;;;;;
Biyase Construction and Trading (Pty) Ltd;;;;;
Biyela Centre (Pty) Ltd;;;;;
Biz Afrika 1866 (Pty) Ltd;;;;;
Biz Afrika 555 (Pty) Ltd;;;;;
Bizerba Southern Africa (Pty) Ltd;;;;;
Biznetwork (Pty) Ltd;;;;;
BizNews.com;;;;;
bizsupport.co.za;;;;;
BizWize Consulting (Pty) Ltd;;;;;
BizWize Consulting CC;;;;;
Bizworks (Pty) Ltd;;;;;
bizztechsol.com;;;;;
BJK Industries (Pty) Ltd;;;;;
bjnetsolutionsmoz.com;;;;;
Bk;;;;;
BK One Ltd;;;;;
BKB Engineering Services CC;;;;;
BKB Ltd;;;;;
bkcomputers.co.za;;;;;
BL Harbert International;;;;;
Black Balance Projects;;;;;
Black Brokers Forum;;;;;
Black Economic Empowerment Cleaning Association;;;;;
Black Elephant Vintners (Pty) Ltd;;;;;
Black Ginger 185 (Pty) Ltd;;;;;
Black Ginger 209 (Pty) Ltd;;;;;
Black Ginger 225 (Pty) Ltd;;;;;
Black Ginger 461 (Pty) Ltd;;;;;
Black Ginger 61 (Pty) Ltd;;;;;
Black Ginger 92 (Pty) Ltd;;;;;
Black Information Technology Empowerment Company Ltd;;;;;
Black Khaki Advertising (Pty) Ltd;;;;;
Black Knight Oil Traders (Pty) Ltd;;;;;
Black Lawyers Association;;;;;
Black Magic Motor Holdings (Pty) Ltd;;;;;
Black Management Forum (The);;;;;
Black Mountain Mining (Pty) Ltd;;;;;
Black Powder Studios (Pty) Ltd;;;;;
Black River Investments Company Ltd (The);;;;;
Black River Park Investments (Pty) Ltd;;;;;
Black Rock Mining;;;;;
Black Rock Property Management (Pty) Ltd;;;;;
Black Sash;;;;;
Black Snow Digital;;;;;
Black Star Africa;;;;;
Black Steer Enterprises (Pty) Ltd;;;;;
Black Umbrellas NPC;;;;;
Black Wattle Colliery (Pty) Ltd;;;;;
Blackberry Mobile South Africa (Pty) Ltd;;;;;
Blackbird Capital (Pty) Ltd;;;;;
Blackedge Exploration (Pty) Ltd;;;;;
Blackhill;;;;;
blackmountain.co.za;;;;;
blackscreentv.co.za;;;;;
Blackshaws (Pty) Ltd;;;;;
Blackstar Holdings Group (Pty) Ltd;;;;;
BlackStar Property Publishing (Pty) Ltd;;;;;
Blackstar TV (Pty) Ltd;;;;;
BlackstarTiso (Pty) Ltd;;;;;
Blake and Associates (Pty) Ltd;;;;;
Blake and Associates Holdings (Pty) Ltd;;;;;
Blakes;;;;;
Blanket Gold Mine (Zimbabwe);;;;;
Blantyre Hotels Ltd;;;;;
Blasting & Excavating Africa (Pty) Ltd;;;;;
Blasting & Excavating Botswana (Pty) Ltd;;;;;
Blasting & Excavating Lesotho (Pty) Ltd;;;;;
Blasting & Excavating Namibia (Pty) Ltd;;;;;
Blazing Fortune Trading 62 (Pty) Ltd;;;;;
Blazing Moon;;;;;
bleistahl.co.za;;;;;
blendco.co.za;;;;;
Blendcor;;;;;
Blendcor (Pty) Ltd;;;;;
Blenders (Pty) Ltd (The);;;;;
Blendrite Chemicals (Pty) Ltd;;;;;
Blesston Printing and Associates (Pty) Ltd;;;;;
Bleu Rose Flowers;;;;;
bleujay.co.ke;;;;;
BLG and NYK Auto Logistics of South Africa (Pty) Ltd;;;;;
BLG Logistics of South Africa (Pty) Ltd ;;;;;
Blil;;;;;
Blind Designs & Interiors;;;;;
Blind SA;;;;;
Blinkwater Meule (Pty) Ltd;;;;;
Bliss Brands (Pty) Ltd;;;;;
Bliss Healthcare;;;;;
Blizz Investment and Support Services Limited;;;;;
Bloc Architects (Pty) Ltd;;;;;
Bloch and Levitan (Pty) Ltd;;;;;
Bloem Water Board;;;;;
Bloemfontein Abattoir (Pty) Ltd;;;;;
Bloemfontein Board of Executors and Trust Company Ltd;;;;;
Bloemhof Salt and Chemical Company (Pty) Ltd;;;;;
B-Logic;;;;;
BLOM Bank Egypt;;;;;
Blombroers Boerdery (Pty) Ltd;;;;;
Bloo-Loo Toilet Hire and Sales CC;;;;;
Bloom Bank Africa GMB;;;;;
Bloomberg LP: South Africa;;;;;
Blou Bulle Maatskappy (Pty) Ltd;;;;;
Blouberg Local Municipality;;;;;
Blow-Chem Industries Ltd;;;;;
Blu Money (Pty) Ltd;;;;;
Bluchip Investments (Pty) Ltd;;;;;
Blue Bean Software;;;;;
Blue Cell (Pty) Ltd;;;;;
Blue Chip Investments (Pty) Ltd;;;;;
Blue Chip Lubricants (Pty) Ltd;;;;;
Blue Continent Products (Pty) Ltd;;;;;
Blue Core Logistics;;;;;
Blue Crane Communications (U) Ltd;;;;;
Blue Crane Route Municipality;;;;;
Blue Crest Holdings (Pty) Ltd;;;;;
Blue Dot Packaging (Pty) Ltd;;;;;
Blue Downs 3 Property Developments (RF)  (Pty) Ltd;;;;;
Blue Employee Benefits (Pty) Ltd (Botswana);;;;;
Blue Employee Benefits Ltd;;;;;
Blue Falcon 140 Trading (RF) (Pty) Ltd;;;;;
Blue Falcon 188 Trading (Pty) Ltd;;;;;
Blue Falcon 221 Trading (Pty) Ltd;;;;;
Blue Falcon 237 Trading (Pty) Ltd;;;;;
Blue Financial Services (Mauritius) Ltd;;;;;
Blue Financial Services (Pty) Ltd (Namibia);;;;;
Blue Financial Services (South Africa) (Pty) Ltd;;;;;
Blue Financial Services (Zambia) Ltd;;;;;
Blue Financial Services Cameroon SARL;;;;;
Blue Financial Services Ltd;;;;;
Blue Funnel;;;;;
Blue Granite Investments No 1 (RF) Ltd;;;;;
Blue Granite Investments No 2 (RF) Ltd;;;;;
Blue Granite Investments No 3 (RF) Ltd;;;;;
Blue Granite Investments No 4 (RF) Ltd;;;;;
Blue Ink Investments (Pty) Ltd;;;;;
Blue Insurance Services Ltd;;;;;
Blue Insurance Services Ltd (Malawi);;;;;
Blue Insurance Services Ltd (Tanzania);;;;;
Blue Intercontinental Microfinance Bank Ltd;;;;;
Blue Label Call Centre (Pty) Ltd;;;;;
Blue Label Connect (Pty) Ltd;;;;;
Blue Label Distribution (Pty) Ltd;;;;;
Blue Label One (Pty) Ltd;;;;;
Blue Label Telecoms Ltd;;;;;
Blue Light Monitoring and Armed Response (Pty) Ltd;;;;;
Blue Magnet;;;;;
Blue Marble Portfolio Managers (Pty) Ltd;;;;;
Blue Mining;;;;;
Blue Mountain Consultancy;;;;;
Blue Ocean Mussels (Pty) Ltd;;;;;
Blue Pebble Consulting;;;;;
Blue Pencil Consulting (Pty) Ltd;;;;;
Blue Pencil Education Services (Pty) Ltd;;;;;
Blue Penny Museum (The);;;;;
Blue Platinum Ventures 67 (Pty) Ltd;;;;;
Blue Sky Healthcare (Pty) Ltd;;;;;
Blue Spec Holdings (Pty) Ltd;;;;;
Blue Tech Retail;;;;;
Blue Titanium Conduit (RF) Ltd;;;;;
Blue Turtle;;;;;
Blue Turtle Technologies (Pty) Ltd;;;;;
Blue water;;;;;
Blue Waters Hotel;;;;;
BlueAlpha Investment Management (Pty) Ltd;;;;;
bluebull.co.za;;;;;
Bluecube;;;;;
Blue-Future.ZA / ThreatAware;;;;;
Bluegrass Digital;;;;;
Blue-Green Aquaculture (Pty) Ltd;;;;;
Bluehanger Onthecards (Pty) Ltd;;;;;
Bluekey Seidor;;;;;
Bluekey Software Solutions (Pty) Ltd;;;;;
bluelagoonhotel.co.za;;;;;
BlueLife Ltd;;;;;
bluemachines.co.za;;;;;
bluenetwork.co.za;;;;;
Bluenile Group;;;;;
BluePencil Consulting;;;;;
Blueport Trade 121 (Pty) Ltd;;;;;
Blueprint Newspapers Limited;;;;;
Blueprint Talent;;;;;
Bluequanta Risk Management (Pty) Ltd;;;;;
BlueRAKS;;;;;
BlueRock Diamonds Plc;;;;;
bluesecururity.co.za;;;;;
BlueSky;;;;;
BLUESPEC CONSOLIDATED HOLDINGS;;;;;
Bluestar Digital Pty;;;;;
blueworx;;;;;
Bluhm Burton Engineering (Pty) Ltd;;;;;
blusecurity.co.za;;;;;
Bluu Car Rental (Pty) Ltd;;;;;
Blyde River Water Utility Company (Pty) Ltd;;;;;
Blyvooruitzicht Gold Mining Company Ltd;;;;;
BM Food Manufacturers (Pty) Ltd;;;;;
BMA;;;;;
b-managed.co.za;;;;;
BMCI Asset Management SA;;;;;
BMCI Assurance SARL;;;;;
BMCI Banque Offshore SA;;;;;
BMCI Bourse SA;;;;;
BMCI Finance SA;;;;;
BMCI Leasing SA;;;;;
BME (Pty) Ltd (A Member of the Omnia Group);;;;;
BMG;;;;;
BMH Construction CC;;;;;
BMi Research;;;;;
BMI Techknowledge Group (Pty) Ltd;;;;;
BMM Testlabs South Africa (Pty) Ltd;;;;;
BMO Food Productions;;;;;
bmpgroup.co.za;;;;;
BMS Foods (Pty) Ltd;;;;;
BMS General Dealer;;;;;
BMT Streetfever CC;;;;;
BMW;;;;;
BMW (South Africa) (Pty) Ltd;;;;;
BMW Financial Services (South Africa) (Pty) Ltd;;;;;
BMW Group;;;;;
BMW South Africa;;;;;
BMW Waterfront (Pty) Ltd;;;;;
BN Kirk Natal cc;;;;;
bnc.co.zw;;;;;
bnd.co.za;;;;;
BNDE;;;;;
BNETD;;;;;
BNI;;;;;
BNI Bank Tunisia;;;;;
BNI Madagascar;;;;;
BNI Magadascar;;;;;
bnilaw.co.za;;;;;
Bnoc;;;;;
BNP Paribas Personal Finance South Africa Ltd;;;;;
BNP Paribas SA;;;;;
BNP Paribas Securities South Africa  (Pty) Ltd;;;;;
BNP Paribas Securities South Africa Holdings (Pty) Ltd;;;;;
BNPC;;;;;
BNRY;;;;;
BNS Nominees (Pty) Ltd;;;;;
Bo Kaap Investments (Pty) Ltd;;;;;
BOA;;;;;
Board of Airline Representatives of South Africa;;;;;
Board of Executors Mortgages (Pty) Ltd (The);;;;;
Board of Healthcare Funders of Southern Africa;;;;;
Boating Dynamix CC;;;;;
Bob Ford Investments (Pty) Ltd;;;;;
Bobby Lowenthal Investment Company (Pty) Ltd;;;;;
Bobcat Equipment South Africa (Pty) Ltd;;;;;
BOC Gases Mozambique Lda;;;;;
BOC Gases Nigeria Plc;;;;;
BOC Gases Zambia Plc;;;;;
BOC Kenya Ltd;;;;;
BOC Malawi Ltd;;;;;
BOC Tanzania Ltd;;;;;
BOC Uganda Ltd;;;;;
BOC Zimbabwe (Pvt) Ltd;;;;;
Boco (Pty) Ltd;;;;;
Bodco Ltd;;;;;
Boditse (Pty) Ltd (Botswana);;;;;
BoE 187 Investments (Pty) Ltd;;;;;
BoE Developments (Pty) Ltd;;;;;
Boe Holdings (Pty) Ltd;;;;;
BoE Private Equity Investments (Pty) Ltd;;;;;
boe.co.za;;;;;
Boehringer Ingelheim (Pty) Ltd;;;;;
Boesmanland Solar Farm (Pty) Ltd;;;;;
BOEWEST Share Block Company No 1 (Pty) Ltd;;;;;
BOEWEST Share Block Company No 2 (Pty) Ltd;;;;;
Bohler Uddeholm Africa (Pty) Ltd;;;;;
Bohlweki Environmental (Pty) Ltd;;;;;
Boiketlong Old Age Home;;;;;
boipelomc.com;;;;;
Boithedo (Mpumalanga) (Pty) Ltd;;;;;
Bojanala Platinum District Municipality;;;;;
Bojos dojo;;;;;
Bokamoso Resources (Pty) Ltd;;;;;
Bokomo Botswana (Pty) Ltd;;;;;
Bokomo Namibia (Pty) Ltd;;;;;
Bokomo Zambia Ltd;;;;;
Bokone Bophirima Craft and Design Institute;;;;;
Boksburg Boeremark (Pty) Ltd;;;;;
Boland Bins (Pty) Ltd;;;;;
Boland Promotions (Pty) Ltd;;;;;
Boland Toilet Services (Pty) Ltd;;;;;
Boland Wingerde Internasionaal Ltd;;;;;
Bolandcollege;;;;;
Bold Moves 1765 (Pty) Ltd;;;;;
Bold Moves 852;;;;;
Boldprops 102 (Pty) Ltd;;;;;
Bolepu Holdings (Pty) Ltd;;;;;
Boliba Property Investments (Pty) Ltd;;;;;
BollorÃ¨ Transport and Logistics Ghana;;;;;
Bolloré;;;;;
Bollore Africa Logistics South Africa (Pty) Ltd;;;;;
Bolloré Transport & Logistics Botswana;;;;;
Bollore Transport & Logistics Cote d'Ivoire;;;;;
Bollore Transport & Logistics DRC SA;;;;;
Bollore Transport & Logistics Ghana Ltd;;;;;
Bollore Transport & Logistics Kenya;;;;;
Bollore Transport & Logistics Zambia;;;;;
Bollore Transport and Logistics South Africa (Pty) Ltd;;;;;
Bolsa de Divida e Valores de Angola;;;;;
Bolt;;;;;
Bolt and Engineering Distributors (Pty) Ltd;;;;;
Bolt Corporation (Pty) Ltd;;;;;
Bolt Kenya;;;;;
Boltfast (Pty) Ltd;;;;;
Boltlock Manufacturing and Supplies (Pty) Ltd;;;;;
Bolton Footwear (Pty) Ltd;;;;;
Bomaid;;;;;
Bomb Shelter Film Company (Pty) Ltd (The);;;;;
Bombardier Transport (maintainnance);;;;;
Bombardier Transport (Rail);;;;;
Bombardier Transportation South Africa (Pty) Ltd;;;;;
Bombela Civils Joint Venture (Pty) Ltd;;;;;
Bombela Concession Company (RF) (Pty) Ltd;;;;;
Bombela Operating Company (Pty) Ltd;;;;;
Bombela TKC (Pty) Ltd;;;;;
bombelaop.co.za;;;;;
bombelaop.com;;;;;
BON Hotels (Pty) Ltd;;;;;
BONAKUDE;;;;;
Bonanza;;;;;
Bonanza Equipment (Pty) Ltd;;;;;
Bonatla Property Holdings Ltd;;;;;
Bond Choice (Pty) Ltd;;;;;
Bond Exchange of South Africa (THE);;;;;
Bond Street Securities (Pty) Ltd;;;;;
Bondtite (Pty) Ltd;;;;;
Boness Development Phase 3 (Pty) Ltd;;;;;
Bonfire Adventures;;;;;
Bongani Rainmaker Logistics;;;;;
Boniswa Group;;;;;
Bonitas Medical Fund;;;;;
bonitas.org.za;;;;;
Bonney Leadership Consult;;;;;
Bonnita Holdings (Pty) Ltd;;;;;
Bonpak;;;;;
Bonsaai Boerdery CC;;;;;
Bontebok Limeworks (Pty) Ltd;;;;;
Bonus Finance Namibia (Pty) Ltd;;;;;
Boo Media and Communication (Pty) Ltd;;;;;
Boogertman & Partners Investments (Pty) Ltd;;;;;
Boogertman and Partners (Pty) Ltd;;;;;
boogertmanjhb.co.za;;;;;
Books Magazines and Stationery CC;;;;;
Booksite (Pty) Ltd;;;;;
Boomtown (Pty) Ltd;;;;;
Boostsales;;;;;
Booyco Electronics;;;;;
Booysendal Platinum (Pty) Ltd;;;;;
Bophelo Benefit Services (Pty) Ltd;;;;;
Bophelo Life Insurance Ltd;;;;;
Bophelong Construction (Pty) Ltd;;;;;
Borbet SA (Pty) Ltd;;;;;
borbet.za.net;;;;;
Border Hospitals (Pty) Ltd;;;;;
Border Star Bakery (EP) (Pty) Ltd;;;;;
Border Star Bakery (Pty) Ltd;;;;;
Border Timbers Ltd;;;;;
Borehole Water Association of Southern Africa;;;;;
Borgan Property CC;;;;;
Borman Consulting and Investments (Pty) Ltd;;;;;
Born Free Investments 487 (Pty) Ltd;;;;;
Born Free Investments 58 (Pty) Ltd;;;;;
Born Free Media (Pty) Ltd;;;;;
Boron Investments Ltd;;;;;
Borwa Energy Holdings (Pty) Ltd;;;;;
Borwa Holdings (Pty) Ltd;;;;;
Borwa Mining (Pty) Ltd;;;;;
Borwood;;;;;
BOS Brands (Pty) Ltd;;;;;
Bo's Plant & Tool Hire;;;;;
Bosal Afrika (Pty) Ltd;;;;;
Bosasa Supply Chain Management (Pty) Ltd;;;;;
Bosch;;;;;
Bosch Global;;;;;
Bosch Holdings;;;;;
Bosch Munitech;;;;;
Bosch Projects (Pty) Ltd;;;;;
Bosch Stemele (Pty) Ltd;;;;;
Boschendal (Pty) Ltd;;;;;
Boschendal Farming Operations (Pty) Ltd;;;;;
Boschendal Hotel Developments (Pty) Ltd;;;;;
boschrexroth.co.za;;;;;
Boschveld Ranching (Pty) Ltd;;;;;
Boskuvan (Pty) Ltd;;;;;
bosmans.co.za;;;;;
Bosnandi Laundry (Pty) Ltd;;;;;
Boss Foods CC;;;;;
Boston City Campus and Business College (Pty) Ltd;;;;;
Boston Consulting Group Kenya;;;;;
Boston Consulting Group RSA (Pty) Ltd (The);;;;;
Boston Hydro Power Plant (Pty) Ltd;;;;;
Boston Scientific (South Africa) (Pty) Ltd;;;;;
Bosveld Phosphates (Pty) Ltd;;;;;
Bosveld Sitrus (Pty) Ltd;;;;;
Botash;;;;;
Botes en Kennedy Manyano (Pty) Ltd;;;;;
Boteti Diamond Holdings Inc;;;;;
Boteti Mining (Pty) Ltd;;;;;
Bothasig Liquor Investments (Pty) Ltd;;;;;
Botho University;;;;;
Botjheng Water (Pty) Ltd;;;;;
Botle Buhle Brands;;;;;
botprint.co.za;;;;;
Botshabelo Haven;;;;;
Botshabelo Union of Mine Workers & Construction;;;;;
Botshelo Water;;;;;
Botswana Ash Pty Ltd (Botash);;;;;
Botswana Beverages and Allied Workers' Union;;;;;
Botswana Breweries (Pty) Ltd;;;;;
Botswana Building Society (BBS) Ltd;;;;;
Botswana Bureau of Standards (BOBS);;;;;
Botswana Communications Regulatory Authority – BOCRA;;;;;
Botswana Development Corporation Ltd;;;;;
Botswana Diamonds Plc;;;;;
Botswana Energy Regulatory Authority;;;;;
Botswana Fibre Networks (BoFiNet);;;;;
Botswana Fibre Networks Ltd;;;;;
Botswana Gambling Authority;;;;;
Botswana Housing Corporation;;;;;
Botswana Information Technology Society;;;;;
Botswana Innovation Hub;;;;;
Botswana Insurance Company Ltd;;;;;
Botswana Insurance Fund Management Capital (Pty) Ltd;;;;;
Botswana Insurance Fund Management Ltd;;;;;
Botswana Insurance Holdings Ltd;;;;;
Botswana International University of Science and Technology (BIUST);;;;;
Botswana Investment and Trade Centre;;;;;
Botswana Life;;;;;
Botswana Life Insurance Ltd;;;;;
Botswana Life Properties (Pty) Ltd;;;;;
Botswana Meat Commission;;;;;
Botswana National Productivity Centre (BNPC);;;;;
Botswana Oil Limited;;;;;
Botswana Open University;;;;;
Botswana Oxygen Company (Pty) Ltd;;;;;
Botswana Power Corporation;;;;;
Botswana Public Officers Pension Fund (BPOPF);;;;;
Botswana Public Officers Pensions Fund;;;;;
Botswana Qualifications Authority - BQA;;;;;
Botswana Railway;;;;;
Botswana Savings Bank;;;;;
Botswana Steel Engineering (Pty) Ltd;;;;;
Botswana Stock Exchange;;;;;
Botswana Telecommunications Corporation Ltd;;;;;
Botswana Tourism;;;;;
Botswana Unified Revenue Service;;;;;
Botswana Unified Revenue Services (BURS);;;;;
Botswana University of Agriculture and Natural Resources (BUAN);;;;;
Botswana–Harvard AIDS Institute Partnership;;;;;
BotswanaPost;;;;;
bot-tz.org;;;;;
Boublok (Pty) Ltd;;;;;
Boulder Property Investments (Pty) Ltd;;;;;
Boundless Trade 154 (Pty) Ltd;;;;;
Boundless Wisdom;;;;;
bountiXP;;;;;
Bounty Financial Services (Pty) Ltd;;;;;
Bounty Foods (Pty) Ltd;;;;;
Bounty Home and Care (Pty) Ltd;;;;;
Bounty Management Services (Pty) Ltd;;;;;
Bounty Wear (Pty) Ltd;;;;;
Bourgeon Garments Ltd;;;;;
Boutique Collective Investments (RF) (Pty) Ltd;;;;;
Boutique Investment Partners (Pty) Ltd;;;;;
Bouygues Civil Works (SA) (Pty) Ltd;;;;;
Bouygues Travaux Publics;;;;;
bowens.co.za;;;;;
Bowler Metcalf Ltd;;;;;
Bowler Packaging;;;;;
Bowler PET Jhb (Pty) Ltd;;;;;
Bowler Properties (Two) (Pty) Ltd;;;;;
Bowman Gilfillan Africa Group;;;;;
Bowman Gilfillan Inc;;;;;
Bowmans;;;;;
Bowwood and Main No 4 (RF) (Pty) Ltd;;;;;
Box Pro CC;;;;;
Boxer Superstores;;;;;
Boxer Superstores (Pty) Ltd;;;;;
Boxfusion;;;;;
Boxmore Plastics (SA) (Pty) Ltd;;;;;
Boxmore Speciality Plastics (Pty) Ltd;;;;;
BP Botswana (Pty) Ltd;;;;;
BP Mozambique Lda;;;;;
bp p.l.c.;;;;;
BP Shipping Ltd;;;;;
BP Southern Africa (Pty) Ltd;;;;;
BP Zambia;;;;;
BPCC Security Company (Pty) Ltd;;;;;
BPESA, NPC;;;;;
BPF Midrand Property Holdings (Pty) Ltd;;;;;
BPO Skills Academy;;;;;
BPR Bank Rwanda Plc;;;;;
BR Capital Ltd;;;;;
BR Hotel Resorts Ltd;;;;;
BR Investments Ltd;;;;;
BR Realty Ltd;;;;;
Braas Monier Building Group;;;;;
BRAC;;;;;
BRAC International;;;;;
BRAC Tanzania Finance Limited;;;;;
Brac Uganda;;;;;
braceable.co.za;;;;;
Bracken Timbers (Pty) Ltd;;;;;
Bradexim (Pty) Ltd;;;;;
Bradian Logistics (Pty) Ltd;;;;;
Bradian Logistics Solutions;;;;;
Bradken Resources SA (Pty) Ltd;;;;;
Braecroft Timbers (Pty) Ltd;;;;;
Braemore Platinum (Pty) Ltd;;;;;
Braemore Platinum Resources (Pty) Ltd;;;;;
Braemore Platinum Smelters (Pty) Ltd;;;;;
Braemore Precious Metals Refiners (Pty) Ltd;;;;;
Braeston Corporate Consulting Services (Pty) Ltd;;;;;
braeston.com;;;;;
Bragan Chemicals;;;;;
Bragan Chemicals (Pty) Ltd;;;;;
Braggite Resources (Pty) Ltd;;;;;
Brain Bridge Technologies (Pty) Ltd;;;;;
Brainline;;;;;
Brainlne Learning World;;;;;
Brainwave Projects;;;;;
Brainworks Capital Management (Pvt) Ltd;;;;;
Brainworks Ltd;;;;;
Brait Investment Services Holdings (Pty) Ltd;;;;;
Brait Private Equity GP IV (Pty) Ltd;;;;;
Brait SE;;;;;
Brait South Africa (Pty) Ltd;;;;;
Brait South Africa Holdings (Pty) Ltd;;;;;
Brakecore Supply Co;;;;;
Brakpan Bus Company SOC Ltd;;;;;
Bralirwa Brewery Rwanda;;;;;
Bralirwa Ltd;;;;;
Bramer Banking Corporation Ltd;;;;;
Branbon Trading CC;;;;;
Branch;;;;;
Brand Engineering Holdings (Pty) Ltd;;;;;
Brand Engineering S A (Pty) Ltd;;;;;
Brand ID Ignite (Pty) Ltd;;;;;
Brand IQ;;;;;
Brand South Africa Trust;;;;;
BrandActiv;;;;;
Brandanalytics;;;;;
Brandcorp (Pty) Ltd;;;;;
Brandcorp Holdings (Pty) Ltd;;;;;
brandfam.co.za;;;;;
Brand-Folio;;;;;
Brandhouse Beverages (Pty) Ltd;;;;;
Brandnew Creative Agency;;;;;
brandonprojects.co.za;;;;;
brandpartners.co.za;;;;;
BrandQuantum International (Pty) Ltd;;;;;
Brands 4 Africa Distribution and Logistics (Pty) Ltd;;;;;
Brands Africa;;;;;
Brands Ink Group (Pty) Ltd;;;;;
BrandsEye;;;;;
Branlit Ltd;;;;;
Brasilfit Sports CC;;;;;
Brasserie BB Lomé;;;;;
Brasseries BB Lome;;;;;
Brasseries du Congo SA;;;;;
BravCur;;;;;
Braveheart Financial Services (Pty) Ltd;;;;;
Bravette Manufacturing Company (Pvt) Ltd;;;;;
Braviz Fine Foods (Pty) Ltd;;;;;
Bravo Brands;;;;;
Bravo Group Manufacturing (Pty) Ltd;;;;;
Bravonox Engineering (Pty) Ltd;;;;;
Bravoplex 415 CC;;;;;
Bravorox 6 CC;;;;;
Bravura Capital (Pty) Ltd;;;;;
Bravura CF (Pty) Ltd;;;;;
Bravura Equity (Pty) Ltd;;;;;
Bravura Holdings Ltd;;;;;
Braybar Pumps (Pty) Ltd;;;;;
Brazzaville Tower Services SARL;;;;;
Brc Diamondcore Ltd;;;;;
Breede Valley Fruit Processors (Pty) Ltd;;;;;
Breede-Gouritz Catchment Management Agency;;;;;
BreedeNet Wireless ISP;;;;;
Breezewood Trading 54 CC;;;;;
Brenda;;;;;
Brenda Roberts Consulting;;;;;
Brenner Brands (Pty) Ltd;;;;;
Brenner Mills (Pty) Ltd;;;;;
Brenntag AG;;;;;
Brenntag South Africa (Pty) Ltd;;;;;
Brenthurst Equipment Trust 1 JV;;;;;
Brenthurst Equipment Trust 2 JV;;;;;
Brenthurst MRI JV;;;;;
Brenthurst Radiology Cat Scan JV;;;;;
Brenthurst Wealth Management (Pty);;;;;
brentiesa.co.za;;;;;
BRENTWOOD - BEE Consulting;;;;;
Brentwood Employment Relations Specialists (Pty) Ltd;;;;;
Brescia House School;;;;;
Breva Enterprises (Pty) Ltd;;;;;
Brevini Power Transmission South-Africa (Pty) Ltd;;;;;
BRG5 Maziya (Pty) Ltd;;;;;
Brian Munro Ltd;;;;;
Brian Porter Holdings Ltd;;;;;
Brian Servant Partnership Chartered Architects;;;;;
Brick & General Workers Union;;;;;
BRIDGE BANK GROUP Côte D'Ivoire;;;;;
Bridge Collective Investments (RF) (Pty) Ltd;;;;;
Bridge Fund Managers (Pty) Ltd;;;;;
bridgeconsult.co.ug;;;;;
bridgeinfo-tech.com;;;;;
Bridgeport No 68 (Pty) Ltd;;;;;
Bridgestone Firestone Pre-Cured Tread Manufacturing (Pty) Ltd;;;;;
Bridgestone Maxiprest (Pty) Ltd;;;;;
Bridgestone South Africa (Pty) Ltd;;;;;
Bridgestone South Africa Commercial (Pty) Ltd;;;;;
Bridgestone South Africa Holdings (Pty) Ltd;;;;;
Bridgestone South Africa Retail (Pty) Ltd;;;;;
Bridgeways Associates;;;;;
Bridoon Trade and Invest 184 (Pty) Ltd;;;;;
Brietta Trading (Pty) Ltd;;;;;
Briggs and Stratton RSA (Pty) Ltd;;;;;
Bright Idea Projects 2151 CC;;;;;
Bright Innovation Technical Solutions;;;;;
Bright Rock Distribution Services Central Division (Pty) Ltd;;;;;
Bright Star Lighting (Pty) Ltd;;;;;
Bright Start Educational Support Programme;;;;;
Brighter Monday;;;;;
Brightrock (Pty) Ltd;;;;;
Brightrock Distribution Services - City Bowl (Pty) Ltd;;;;;
Brightrock Distribution Services - National (Pty) Ltd;;;;;
Brightrock Distribution Services - Roodepoort (Pty) Ltd;;;;;
Brightrock Distribution Services-Bedford Gardens (Pty) Ltd;;;;;
Brightrock Distribution Services-Bedfordview (Pty) Ltd;;;;;
Brightrock Distribution Services-Bloemfontein (Pty) Ltd;;;;;
Brightrock Distribution Services-Bloemfontein Noord (Pty) Ltd;;;;;
Brightrock Distribution Services-Boksburg (Pty) Ltd;;;;;
Brightrock Distribution Services-Brackendowns (Pty) Ltd;;;;;
Brightrock Distribution Services-Brackenhurst (Pty) Ltd;;;;;
Brightrock Distribution Services-Bryanston (Pty) Ltd;;;;;
Brightrock Distribution Services-Cape Town (Pty) Ltd;;;;;
Brightrock Distribution Services-Cape Town Central (Pty) Ltd;;;;;
Brightrock Distribution Services-Central District (Pty) Ltd;;;;;
Brightrock Distribution Services-Centurion (Pty) Ltd;;;;;
Brightrock Distribution Services-Constantia Kloof (Pty) Ltd;;;;;
Brightrock Distribution Services-Cresta (Pty) Ltd;;;;;
Brightrock Distribution Services-Dalview (Pty) Ltd;;;;;
Brightrock Distribution Services-Durban Central (Pty) Ltd;;;;;
Brightrock Distribution Services-Durban Main (Pty) Ltd;;;;;
Brightrock Distribution Services-East London (Pty) Ltd;;;;;
Brightrock Distribution Services-Eastern Division (Pty) Ltd;;;;;
Brightrock Distribution Services-Ferndale (Pty) Ltd;;;;;
Brightrock Distribution Services-Florida (Pty) Ltd;;;;;
Brightrock Distribution Services-Fourways (Pty) Ltd;;;;;
Brightrock Distribution Services-Garden Route (Pty) Ltd;;;;;
Brightrock Distribution Services-Gold Fields (Pty) Ltd;;;;;
Brightrock Distribution Services-Hedelberg (Pty) Ltd;;;;;
Brightrock Distribution Services-Highveld (Pty) Ltd;;;;;
Brightrock Distribution Services-Highway (Pty) Ltd;;;;;
Brightrock Distribution Services-Hillcrest (Pty) Ltd;;;;;
Brightrock Distribution Services-Hyde Park (Pty) Ltd;;;;;
Brightrock Distribution Services-Jakaranda (Pty) Ltd;;;;;
Brightrock Distribution Services-La Lucia (Pty) Ltd;;;;;
Brightrock Distribution Services-Laeveld (Pty) Ltd;;;;;
Brightrock Distribution Services-Lonehill (Pty) Ltd;;;;;
Brightrock Distribution Services-Menlyn (Pty) Ltd;;;;;
Brightrock Distribution Services-Meyersdal (Pty) Ltd;;;;;
Brightrock Distribution Services-Midrand (Pty) Ltd;;;;;
Brightrock Distribution Services-Moreletapark (Pty) Ltd;;;;;
Brightrock Distribution Services-Morningside (Pty) Ltd;;;;;
Brightrock Distribution Services-Mount Edgecombe (Pty) Ltd;;;;;
Brightrock Distribution Services-New Redruth (Pty) Ltd;;;;;
Brightrock Distribution Services-North Coast (Pty) Ltd;;;;;
Brightrock Distribution Services-Northern Districts (Pty) Ltd;;;;;
Brightrock Distribution Services-Northern Division (Pty) Ltd;;;;;
Brightrock Distribution Services-Oos Vrystaat (Pty) Ltd;;;;;
Brightrock Distribution Services-Overburg (Pty) Ltd;;;;;
Brightrock Distribution Services-Peninsula (Pty) Ltd;;;;;
Brightrock Distribution Services-Pietermaritzburg (Pty) Ltd;;;;;
Brightrock Distribution Services-Platinum (Pty) Ltd;;;;;
Brightrock Distribution Services-Polokwane (Pty) Ltd;;;;;
Brightrock Distribution Services-Port Elizabeth (Pty) Ltd;;;;;
Brightrock Distribution Services-Pretoria (Pty) Ltd;;;;;
Brightrock Distribution Services-Pretoria East (Pty) Ltd;;;;;
Brightrock Distribution Services-Pretoria South (Pty) Ltd;;;;;
Brightrock Distribution Services-Radiokop (Pty) Ltd;;;;;
Brightrock Distribution Services-Randburg (Pty) Ltd;;;;;
Brightrock Distribution Services-Randpark Ridge;;;;;
Brightrock Distribution Services-Reservoir Hills;;;;;
Brightrock Distribution Services-Rooseveldt Park;;;;;
Brightrock Distribution Services-Sandton;;;;;
Brightrock Distribution Services-South Coast;;;;;
Brightrock Distribution Services-Southern Division;;;;;
Brightrock Distribution Services-Southern Point;;;;;
Brightrock Distribution Services-Springs (Pty) Ltd;;;;;
Brightrock Distribution Services-Stellenbosch;;;;;
Brightrock Distribution Services-Three Rivers;;;;;
Brightrock Distribution Services-Tswane;;;;;
Brightrock Distribution Services-Umhlanga;;;;;
Brightrock Distribution Services-Valhalla (Pty) Ltd;;;;;
Brightrock Distribution Services-Vereeniging (Pty) Ltd;;;;;
Brightrock Distribution Services-Victory Park (Pty) Ltd;;;;;
Brightrock Distribution Services-Waterkloof (Pty) Ltd;;;;;
Brightrock Distribution Services-West Coast (Pty) Ltd;;;;;
Brightrock Distribution Services-Western Districts (Pty) Ltd;;;;;
Brightrock Distribution Services-Western Division (Pty) Ltd;;;;;
Brightrock Distribution Services-Westville (Pty) Ltd;;;;;
Brightrock Distribution Services-Windemere (Pty) Ltd;;;;;
Brightrock Distribution Services-Wingate Park (Pty) Ltd;;;;;
Brightrock Distribution Services-Wonderboom (Pty) Ltd;;;;;
Brightrock Holdings (Pty) Ltd;;;;;
BrightRock Life Ltd;;;;;
Brights Hardware (Pty) Ltd;;;;;
Brightvest (Pty) Ltd;;;;;
Brikor Ltd;;;;;
Brilliantel;;;;;
Brilor;;;;;
Brimpharm SA (Pty) Ltd;;;;;
Brimstone Investment Corporation Ltd;;;;;
Brink Cohen Le Roux Inc;;;;;
Brink's (Mauritius) Ltd;;;;;
Brinks (Southern Africa) (Pty) Ltd;;;;;
Brinks Armoured Security Services (Pty) Ltd;;;;;
Brink's Maroc SA;;;;;
brinks.mu;;;;;
Brisen Commodities (Pty) Ltd;;;;;
Brisk Dynamics Limited;;;;;
Bristol-Myers Squibb (Pty) Ltd;;;;;
BRITALAR - Sociedade de Construcoes SA;;;;;
Britam Companhia De Seguros De Mocambique SA;;;;;
Britam General Insurance Company (Kenya) Ltd;;;;;
Britam Holdings Ltd;;;;;
Britam Insurance (Tanzania) Ltd;;;;;
Britam Insurance Company Ltd;;;;;
BRITANIA FOODS;;;;;
Britania Foods Limited;;;;;
Britehouse Automotive (Pty) Ltd;;;;;
Britehouse Holdings (Pty) Ltd;;;;;
Britehouse SSD (Pty) Ltd;;;;;
Britelink South Africa;;;;;
British Airways Plc;;;;;
British American Shared Services Africa Middle East (Pty) Ltd;;;;;
British American Tobacco (Zambia) Plc;;;;;
British American Tobacco GSD (South Africa) (Pty) Ltd;;;;;
British American Tobacco Holdings South Africa (Pty) Ltd;;;;;
British American Tobacco Kenya Plc;;;;;
British American Tobacco Manufacturers South Africa (Pty) Ltd;;;;;
British American Tobacco Plc;;;;;
British American Tobacco Properties South Africa (Pty) Ltd;;;;;
British American Tobacco Services South Africa (Pty) Ltd;;;;;
British American Tobacco South Africa (Pty) Ltd;;;;;
British American Tobacco Southern Africa Markets (Pty) Ltd;;;;;
British American Tobacco Uganda Ltd;;;;;
British American Tobacco Zimbabwe (Holdings) Ltd;;;;;
British Council South Africa;;;;;
British High Commission Nairobi;;;;;
British International College;;;;;
British Telecoms;;;;;
British United Provident Association Ltd (The);;;;;
Brittan Healthcare Group (Pty) Ltd;;;;;
BRM Brands;;;;;
Brmo;;;;;
brmo.co.za;;;;;
Broad Brush Investments 122 (Pty) Ltd;;;;;
Broad Brush Investments 89 (Pty) Ltd;;;;;
Broadacres Academy;;;;;
Broadband Botswana Internet;;;;;
Broadband Infraco SOC Ltd;;;;;
Broadcasting Complaints Commission of South Africa;;;;;
Broadcasting, Electronic, Media and Allied Workers Union;;;;;
BroadReach;;;;;
Broadreach Healthcare (Pty) Ltd;;;;;
Broadsmart;;;;;
Broadsocket Solutions Limited;;;;;
Broadway Group;;;;;
Broadway Sweets;;;;;
Brockhouse Cooper Nominees (Pty) Ltd;;;;;
Brockmann & Kriess (Pty) Ltd;;;;;
Brolaz South Africa (Pty) Ltd;;;;;
Brolink;;;;;
Broll;;;;;
Broll Property Group (Pty) Ltd;;;;;
Broll Valuation and Advisory Services (Pty) Ltd;;;;;
Bromor Foods (Pty) Ltd;;;;;
Brooke Pattrick Publications (Pty) Ltd;;;;;
Brooklyn Hospital (Pty) Ltd;;;;;
Brooklyn Sameday Surgical Centre Partnership;;;;;
Brooks & Luyt;;;;;
Brookside Dairy Limited;;;;;
Brookside Ltd;;;;;
Brother Cash and Carry CC;;;;;
Brothers Beds & Bedding CC;;;;;
Brown and Company Attorneys;;;;;
Brown and Williamson Tobacco Corporation (Pty) Ltd;;;;;
Browne Brodie Attorneys;;;;;
Brown's Food Co.;;;;;
Brudaco Automotive (Pty) Ltd;;;;;
Bruker South Africa (Pty) Ltd;;;;;
Brummer Adhesives (SA) (Pty) Ltd;;;;;
Brunational (Pty) Ltd;;;;;
Brunel Laboratoria (Pty) Ltd;;;;;
Brunelli Construction Company (Nigeria) Ltd;;;;;
Bruniquel & Associates;;;;;
Brunswick (South Africa) Ltd;;;;;
Brutes Air Solutions (Pty) Ltd;;;;;
BRVM;;;;;
Bryanston High School;;;;;
Bryte Africa Group Ltd;;;;;
Bryte Insurance Company Ltd;;;;;
Bryte Life Company Ltd;;;;;
Bryte Risk Financing Ltd;;;;;
brytesa.co.za;;;;;
BS Concrete First Aid (Pty) Ltd;;;;;
BS Corporate Wear (Gauteng) (Pty) Ltd;;;;;
bsdol.co.za;;;;;
bsexperts.org;;;;;
BSG;;;;;
BSH;;;;;
BSH Home Appliances (Pty) Ltd;;;;;
BSI Steel;;;;;
BSi Steel Africa Ltd;;;;;
BSi Steel Katanga Sprl;;;;;
BSi Steel Ltd;;;;;
BSi Steel Mozambique Lda;;;;;
BSi Steel Zambia Ltd;;;;;
BSIC;;;;;
BSN Medical;;;;;
BSN Medical (Pty) Ltd;;;;;
Bsn-Dz;;;;;
BSOLVE;;;;;
B-Sure Group;;;;;
BT Communications Services South Africa (Pty) Ltd;;;;;
BTC;;;;;
BTE Renewables;;;;;
BTEC Consulting;;;;;
btpm.co.za;;;;;
btshele.co.za;;;;;
BUA International Ltd;;;;;
Bubble Tea Company (Pty) Ltd (The);;;;;
Bubblegum Educational Design CC;;;;;
Buchel Hardware (Pty) Ltd;;;;;
Bucket Full (Pty) Ltd;;;;;
Buckman Laboratories (Pty) Ltd;;;;;
Bud Group Ltd;;;;;
Budchem;;;;;
Buddingtrade 115 (Pty) Ltd;;;;;
Buddingtrade 252 (RF) (Pty) Ltd;;;;;
Buddingtrade 253 (Pty) Ltd;;;;;
Budget Insurance Company (RF) Ltd;;;;;
Budget Rent a Car (Pty) Ltd;;;;;
Buena Vista Trading 233 (Pty) Ltd;;;;;
Buffalo City Metropolitan Municipality;;;;;
Buffalo Clothing CC;;;;;
Buffalo Coal (Pty) Ltd;;;;;
Buffalo Coal Corporation;;;;;
Buffalo Coal Dundee (Pty) Ltd;;;;;
Buffalo International Logistics;;;;;
Buffalo River 1 Stop (Pty) Ltd;;;;;
Buffalotapes;;;;;
Buffet Investment Services (Pty) Ltd;;;;;
bufflogistics.com;;;;;
Buganda Land Board;;;;;
Buganda Lands Board;;;;;
Bugbox CC;;;;;
BugNique (Pty) Ltd;;;;;
Buhle Waste (Pty) Ltd;;;;;
Buhler (Pty) Ltd;;;;;
Build it Guild of Southern Africa (The);;;;;
Build With Vee;;;;;
Builders warehouse;;;;;
Building Allied Mining and Construction Workers Union;;;;;
Building Energy South Africa (Pty) Ltd;;;;;
Building Supply Group (Pty) Ltd;;;;;
Building Workers' Union;;;;;
Building, Construction and Allied Workers Union;;;;;
Building, Wood and Allied Workers' Union of South Africa;;;;;
Buildmax Ltd;;;;;
Buildstruct Nigeria Ltd;;;;;
Buildworks Group Ltd;;;;;
BuildX Studio;;;;;
Builtafrica Kathu 75 Solar (RF) (Pty) Ltd;;;;;
Bujagali Energy Limited;;;;;
Bujagali Holding Power Company Ltd;;;;;
Buks Haulage Ltd;;;;;
Bula Records (Pty) Ltd;;;;;
Bulk Connections (Pty) Ltd;;;;;
Bulk Mining Explosives Botswana (Pty) Ltd;;;;;
Bulk Mining Explosives Mali Sarl;;;;;
Bulk Mining Explosives Mauritania Akjoujt Sarl;;;;;
Bulk Mining Explosives Mauritania Sarl;;;;;
Bulk Mining Explosives Namibia (Pty) Ltd;;;;;
Bulk Mining Explosives Senegal Sarl;;;;;
Bulk Mining Explosives Sierra Leone Ltd;;;;;
Bulk Mining Explosives Tanzania (Pty) Ltd;;;;;
Bulk Mining Explosives Zambia Ltd;;;;;
Bulk Oil Storage & Transportation Company Ltd;;;;;
Bullpak Ltd;;;;;
Bulyanhulu Gold Mine Ltd;;;;;
Bumbo International;;;;;
Bunge ZA (Pty) Ltd;;;;;
Bunker Hills Investments 202 (Pty) Ltd;;;;;
Bunker Hills Investments 72 (Pty) Ltd;;;;;
Bunker Suppliers (Pty) Ltd;;;;;
Buon Gusto Cuisine (Pty) Ltd;;;;;
BUONGIORNO;;;;;
Buongiorno South Africa (Pty) Ltd;;;;;
Buraaq Beds CC;;;;;
Burcap Plastics (Pty) Ltd;;;;;
Burde & Co (Pty) Ltd;;;;;
Bureau for Food & Agricultural Policy;;;;;
Bureau of Market Research (The) (Division of University of South Africa);;;;;
Bureau Van Dijk Editions Electroniques SA;;;;;
Bureau Veritas (South Africa) (Pty) Ltd;;;;;
Bureau Veritas DRC;;;;;
Bureau Veritas Gazelle (Pty) Ltd;;;;;
Bureau Veritas Inspectorate Laboratories (Pty) Ltd;;;;;
Bureau Veritas Marine Surveying (Pty) Ltd;;;;;
Bureau Veritas Mozambique;;;;;
Bureau Veritas Testing and Inspections South Africa (Pty) Ltd;;;;;
Bureaux Reunis Lte;;;;;
Burford Development Ltd;;;;;
Burford Investments Ltd;;;;;
Burford Property Ltd;;;;;
Burford Realty Ltd;;;;;
Burg Armaturen Fabrik - Sarrdesign S.A.E.;;;;;
Burgan Cape Terminals (RF) (Pty) Ltd;;;;;
Burger Bistro Franchising (Pty) Ltd;;;;;
Burger King South Africa;;;;;
Burger King South Africa (RF) (Pty) Ltd;;;;;
Burgh Group Holdings (RF) (Pty) Ltd;;;;;
Burka Coffee Estates Ltd;;;;;
Burkert South Africa (Pty) Ltd;;;;;
Burkina Faso Towers SA;;;;;
Burma Plant Hire (Pty) Ltd;;;;;
Burmeisters;;;;;
BURN Manufacturing Kenya;;;;;
Burncrete;;;;;
Burp Track Investments (Pvt) Ltd;;;;;
Burson-Marsteller Holdings (Pty) Ltd;;;;;
Busamed (Pty) Ltd;;;;;
Busara Center;;;;;
Busara Center for Behavioral Economics;;;;;
Busby Airport Stores (Pty) Ltd;;;;;
Busby Retail (Pty) Ltd;;;;;
Buscor (Pty) Ltd;;;;;
Bush Baby Cosmetics (Pty) Ltd;;;;;
Bushbuckridge Municipality;;;;;
Bushbuckridge Water Board;;;;;
Bushmans Kloof Wilderness Reserve and Wellness Retreat (Pty) Ltd;;;;;
Bushveld Minerals;;;;;
Busi Ntuli Communications (Pty) Ltd;;;;;
Business Agility Institute;;;;;
Business and Arts South Africa;;;;;
Business and Entrepreneurship Training Centre - BETC;;;;;
Business at work;;;;;
Business Connexion (Pty) Ltd;;;;;
Business Connexion Content Distribution Solutions (Pty) Ltd;;;;;
Business Connexion Group Ltd;;;;;
Business Connexion ICT Services Ltd;;;;;
Business Connexion International Holdings (Pty) Ltd;;;;;
Business Connexion Mozambique Lda;;;;;
Business Connexion Namibia (Pty) Ltd;;;;;
Business Connexion Tanzania Ltd;;;;;
Business Connexion Zambia Ltd;;;;;
Business Doctors SA;;;;;
Business Engineering;;;;;
Business Management Training College (Pty) Ltd;;;;;
Business Partners Ltd;;;;;
Business Process Enabling South Africa;;;;;
Business Results Group;;;;;
Business School of South Africa (Pty) Ltd (The);;;;;
Business Systems Group;;;;;
Business Unity South Africa;;;;;
Business Venture Investments No 1027 (Pty) Ltd;;;;;
Business Venture Investments No 104 (Pty) Ltd;;;;;
Business Venture Investments No 1125 (RF) (Pty) Ltd;;;;;
Business Venture Investments No 1126 (RF) (Pty) Ltd;;;;;
Business Venture Investments No 1228 (Pty) Ltd;;;;;
Business Venture Investments No 1327 (RF) (Pty) Ltd;;;;;
Business Venture Investments No 1360 (Pty) Ltd;;;;;
Business Venture Investments No 1499 (RF) (Pty) Ltd;;;;;
Business Venture Investments No 1574 (RF) (Pty) Ltd;;;;;
Business Venture Investments No 1584 (RF) (Pty) Ltd;;;;;
Business Venture Investments No 1628 (Pty) Ltd;;;;;
Business Venture Investments No 1690 (Pty) Ltd;;;;;
Business Venture Investments No 1762 (RF) (Pty) Ltd;;;;;
Business Venture Investments No 1763 (RF) (Pty) Ltd;;;;;
Business Venture Investments No 177 (Pty) Ltd;;;;;
Business Venture Investments No 1775 (Pty) Ltd;;;;;
Business Venture Investments No 1790 (RF) (Pty) Ltd;;;;;
Business Venture Investments No 180 (Pty) Ltd;;;;;
Business Venture Investments No 21 (Pty) Ltd;;;;;
Business Venture Investments No 216 (Pty) Ltd;;;;;
Business Venture Investments No 288 (Pty) Ltd;;;;;
Business Venture Investments No 290 (Pty) Ltd;;;;;
Business Venture Investments No 390 (Pty) Ltd;;;;;
Business Venture Investments No 43 (Pty) Ltd;;;;;
Business Venture Investments No 458 (Pty) Ltd;;;;;
Business Venture Investments No 469 (Pty) Ltd;;;;;
Business Venture Investments No 516 (Pty) Ltd;;;;;
Business Venture Investments No 626 (Pty) Ltd;;;;;
Business Venture Investments No 753 (Pty) Ltd;;;;;
Business Venture Investments No 813 (Pty) Ltd;;;;;
Business Venture Investments No 884 (RF) (Pty) Ltd;;;;;
Business Zone 1181 (Pty) Ltd (The);;;;;
Business Zone 1189 (Pty) Ltd (The);;;;;
Business Zone 993 CC (The);;;;;
Businesswomen's Association of South Africa;;;;;
Busmark 2000 (Pty) Ltd;;;;;
Busoma Service Station (Pty) Ltd;;;;;
busreg.co.za;;;;;
BUTHOLICCA Social Justice for All Workers Union;;;;;
Buthotis Trading (Pty) Ltd;;;;;
Butsanani Energy Investment Holdings (Pty) Ltd;;;;;
Butterfield Holdings (Pty) Ltd;;;;;
Butterfly Effect Intelligence CC;;;;;
Buying Exchange Company (Pty) Ltd (The);;;;;
Bvi;;;;;
Bvigp;;;;;
Bvnk;;;;;
Bvuyiselo Consulting (Pty) Ltd;;;;;
BW Financial Advisors (Pty) Ltd;;;;;
bwauto.co.za;;;;;
bw-eq.com;;;;;
bwhouse.co.za;;;;;
BWIE Instrumentation and Electrical SWD (Pty) Ltd;;;;;
BWired Broadband;;;;;
Bwired Broadband (Pty) Ltd;;;;;
Bwlog;;;;;
bwlog.co.za;;;;;
bwmr.co.za;;;;;
Bychemex Ltd;;;;;
Byte Orbit;;;;;
Bytes and Pieces Lda;;;;;
Bytes Corporate Services (Pty) Ltd;;;;;
Bytes Document Solutions Namibia (Pty) Ltd;;;;;
Bytes Healthcare Solutions (Pty) Ltd;;;;;
Bytes in the Cloud Limited;;;;;
Bytes Managed Solutions;;;;;
Bytes Outsource Services (Pty) Ltd;;;;;
Bytes Resource Services (Pty) Ltd;;;;;
Bytes Software (Pty) Ltd;;;;;
Bytes Systems Integration (Pty) Ltd;;;;;
Bytes Technology Group;;;;;
Bytes Technology Group (Pty) Ltd;;;;;
Bytes Technology Group Botswana (Pty) Ltd;;;;;
Bytes Technology Group Ltd;;;;;
Bytes Technology Group Mauritius Ltd;;;;;
Bytes Technology Group Mozambique Lda;;;;;
Bytes Technology Group Mozambique, Ltd;;;;;
Bytes Technology Group Namibia (Pty) Ltd;;;;;
Bytes Universal Systems (Pty) Ltd;;;;;
bytescomms.co.za;;;;;
BZ Zelpy 1007 (Pty) Ltd;;;;;
C A Africa (Pty) Ltd;;;;;
C and G Air CC;;;;;
C and L Mining and Resources (Pty) Ltd;;;;;
C and M Multi Craft CC;;;;;
C credit financing;;;;;
C Deysel;;;;;
C F W Industries (Pty) Ltd;;;;;
C Hawkins;;;;;
C I D A City Campus;;;;;
C J Petrow and Company (Pty) Ltd;;;;;
C J Petrow Holdings (Pty) Ltd;;;;;
C J Rance (Pty) Ltd;;;;;
C J van Schalkwyk Trading CC;;;;;
C Kawalsky Trust (Pty) Ltd;;;;;
C M H Car Hire (Pty) Ltd;;;;;
C Pro Project Management (Pty) Ltd;;;;;
C Q S Solutions (Pty) Ltd;;;;;
C Steinweg Bridge (Pty) Ltd;;;;;
C Steinweg Musina (Pty) Ltd;;;;;
C T International Financiers (Pty) Ltd;;;;;
C T W Oesbeskerming CC;;;;;
C&A Friedlander Attorneys;;;;;
C&C Construction Company Ltd;;;;;
C&I Leasing Plc;;;;;
C&I Motors Ltd;;;;;
C2 Computer Investments (Pty) Ltd;;;;;
C3 Capital;;;;;
C3_Shared_Services;;;;;
c3group.co.za;;;;;
CA Financial Appointments (Pty) Ltd;;;;;
CA Global Africa Recruitment;;;;;
CA Sales Holdings Ltd;;;;;
CA Southern Africa (Pty) Ltd;;;;;
ca2000.co.za;;;;;
Caab;;;;;
Caafrica;;;;;
CAB International;;;;;
Cabbi SA (Pty) Ltd;;;;;
CABCON Technologies (Pty) Ltd;;;;;
CABI;;;;;
Cabs For Women (Pty) Ltd;;;;;
Cabworld (Pty) Ltd;;;;;
CabXpress CC;;;;;
cacademy.com;;;;;
ca-cdm.ma;;;;;
Cachet International Holdings (Pty) Ltd;;;;;
Caco Trading CC;;;;;
CACOMIAF;;;;;
Cactus Carbon (Pty) Ltd;;;;;
cad creations;;;;;
CADAC;;;;;
Cadacsa;;;;;
Cadbury Confy (Pty) Ltd;;;;;
Cadbury Egypt for Importation;;;;;
Cadbury Nigeria Plc;;;;;
Cadbury South Africa (Holdings) Ltd;;;;;
Cadence;;;;;
Cadence Capital (Pty) Ltd;;;;;
cadgroup.co.za;;;;;
cadiant.co.za;;;;;
Cadiz Asset Management (Pty) Ltd;;;;;
Cadiz Collective Investments (RF) (Pty) Ltd;;;;;
Cadiz Corporate Solutions (Pty) Ltd;;;;;
Cadiz Foundation;;;;;
Cadiz Holdings (Pty) Ltd;;;;;
Cadiz Life Ltd;;;;;
Cadiz Specialised Asset Management (Pty) Ltd;;;;;
CAE Computer Aided E-learning;;;;;
Caesars Entertainment Corporation;;;;;
CAF;;;;;
CAFCA Ltd;;;;;
Cafe Caps (Pty) Ltd;;;;;
caffe.co.za;;;;;
Cailogistics Limited;;;;;
Cairn South Africa (Pty) Ltd;;;;;
Cairo;;;;;
Cairo Bank Uganda;;;;;
Cairo Development and Investment Company SAE;;;;;
Cairo for Educational Services SAE;;;;;
Cairo International Bank;;;;;
Cairo Investment and Real Estate Development SAE;;;;;
Cairo Oils and Soap Company SAE;;;;;
Cairo Poultry Company SAE;;;;;
Cairo Poultry Processing Company SAE;;;;;
Cairo Specialised Hospital SAE;;;;;
Caisse Des Depots Et Consignations;;;;;
Caisse Nationale de Prévoyance Sociale;;;;;
Caixa Economica de Cabo Verde SA;;;;;
CAL Asset Management Company Ltd;;;;;
CAL Bank Nominees Ltd;;;;;
CAL Brokers Ltd;;;;;
Calaska Trading 132 (Pty) Ltd;;;;;
Calaska Trading 143 (Pty) Ltd;;;;;
calaw.mu;;;;;
CalBank PLC;;;;;
calbrey.com;;;;;
CALEB;;;;;
Caledon Suiwel (Pty) Ltd;;;;;
Caledonia Mining;;;;;
Caleo Capital (Pty) Ltd;;;;;
Calgro M3 Developments Ltd;;;;;
Calgro M3 Holdings Ltd;;;;;
Calgro M3 Memorial Parks (Pty) Ltd;;;;;
Calibre Capital (RF) (Pty) Ltd;;;;;
California Pharmaceuticals (Pty) Ltd;;;;;
Call Center International Kenya;;;;;
callcabinet.co.za;;;;;
CallForce;;;;;
CallForce Direct (Pty) Ltd;;;;;
Callguard Security Services (Pty) Ltd;;;;;
Callie Roos & Associates CC;;;;;
Calltronix;;;;;
Cal-Mo (Pty) Ltd;;;;;
Calpine Investments (Pvt) Ltd;;;;;
Calshelf Investments 223 (Pty) Ltd;;;;;
Caltoni Knitwear CC;;;;;
Calulo Investments (Pty) Ltd;;;;;
Calulo Marine (Pty) Ltd;;;;;
Calulo Newco (Pty) Ltd;;;;;
Calulo Newco SPV (Pty) Ltd;;;;;
Calulo Petrochemicals (Pty) Ltd;;;;;
Calulo Services (Pty) Ltd;;;;;
Calulo Terminals (Pty) Ltd;;;;;
CAM Industries;;;;;
Cam Iron SA;;;;;
Cam-A-Lot Rentals CC;;;;;
Camargo Correa Mozambique Lda;;;;;
Camargue Underwriting Managers (Pty) Ltd;;;;;
Cambridge University Press South Africa (Pty) Ltd;;;;;
Cambrige Foods;;;;;
Camdeboo Local Municipality;;;;;
Camden Bay Investments 48 (Pty) Ltd;;;;;
Camel Fuels (Pty) Ltd;;;;;
Camellia Plc;;;;;
Camelot Ghana Ltd;;;;;
camelothealth.co.za;;;;;
Cameraman CC (The);;;;;
Cameroon Alumina Ltd;;;;;
Caminex SARL;;;;;
Campbell Project Management Services (Ethiopia) Plc;;;;;
Camping and Boating Centre (Pty) Ltd;;;;;
Campofrio Food Group SAU;;;;;
Campus and Property Management Company (Pty) Ltd;;;;;
Campus Protection Society of Southern Africa;;;;;
Campwell Hardware (Pty) Ltd;;;;;
Camusat;;;;;
Can!Do Consulting;;;;;
Can!Do Consulting (Pty) Ltd;;;;;
Can!do Services (Pty) Ltd;;;;;
Canadian Alliance for Business in South Africa;;;;;
Canal Shipping Agencies Company SAE;;;;;
Canara Bank;;;;;
Cancer Association of South Africa;;;;;
Candor Technologies (Pty) Ltd;;;;;
candu.co.za;;;;;
Candy Tops (Pty) Ltd;;;;;
canegrowers.co.za;;;;;
Canning Fruit Producers Association;;;;;
Cannistraro Investments 240 (Pty) Ltd;;;;;
Cannon Asset Managers (Pty) Ltd;;;;;
Cannon General Insurance Co. Ltd;;;;;
Canon Chemicals Ltd;;;;;
Canon South Africa (Pty) Ltd;;;;;
canonec.co.za;;;;;
CANSA (Pty) Ltd;;;;;
Canvas and Tent Manufacturing (Pty) Ltd;;;;;
canvasmob media;;;;;
Canway;;;;;
Canway (Pty) Ltd;;;;;
Canyon Coal;;;;;
Canyon Coal (Pty) Ltd;;;;;
Canyon Creek 2 Share Block (Pty) Ltd;;;;;
Canyon Creek Share Block Ltd;;;;;
canyon.co.za;;;;;
Cap Classique Producers Association;;;;;
CAP COnsultants;;;;;
CAP Plc;;;;;
Capability BPO;;;;;
CapaCiTi;;;;;
Capacity Outsourcing (Pty) Ltd;;;;;
Capcircle Management Consultants;;;;;
Capcorp Consulting;;;;;
Cape Academic Hospital Investments (Pty) Ltd;;;;;
Cape Agulhas Municipality;;;;;
Cape Audio College;;;;;
Cape Bar Council;;;;;
Cape Centrifuge CC;;;;;
Cape Commodities Traders and Investors 9 (Pty) Ltd;;;;;
Cape Concrete Holdings (Pty) Ltd;;;;;
Cape Concrete Works (Pty) Ltd;;;;;
Cape Consumers (Pty) Ltd;;;;;
Cape Cookies CC;;;;;
Cape Deli (Pty) Ltd;;;;;
Cape Empowerment Trust Ltd;;;;;
Cape Explosives Works Ltd;;;;;
Cape Farewell Property Investments (Pty) Ltd;;;;;
Cape Film Commission;;;;;
Cape Five Export SA (Pty) Ltd;;;;;
Cape Formwork Contractors (Pty) Ltd;;;;;
Cape Fruit Processors (Pty) Ltd;;;;;
Cape Furniture Manufacturers' Association;;;;;
Cape Gannet Properties 261 (Pty) Ltd;;;;;
Cape Gate (Pty) Ltd;;;;;
Cape Grace Hotel (Pty) Ltd;;;;;
Cape Green Forum;;;;;
Cape Heat Exchange (Pty) Ltd;;;;;
Cape Herb and Spice (Pty) Ltd;;;;;
Cape Hot House Vegetables CC;;;;;
Cape Law Society;;;;;
Cape Lime (Pty) Ltd;;;;;
Cape Medical Plan;;;;;
Cape Mint (Pty) Ltd (The);;;;;
Cape Mohair (Pty) Ltd;;;;;
Cape Natural Tea Products (Pty) Ltd;;;;;
Cape Nature;;;;;
Cape Partners Capital (Pty) Ltd;;;;;
Cape Peninsula Organisation for the Aged;;;;;
Cape Peninsula University of Technology;;;;;
Cape Pilchard Pioneer CC;;;;;
Cape Point Operations (Pty) Ltd;;;;;
Cape Port Producers Association;;;;;
Cape Produce Company (Pty) Ltd;;;;;
Cape Rendezvous Hotel (Pty) Ltd;;;;;
Cape Rock Property Trading (Pty) Ltd;;;;;
Cape Theme Parks (Pty) Ltd;;;;;
Cape Town and District Laundry, Cleaners and Dyers' Association;;;;;
cape town baptist seminary;;;;;
Cape Town Community TV Collective;;;;;
Cape Town Creative Academy;;;;;
Cape Town Film Studios (Pty) Ltd;;;;;
Cape Town International Airport;;;;;
Cape Town International Convention Centre Company (RF) SOC Ltd;;;;;
Cape Town International Convention Centre Operating Company (Pty) Ltd;;;;;
Cape Town Iron and Steel Works (Pty) Ltd;;;;;
Cape Town Radio (Pty) Ltd;;;;;
Cape Town Toiletry Company (Pty) Ltd (The);;;;;
Cape Umbrellas (Pty) Ltd;;;;;
Cape Union Mart Group (Pty) Ltd;;;;;
Cape Value (Pty) Ltd;;;;;
Cape Winelands District Municipality;;;;;
Cape Winemakers Guild;;;;;
Cape Wools SA;;;;;
CapeBPO;;;;;
Capegate Crescent Development (Pty) Ltd;;;;;
CapeNature;;;;;
CapeRay Medical (Pty) Ltd;;;;;
Capespan (Pty) Ltd;;;;;
Capespan Group Holdings Ltd;;;;;
Capespan Group Ltd;;;;;
Capespan South Africa (Pty) Ltd;;;;;
Capevin Holdings Ltd;;;;;
Capevin Investments Ltd;;;;;
Capex (Pty) Ltd;;;;;
Capfin (Pty) Ltd;;;;;
Capita;;;;;
Capita plc;;;;;
Capita South Africa;;;;;
Capital & Counties Properties Plc;;;;;
Capital & Regional Plc;;;;;
Capital Africa Steel (Pty) Ltd;;;;;
Capital Air (Pty) Ltd;;;;;
Capital Appreciation Ltd;;;;;
Capital Assignments;;;;;
Capital City Business Chamber;;;;;
Capital Drilling Limited  Cote D'Ivoire;;;;;
Capital Equipment Group (CEG);;;;;
Capital Eye Investments Ltd;;;;;
Capital FM Kenya;;;;;
Capital Group Limited;;;;;
Capital Harvest (Pty) Ltd;;;;;
Capital Hotels Plc;;;;;
Capital Investments Properties (Pty) Ltd;;;;;
Capital Land Investments (Pty) Ltd;;;;;
Capital Land Property Management (Pty) Ltd;;;;;
Capital Legacy;;;;;
Capital Link Partners (Pty) Ltd;;;;;
Capital Markets Authority;;;;;
Capital Markets Authority of Kenya;;;;;
Capital Media (Pty) Ltd;;;;;
Capital Oil Plc;;;;;
Capital One Management South Africa (Pty) Ltd;;;;;
Capital Outsourcing Group (Pty) Ltd;;;;;
Capital Property Fund;;;;;
Capital Propfund (Pty) Ltd;;;;;
Capital Propfund 3 (Pty) Ltd;;;;;
capital.za.com;;;;;
CapitalData Asset Recovery Management (Pty) Ltd;;;;;
CapitalWorks Investment Partners (Pty) Ltd;;;;;
Capitalworks Private Equity GP (Pty) Ltd;;;;;
Capitalworks Private Equity SP GP (Pty) Ltd;;;;;
Capitec Bank Holdings Ltd;;;;;
Capitec Bank Ltd;;;;;
Capitec business;;;;;
Capitec Foundation Trust;;;;;
Capitec Properties (Pty) Ltd;;;;;
capitec.co.za;;;;;
CAPITOL CATERERS;;;;;
Capmat (Pty) Ltd;;;;;
Cappa and D'Alberto Plc;;;;;
Cappfinity;;;;;
Capption;;;;;
Capricorn Asset Management (Pty) Ltd;;;;;
Capricorn Biomedical (Pty) Ltd;;;;;
Capricorn Capital Partners (Pty) Ltd;;;;;
Capricorn District Municipality;;;;;
Capricorn Fund Managers (Pty) Ltd;;;;;
Capricorn Group;;;;;
Capricorn Group Ltd;;;;;
Capricorn Imalivest Fund (Pty) Ltd;;;;;
Capricorn Investment Holdings Ltd;;;;;
Caprini Footwear (Pty) Ltd;;;;;
CAPRISA;;;;;
Capro (Pty) Ltd;;;;;
Capsicum Culinary Studio;;;;;
Capstone 280 (Pty) Ltd;;;;;
Capstone 453 (Pty) Ltd;;;;;
capunionmart.co.za;;;;;
Capvest Wealth Management (Pty) Ltd;;;;;
Capwell Industries;;;;;
Capx Finance (Pty) Ltd;;;;;
Car & General (Automotive) Ltd;;;;;
Car & General (Engineering) Ltd;;;;;
Car & General (Kenya) Plc;;;;;
Car & General (Marine) Ltd;;;;;
Car & General (Piaggio) Ltd;;;;;
Car & General (Rwanda) Ltd;;;;;
Car & General (Tanzania) Ltd;;;;;
Car & General (Trading) Ltd - Kenya;;;;;
Car & General (Trading) Ltd - Tanzania;;;;;
Car & General (Uganda) Ltd;;;;;
Car and General Group;;;;;
Car City Holdings;;;;;
Car Find (Pty) Ltd;;;;;
Car Hire Brokers (Pty) Ltd;;;;;
Car Mall (Pty) Ltd (The);;;;;
Car Rentals Botswana (Pty) Ltd;;;;;
Carab Technologies (Pty) Ltd;;;;;
Carapau Fishing (Pty) Ltd;;;;;
Carbacid Investments Plc;;;;;
CardCentre Nigeria Ltd;;;;;
Cardinal Insurance;;;;;
CardinalStone;;;;;
CardinalStone Partners;;;;;
CardinalStone Partners Limited;;;;;
Cardiomedics (Pty) Ltd;;;;;
Cardona Investments 428 (RF) (Pty) Ltd;;;;;
CARE;;;;;
Care International Kenya;;;;;
CARE Zimbabwe;;;;;
CareConnect;;;;;
CareCross Health (Pty) Ltd;;;;;
Career Connections;;;;;
Career ID;;;;;
Career Wise;;;;;
Careerbox;;;;;
CareerJunction;;;;;
Careers IT;;;;;
CareFusion Corporation;;;;;
CareFusion SA 319 (Pty) Ltd;;;;;
carena.ci;;;;;
Care-Net Development and Support Organisation;;;;;
CarePay;;;;;
CarePay Ltd;;;;;
Cargill Kenya;;;;;
Cargill RSA (Pty) Ltd;;;;;
Cargill Zambia 2009 Ltd;;;;;
Cargo Africa Logistics (Pty) Ltd;;;;;
Cargo Carriers (Pty) Ltd (Botswana);;;;;
Cargo Carriers (Swaziland) (Pty) Ltd;;;;;
Cargo Carriers Ltd;;;;;
Cargo Handling Specialists (Pty) Ltd;;;;;
Cargo Learning Academy;;;;;
Cargo Motors;;;;;
Cargo Planning and Distribution (Pty) Ltd;;;;;
cargoafrica.co.za;;;;;
cargocompass.co.za;;;;;
Cargohub Capital Ltd;;;;;
Cargolux Airlines International SA;;;;;
cargomovers;;;;;
Cargotec Oyj;;;;;
Cargotransit Insurance Underwriting Managers (Pty) Ltd;;;;;
Cari Cold Meats (Pty) Ltd;;;;;
Cari Piggery and Abattoir (Pty) Ltd;;;;;
Caribbean Share Block (Pty) Ltd;;;;;
Caritas Community Outreach;;;;;
Caritas Microfinance Bank Ltd;;;;;
Carl Zeiss (Pty) Ltd;;;;;
Carlin Manufacturing CC;;;;;
Carlsberg;;;;;
Carlson Rezidor Group;;;;;
Carlton Cigarette Company (Pty) Ltd;;;;;
Carlyle Group LP (The);;;;;
Carmi Hatters (Pty) Ltd;;;;;
Carmien Tea (Pty) Ltd;;;;;
Carnaud Metalbox Zimbabwe Ltd;;;;;
CarnaudMetalbox Food South Africa (Pty) Ltd;;;;;
Carnes Valinho Angola;;;;;
Carnilinx (Pty) Ltd;;;;;
Carnival City Casino & Entertainment World A&G Training;;;;;
Carnivore;;;;;
Carno Commodities International (Pty) Ltd;;;;;
Carolina Roller Meule (Pty) Ltd;;;;;
carolinepassmore.com;;;;;
Caromart (Pty) Ltd;;;;;
Carpe Diem Media (Pty) Ltd;;;;;
Carpet & Decor Centre Holdings (Pty) Ltd;;;;;
Carpet and Upholstery Cleaners Association of South Africa (The);;;;;
Carrick (Swaziland) (Pty) Ltd;;;;;
Carrickfs;;;;;
Carrus Information Technology (Pty) Ltd;;;;;
Cars.co.za;;;;;
Cartesian Capital (Pty) Ltd;;;;;
Carthage Cement SA;;;;;
Cartier Saada SA;;;;;
Cartonagens de Mocambique Lda;;;;;
CARTRACK;;;;;
Cartrack Holdings Ltd;;;;;
cartrackc.com;;;;;
CarvinClay Human Capital Consultants;;;;;
CarvinClay People Development;;;;;
Casa do Sol Share Block Ltd;;;;;
Case Hire CC;;;;;
Cash Axcess Corporation (Pty) Ltd;;;;;
Cash Connect Management Solutions (Pty) Ltd;;;;;
Cash Converters Southern Africa (Pty) Ltd;;;;;
Cash Crusaders Franchising (Pty) Ltd;;;;;
Cash Outsourcing Management Services (Pty) Ltd;;;;;
Cash Paymaster Services (KwaZulu-Natal) (Pty) Ltd;;;;;
Cash Paymaster Services (Northern) (Pty) Ltd;;;;;
Cash Paymaster Services (NorthWest) (Pty) Ltd;;;;;
Cash Paymaster Services (Pty) Ltd;;;;;
CASH PLUS;;;;;
Cashbuild (Botswana) (Pty) Ltd;;;;;
Cashbuild (Lesotho) (Pty) Ltd;;;;;
Cashbuild (Namibia) (Pty) Ltd;;;;;
Cashbuild (South Africa) (Pty) Ltd;;;;;
Cashbuild (Swaziland) (Pty) Ltd;;;;;
Cashbuild (Venda Properties) (Pty) Ltd;;;;;
Cashbuild Lilongwe (Pty) Ltd;;;;;
Cashbuild Ltd;;;;;
Cashbuild Management Services (Pty) Ltd;;;;;
Cashbuild Properties (Pty) Ltd;;;;;
Cashmere Trade 19 (Pty) Ltd;;;;;
Casidra SOC Ltd;;;;;
Casino Association of South Africa;;;;;
Cassavatechnologies;;;;;
Cassey's Motors (East Rand) (Pty) Ltd;;;;;
Castanet Trading 1070 CC;;;;;
Castel Malawi Limited;;;;;
Castel Winery Plc;;;;;
Castle Paper Rolls CC;;;;;
Castle Ultra Trading 43 (Pty) Ltd;;;;;
Castleview Property Fund Ltd;;;;;
Castrol South Africa (Pty) Ltd;;;;;
CAT Assurance et Réassurance;;;;;
cataler.co.za;;;;;
Catalyst Consulting (Pty);;;;;
Catbox Services (Pty) Ltd;;;;;
Cater Care (Pty) Ltd (Namibia);;;;;
CATERPILLAR INC.;;;;;
Caterpillar Southern Africa (Pty) Ltd;;;;;
Catgraphics (Pty) Ltd;;;;;
Cathay Pacific Airways Ltd;;;;;
Catheryne Gayela Fashions (Pty) Ltd;;;;;
Catholic Bible Foundation SA;;;;;
Catholic Health Care Association of South Africa;;;;;
Catholic University of Central Africa;;;;;
Cathsseta;;;;;
Cato Ridge Electrical Construction (Pty) Ltd;;;;;
Catra;;;;;
Caturra Coffee Company (Pty) Ltd (The);;;;;
Catwalk Cosmetics Laboratories (Pty) Ltd;;;;;
CAT-WWL Logistics;;;;;
Caudan Development Ltd;;;;;
Caudan Leisure Ltd;;;;;
Caudan Security Services Ltd;;;;;
Cause Marketing Fund Raisers;;;;;
Cavaleros Construction Company (Pty) Ltd;;;;;
Cavaletto 102 (Pty) Ltd;;;;;
Cavalier Abattoir (Pty) Ltd;;;;;
Cavalla Resources Ltd;;;;;
Cavallo Engineering & Construction (Pty) Ltd;;;;;
Caverton Helicopters Ltd;;;;;
Caverton Marine Ltd;;;;;
Caverton Offshore Support Group Plc;;;;;
CAVI Brands;;;;;
CAVI Brands (Pty) Ltd;;;;;
Cavmont Bank Ltd;;;;;
Cavmont Capital Holdings Zambia Plc;;;;;
Caxton and CTP Publishers and Printers Ltd;;;;;
Caxton Holdings (Pty) Ltd;;;;;
Caxton Ltd;;;;;
Caxton Share Investments (Pty) Ltd;;;;;
CB Autoglass (Pty) Ltd;;;;;
CB One CC;;;;;
CBA Group;;;;;
cbao.sn;;;;;
CBC Fasteners (Pty) Ltd;;;;;
CBE Southern Africa;;;;;
cbfa.co.za;;;;;
CBI Constructors S A (Pty) Ltd;;;;;
CBIE;;;;;
CBL Agri International (Pty) Ltd;;;;;
CBL Agri Zambia Ltd;;;;;
CBM Training;;;;;
CBRE Excellerate;;;;;
cbsl-biz.com;;;;;
Cbu;;;;;
CBZ Bank Ltd;;;;;
CBZ Holdings Ltd;;;;;
C-Care Mauritius Ltd;;;;;
c-care.mu;;;;;
ccb1.co.za;;;;;
ccbagoup.com;;;;;
ccbagroup.co;;;;;
ccbsa.com;;;;;
CCD Couriers;;;;;
CCDI Capital (Pty) Ltd;;;;;
CCDI Connect (Pty) Ltd;;;;;
CCDI Create (Pty) Ltd;;;;;
CCECC Nigeria Ltd;;;;;
CCG Cable Terminations Pty Ltd;;;;;
CCG SYSTEMS;;;;;
CCI Kenya;;;;;
CCI SA (Durban) (Pty) Ltd;;;;;
CCI South Africa (Pty) Ltd;;;;;
CCI Technology Holdings Ltd;;;;;
CCI Technology Solutions (Pty) Ltd;;;;;
CCISA;;;;;
ccoralite.co.za;;;;;
CCPA Properties (Pty) Ltd;;;;;
ccvagroup.com;;;;;
cdbiz.co.za;;;;;
CDC-CI;;;;;
cdg.co.za;;;;;
CDH Investment Bank;;;;;
CDK Global;;;;;
CE And R / DoGoodNow;;;;;
CEB - Gartner;;;;;
CEB FiberNet;;;;;
CEB Maintenance Africa (Pty) Ltd;;;;;
CEC Africa Investments Ltd;;;;;
CEC Liquid Ltd;;;;;
CEC Liquid Telecommunications Ltd;;;;;
Cecil Nurse (Pty) Ltd;;;;;
Cecil Nurse Namibia (Pty) Ltd;;;;;
CEC-Kabombo Hydro Power Company Ltd;;;;;
CEDA – Citizen Entrepreneurial Development Agency;;;;;
CEDA_BW;;;;;
Cedar Employee Benefits (Pty) Ltd;;;;;
Cedar Healthcare Consultants (Pty) Ltd;;;;;
Cedar Isle Auto (Pty) Ltd;;;;;
Cedarwood School RSA;;;;;
Cederberg Municipality;;;;;
Cederbergraad;;;;;
cedsif.gov.mz;;;;;
Ceed Learning;;;;;
CEF (SOC) Ltd;;;;;
Celasys (Pty) Ltd;;;;;
Celcom Group (Pty) Ltd;;;;;
Celebrate Heritage Research and Development Hub;;;;;
Celero Ltd;;;;;
Celestis Broker Services (Pty) Ltd;;;;;
CELFER Lda;;;;;
Cell C Limited;;;;;
Cell C Ltd;;;;;
cell.co.za;;;;;
cellnetwork.co.za;;;;;
Cellulant;;;;;
Cellulant Kenya;;;;;
CELLULANT LIMITED;;;;;
Cellular Warehouse (Pty) Ltd;;;;;
Celmid (Pvt) Ltd;;;;;
Celrose (Pty) Ltd;;;;;
Celsys Ltd;;;;;
Celtel (Mauritius) Holdings Ltd;;;;;
Celtel Cameroon SA;;;;;
Celtel Niger S.A;;;;;
Cem Air (Pty) Ltd;;;;;
Cemair;;;;;
Cemcrete;;;;;
Cement & Concrete Institute;;;;;
Cement Company of Northern Nigeria Plc;;;;;
Cementation Company (Africa) (Pty) Ltd (The);;;;;
Cementis;;;;;
Cemes;;;;;
cemhussein.co.uk;;;;;
Cenex;;;;;
Cenmag Holdings Ltd;;;;;
Cennergi (Pty) Ltd;;;;;
Cenon Holdings (Pty) Ltd;;;;;
Centa Fire (Pty) Ltd;;;;;
Centamin Plc;;;;;
Centenary Bank;;;;;
Centenary Jewellers (Pty) Ltd;;;;;
Centenary Rural Development Bank Ltd;;;;;
centenerybank.co.ug;;;;;
Centeq Events CC;;;;;
Center for Clinical Care and Clinical Research;;;;;
Center for Creative Leadership;;;;;
centillion.co.za;;;;;
CENTLEC;;;;;
Centlube;;;;;
Centlube (Pty) Ltd;;;;;
Centra African Forge;;;;;
Centrafin Pty;;;;;
Centrafin Pty Ltd;;;;;
Central Africa Building Society;;;;;
Central Applications Office;;;;;
Central Applications Office (RF);;;;;
Central Ashanti Gold Joint Venture;;;;;
Central Bank of Botswana;;;;;
Central Bank of EswatiniUmntsholi Wemaswati;;;;;
Central Bank of Kenya;;;;;
Central Bank of Lesotho;;;;;
Central Bank of Swaziland;;;;;
Central Bank of Tunisia????? ??????? ???????Banque Centrale de Tunisie;;;;;
Central Bank of West African States;;;;;
Central Creations;;;;;
Central Depository & Settlement Co Ltd;;;;;
Central Depository & Settlement Corporation Kenya;;;;;
Central Depository & Settlement Corporation Ltd (CDSC);;;;;
Central Depository Nominees (Pty) Ltd;;;;;
Central Development Corporation;;;;;
Central Edible Oil (Pty) Ltd;;;;;
Central Electricals International Limited;;;;;
Central Geral de Sindicatos Independentes e Livres de Angola;;;;;
Central Glass Industries Ltd;;;;;
Central Horizon Gas Company Ltd;;;;;
Central Karoo District Municipality;;;;;
Central Media Group (Pty) Ltd;;;;;
Central Property Development Johannesburg (Pty) Ltd;;;;;
Central Rand Gold Ltd;;;;;
Central Squash Properties (Pty) Ltd;;;;;
Central Technical College (Pty) Ltd;;;;;
Central Termica de Ressano Garcia;;;;;
Central University of Technology;;;;;
Centrale Danone SA;;;;;
Centravoice (Pty) Ltd;;;;;
Centrax Systems;;;;;
centraxsa.co.za;;;;;
Centre for Development and Enterprise;;;;;
Centre for Health Solutions - Kenya;;;;;
Centre for Higher Education Transformation;;;;;
Centre for Infectious Disease Research in Zambia (CIDRZ);;;;;
Centre for the Book;;;;;
Centrecity Property Fund;;;;;
Centreview Development Ltd;;;;;
Centreview Investments Ltd;;;;;
Centriq Insurance Company Ltd;;;;;
Centriq Life Insurance Company Ltd;;;;;
Centum Business Solutions Limited;;;;;
Centum Development Company Ltd;;;;;
Centum Exotics Ltd;;;;;
Centum Investment Company Ltd;;;;;
Centum Learning Limited;;;;;
Centurion Systems (Pty) Ltd;;;;;
Centurion Truck and Bus (Pty) Ltd;;;;;
Centurion Vision Development (Pty) Ltd;;;;;
centurionsystems.co.za;;;;;
Century Avionics CC;;;;;
Century Bottling Company Ltd;;;;;
Century Capital (Pty) Ltd;;;;;
Century City Conference Centre;;;;;
Century Group;;;;;
Century Ways Trading (Pty) Ltd;;;;;
Ceramic Industries (Pty) Ltd;;;;;
Ceratech Coatings (Africa) (Pty) Ltd;;;;;
Ceratech Group (Pty) Ltd;;;;;
Cerdak (Pty) Ltd;;;;;
Cerealis SA;;;;;
Cerebos Ltd;;;;;
Cerebra Communication (Pty) Ltd;;;;;
Ceres Fruit Growers;;;;;
Ceres Fruit Juices (Pty) Ltd;;;;;
Ceres Fruit Processors (Pty) Ltd;;;;;
Ceres Golf Estate Development Company (Pty) Ltd;;;;;
Cerno Credit Solutions (Pty) Ltd;;;;;
CernotechPty;;;;;
Cervejas De Mozambique SA;;;;;
CestaSoft;;;;;
Ceta Biometric;;;;;
CETA Construcao e Servicos SA;;;;;
Cetawico Ltd;;;;;
cetc.edu.za;;;;;
CETIC Spa;;;;;
CEVA Logistics South Africa (Pty) Ltd;;;;;
CFA Air Charters (Pty) Ltd;;;;;
CFAO Consumer Retail;;;;;
CFAO Ghana PLC;;;;;
CFAO Group;;;;;
CFAO Malawi Ltd;;;;;
CFAO Motors Benin;;;;;
CFAO Motors Burkina SA;;;;;
CFAO Motors Cote d'Ivoire SA;;;;;
CFAO Motors Gambia Ltd;;;;;
CFAO Motors Ghana;;;;;
CFAO Motors Guinee;;;;;
CFAO Motors Mali;;;;;
CFAO Motors Niger;;;;;
CFAO Motors Nigeria;;;;;
CFAO Motors Sao-Et-Principe Lda;;;;;
CFAO Motors Senegal;;;;;
CFAO Motors Tchad;;;;;
CFAO Technologies SA;;;;;
CFAO Zambia Ltd;;;;;
cfao.com;;;;;
cfaomotors.co.za;;;;;
CFB Medical Centre;;;;;
cfgrp.co.za;;;;;
CFI Holdings Ltd;;;;;
CFM Mozambique;;;;;
CFR Freight (South Africa) (Pty) Ltd;;;;;
CFS 1 Investments (Pty) Ltd;;;;;
CFS II Investments (Pty) Ltd;;;;;
Cft;;;;;
Cgdgovsolutions;;;;;
cgeci.ci;;;;;
CGEM;;;;;
CGG Airborne Survey (Pty) Ltd;;;;;
CGI Visual;;;;;
cgic.co.za;;;;;
CGIS Refrigeration Group (Pty) Ltd;;;;;
CGMS Properties (Pty) Ltd;;;;;
cgnpc.com.cn;;;;;
CGS Investments (Pty) Ltd;;;;;
CGU Insurance Ltd;;;;;
CH Group Limited (Ghana);;;;;
Chaabi LLD;;;;;
Chad Tower Technology Sarl;;;;;
Chaldean Trading 67 (Pty) Ltd;;;;;
Challenge Hypermarkerts Ltd;;;;;
Chalmar Beef (Pty) Ltd;;;;;
CHAMalawi;;;;;
Chamber Lane Properties 18 (Pty) Ltd;;;;;
Chamber of Mines of Zimbabwe;;;;;
Chambishi Metals Plc;;;;;
Chamdor Meat Packers (Pty) Ltd;;;;;
Chamigel Boerdery CC;;;;;
Chamotte Holdings (Pty) Ltd;;;;;
Champion Breweries Plc;;;;;
Champion Diamond Mining (Pty) Ltd;;;;;
Champion Health Care (Pty) Ltd;;;;;
Champ's Choice Feeds CC;;;;;
Chams Plc;;;;;
ChamsAccess Ltd;;;;;
ChamsMobile Ltd;;;;;
ChamsSwitch Ltd;;;;;
Chandarana Foodplus;;;;;
Chandaria Industries;;;;;
Chandling International (Pty) Ltd;;;;;
Change Agility;;;;;
CHANGE IN MINDSET (PTY) LTD;;;;;
Change Partners;;;;;
change-worx.co.za;;;;;
Changing Tides 132 (Pty) Ltd;;;;;
Changing Tides 166 (Pty) Ltd;;;;;
Changing Tides 289 (Pty) Ltd;;;;;
Changing Tides 91 (Pty) Ltd;;;;;
Channel Data (Pty) Ltd;;;;;
Channel Innovation (Pty) Ltd;;;;;
Channel Life Ltd;;;;;
Channel Mobile;;;;;
Channel Sea Management Company Mauritius Ltd;;;;;
Channelware (Pty) Ltd;;;;;
Chapelat-Humphries Investments (Pty) Ltd;;;;;
ChapterOne Innovation;;;;;
Chapudi Coal (Pty) Ltd;;;;;
Char Technology (Pty) Ltd;;;;;
Charisma Healthcare Solutions (Pty) Ltd;;;;;
Charles Hammargren;;;;;
Charlotte Rhys Manufacturing (Pty) Ltd;;;;;
Charlvon Limited;;;;;
Charmal Four Trading CC;;;;;
Charmers Sportswear CC;;;;;
Charnaud & Co;;;;;
Charson Properties CC;;;;;
Chart Learning Solutions;;;;;
Chartell College;;;;;
Charter Wrapmaster (Pty) Ltd;;;;;
Chartered Accountants Medical Aid Fund;;;;;
Chartered Auto Rental Services (Pty) Ltd;;;;;
Chartered Institute of Bankers, Ghana;;;;;
Chartered Institute of Building (The);;;;;
Chartered Institute of Logistics and Transport South Africa (The);;;;;
Chartered Institute of Management Accountants;;;;;
Chartered Institute of Taxation of Nigeria (The);;;;;
Chartered Wealth Solutions;;;;;
Chas Everitt International;;;;;
Chase Software;;;;;
Chaswill Process Technologies;;;;;
Chateau Gateaux;;;;;
Chatz Cellular (Pty) Ltd;;;;;
Chaucer Properties (Pty) Ltd;;;;;
chcgroup.co.za;;;;;
Check Point Software Technologies (Pty) Ltd;;;;;
Checkers Food Services;;;;;
CheckMark;;;;;
Checkout (Pty) Ltd;;;;;
Cheetahs;;;;;
Chegutu Canners (Pvt) Ltd;;;;;
Chellarams Plc;;;;;
Chem Systems (Pty) Ltd;;;;;
Chemaf Sprl (DRC);;;;;
Chemco Holdings Ltd;;;;;
Chemco Ltd;;;;;
Chemetall (Pty) Ltd;;;;;
Chemfit (Pty) Ltd;;;;;
Chemfit Fine Chemicals (Pty) Ltd;;;;;
Chemfit Process Additives (Pty) Ltd;;;;;
Chemfit Technical Products (Pty) Ltd;;;;;
Chemgrit Plastics (Pty) Ltd;;;;;
Chemical and Allied Industries Association;;;;;
Chemical Industries Education and Training Authority;;;;;
Chemical Initiatives;;;;;
Chemical Initiatives (Pty) Ltd;;;;;
Chemical Services Ltd;;;;;
Chemical Specialities Ltd;;;;;
Chemical Specialities Namibia (Pty) Ltd;;;;;
Chemical Wisdom CC;;;;;
Chemical Wise CC;;;;;
Chemical, Energy, Paper, Printing, Wood and Allied Workers' Union;;;;;
Chemical, Wood and Allied Workers Union;;;;;
chemicalconvertors.co.za;;;;;
Cheminova Industries A/S;;;;;
Chemiphos SA (Pty) Ltd;;;;;
Chemipol Solutions (Pty) Ltd;;;;;
Chemisphere Technologies (Pty) Ltd;;;;;
Chempure (Pty) Ltd;;;;;
Chem-Science Laboratories (Pty) Ltd;;;;;
ChemSpec Botswana (Pty) Ltd;;;;;
Chemtura (Pty) Ltd;;;;;
Chemvulc South Africa;;;;;
Chemwes (Pty) Ltd;;;;;
Chenin Blanc Association of South Africa;;;;;
CHEP Logistics;;;;;
CHEP SOUTH AFRICA;;;;;
Chepkoy enterprises;;;;;
Cherangani Trade and Invest 6 (Pty) Ltd;;;;;
Cherry Moss Trade and Invest 188 (Pty) Ltd;;;;;
Cherry Sales (Pty) Ltd;;;;;
Cheryl Carter and Associates;;;;;
Cheryl Kahla;;;;;
chesterretail.co.za;;;;;
chestersa.com;;;;;
Chestnut Hill Investments 354 (Pty) Ltd;;;;;
Chet Chemicals (Pty) Ltd;;;;;
Chevron Africa - Pakistan Services (Pty) Ltd;;;;;
CHEVRON CORPORATION;;;;;
CHI Capital Ltd;;;;;
CHI Ltd;;;;;
Chibuku Products Ltd;;;;;
Chibuluma Mines Plc;;;;;
Chic Shoe Manufacturers (Pty) Ltd;;;;;
Chicago Bridge & Iron Co NV;;;;;
Chicason Group;;;;;
Chicason group Ltd;;;;;
Chicken Management Services (Pty) Ltd;;;;;
Chickenland (Pty) Ltd;;;;;
chickenman.co.za;;;;;
chickhenderson.co.za;;;;;
Chicks Scrap Metals (Pty) Ltd;;;;;
Chicory SA (Pty) Ltd;;;;;
CHIDINMA KILASO;;;;;
chidzva.co.zw;;;;;
Chief Albert Luthuli Local Municipality;;;;;
CHIETA;;;;;
Chigo Airconditioning CC;;;;;
Chilanga Cement PLC;;;;;
ChildFund Kenya;;;;;
Childish Trading and Manufacturing (Pty) Ltd;;;;;
childwelfarephoenix.co.za;;;;;
Chill Beverages International (Pty) Ltd;;;;;
Chiltern Farms;;;;;
China Civil Engineering Construction Corporation;;;;;
China Communications Construction Company Ltd;;;;;
China Construction Bank Corporation;;;;;
China COSCO Shipping Corporation Ltd;;;;;
China Jiangxi International Kenya Ltd;;;;;
China Merchants Port Holdings Company Ltd;;;;;
China Overseas Engineering Group Company Ltd;;;;;
China Railway Group Ltd;;;;;
China Road & Bridge Corporation;;;;;
China State Hualong Construction Ghana Ltd;;;;;
China Wu Yi Company Ltd;;;;;
China Zhongxing Construction Company Ltd;;;;;
Chinese Bike Parts (Pty) Ltd;;;;;
Chipkins Puratos;;;;;
Chipkins Puratos (Pty) Ltd;;;;;
Chirano Gold Mines Ltd;;;;;
Chiredzi Township (Pvt) Ltd;;;;;
Chiropractic Association of South Africa (The);;;;;
chis.ma;;;;;
Chiyoda Corporation;;;;;
Chizim Gold (Pvt) Ltd;;;;;
Chloride Exide Limited;;;;;
CHM Vuwani Computer Solutions (Pty) Ltd;;;;;
chmvuwanipol.co.za;;;;;
Chobe Farms (Pty) Ltd;;;;;
Chobe Holdings Ltd;;;;;
Choc Late Lace CC;;;;;
Chocolaterie Confiserie Camerounaise SA t/a Chococam (Cameroon);;;;;
Chocolats Marionnettes CC;;;;;
Chohans Spice (Pty) Ltd;;;;;
Choice Wise Trading (Pty) Ltd;;;;;
Choppies Enterprises Ltd;;;;;
Choppies Supermarkets Ltd;;;;;
Chouette Software Solutions;;;;;
Chris Hani District Municipality;;;;;
Christ Is The Answer Ministries;;;;;
Christel House International;;;;;
Christelike Uitgewersmaatskappy (Pty) Ltd;;;;;
Christensen Tools;;;;;
Christian Health Association of Kenya;;;;;
Christian health Association of kenya( CHAK);;;;;
Christo Brand;;;;;
Chrome Resources (Pty) Ltd;;;;;
Chrome Traders (Pty) Ltd;;;;;
Chrometco Ltd;;;;;
Chronic Medicine Dispensary (Pty) Ltd;;;;;
Chrono Linehaul (Pty) Ltd;;;;;
Chronopost;;;;;
Chrysler South Africa (Pty) Ltd;;;;;
Chryso Southern Africa (Pty) Ltd;;;;;
chrysosa.co.za;;;;;
chrysosa-abe.co.za;;;;;
CHS Claims Handling Services (Pty) Ltd;;;;;
CHSM Incorporate Att;;;;;
Chuanxian Clothing (Pty) Ltd;;;;;
Chubb Fire Security (SA) Ltd;;;;;
Chubb Holdings (Pty) Ltd;;;;;
Chubb Insurance South Africa Ltd;;;;;
Chuma Platinum SPV (Pty) Ltd;;;;;
Chung Fung (Pty) Ltd;;;;;
Ci Collective Investments (RF) (Pty) Ltd;;;;;
CI ENERGIES;;;;;
CI Holdings (Pty) Ltd;;;;;
CIB (Pty) Ltd;;;;;
CIB Insurance Company Ltd;;;;;
CIB Kenya;;;;;
cib.co.ug;;;;;
Ciba Packaging (Pty) Ltd;;;;;
Cibapac;;;;;
Cibecs;;;;;
CIC Asset Management Ltd;;;;;
CIC General Insurance Ltd;;;;;
CIC Group PLC;;;;;
CIC Holdings Ltd;;;;;
CIC Insurance Group Limited;;;;;
CIC Life Assurance Ltd;;;;;
CIC Property Holding Trust (Pty) Ltd;;;;;
CIC Swaziland (Pty) Ltd;;;;;
Cica Motors Kenya Ltd;;;;;
CICOTI Lda;;;;;
CIDRZ NGO;;;;;
CIDT (Ivorian Company for the Development of Textile);;;;;
cidt.ci;;;;;
CIEL Corporate Services Ltd;;;;;
CIEL Healthcare Limited;;;;;
Ciel Healthcare Ltd (Uganda);;;;;
CIEL Ltd;;;;;
CIEL Textile;;;;;
CIEL Textile Ltd;;;;;
CIFOR-ICRAF;;;;;
Cigi Cell (Pty) Ltd;;;;;
cigicell.co.za;;;;;
Cigna Healthcare Africa;;;;;
Cigna Intellectual Property Inc;;;;;
Ciheb Kenya;;;;;
Cilaris Trading (Pty) Ltd;;;;;
CIM Chemicals (Pty) Ltd;;;;;
Cim Finance Ltd;;;;;
CIM Financial Services Ltd;;;;;
Cim Group;;;;;
Cimas Medical Aid;;;;;
Cimat;;;;;
Cimelta Madagascar SA;;;;;
Ciments de l'Atlas;;;;;
Ciments Du Maroc SA;;;;;
Ciments du Nord;;;;;
Cimerwa Cement Limited;;;;;
Cimerwa Ltd;;;;;
CIMFASO;;;;;
CIMPOR;;;;;
Cimpress Tunisie;;;;;
Cindy J Consulting;;;;;
Cine Gate Africa Operations (Pty) Ltd;;;;;
Cinqcorp (Pty) Ltd;;;;;
CIO Africa;;;;;
Cipal Telecommunication CC;;;;;
Cipherwave;;;;;
CipherWave;;;;;
Cipla Limited;;;;;
Cipla Medpro Botswana (Pty) Ltd;;;;;
Cipla Medpro South Africa (Pty) Ltd;;;;;
CIPRO;;;;;
Circle Components CC;;;;;
Circle Domestic Freight (Pty) Ltd;;;;;
Circle T Consulting CC;;;;;
Circle Way Trading 71 (Pty) Ltd;;;;;
Circon Systems (Pty) Ltd;;;;;
Circuit Breaker Industries (Pty) Ltd;;;;;
Ciro;;;;;
Ciro Beverage Solutions (Pty) Ltd;;;;;
CIRO Full Service Beverage Co.;;;;;
Cirrus Oil;;;;;
CIS Engineering (Pty) Ltd;;;;;
Cisco Systems (South Africa) (Pty) Ltd;;;;;
Cisco Systems Capital South Africa (Pty) Ltd;;;;;
Cisco Technology and Services (South Africa) (Pty) Ltd;;;;;
cisrdc.com;;;;;
CIT Holdings (Pty) Ltd;;;;;
Citadel Wealth (Pty) Ltd;;;;;
Citc, Zagazig university;;;;;
Citect (Pty) Ltd;;;;;
citedel.co.za;;;;;
CITET;;;;;
Citi Cameroon;;;;;
Citi Connect Business Solutions (Pty) Ltd;;;;;
Citi Connect Technologies (Pty) Ltd;;;;;
Citi South Africa;;;;;
Citibank Kenya;;;;;
Citibank NA;;;;;
Citibank Zambia Limited;;;;;
Citiconnect Civils (Pty) Ltd;;;;;
Citiconnect Communications (Pty) Ltd;;;;;
Citiconnect Networks (Pty) Ltd;;;;;
citiconnect.co.za;;;;;
Citigroup Global Markets (Pty) Ltd;;;;;
Citigroup South Africa Credit Products (Pty) Ltd;;;;;
Citiq Meter Solutions (Pty) Ltd;;;;;
Citiq Students (Pty) Ltd;;;;;
Citizen (1978) (Pty) Ltd (The);;;;;
Citizen Entrepreneurial Development Agency (CEDA);;;;;
Citizen Ltd (The);;;;;
Citizen Newspapers;;;;;
Citrans Global Ltd;;;;;
Citrix;;;;;
Citrix Systems, Inc.;;;;;
Citrus Growers Association of Southern Africa;;;;;
City and Beach Hotels (Mauritius) Ltd;;;;;
City and Guilds;;;;;
City CMT (Pty) Ltd;;;;;
City Deep Salvage Company (Pty) Ltd;;;;;
City Express Stores (Pty) Ltd;;;;;
City Hospital (Pty) Ltd;;;;;
City Lodge Hotels Ltd;;;;;
City Logistics;;;;;
City of Cape Town;;;;;
City of Ekurhuleni Metropolitan Municipality;;;;;
City of Joburg;;;;;
City of Johannesburg Metropolitan Municipality;;;;;
City of Matlosana Local Municipality;;;;;
City of Mbombela Local Municipality;;;;;
City of Tshwane Metropolitan Municipality (The);;;;;
City of uMhlathuze;;;;;
City of Windhoek;;;;;
City Office CC;;;;;
City Power Johannesburg SOC Ltd;;;;;
City Securities Registrar Ltd;;;;;
City Varsity (Pty) Ltd;;;;;
City X Logistics;;;;;
Citycat Properties (Pty) Ltd;;;;;
cityglass.co.za;;;;;
Citygroup (Pty) Ltd;;;;;
cityparks.com;;;;;
cityprop.co.za;;;;;
Civcontract Civils (Pty) Ltd;;;;;
Civeng Construction (Pty) Ltd;;;;;
CIVICUS: World Alliance for Citizen Participation;;;;;
Civil Aviation Authority of Botswana;;;;;
Civil Aviation Authority of Zimbabwe;;;;;
Civil Aviation Authority Uganda;;;;;
Civils 2000;;;;;
CJ Maartens;;;;;
CJP Chemicals (Pty) Ltd;;;;;
CK Tobacco Distributors (Pty) Ltd;;;;;
CK Tobacco Trading (Pty) Ltd;;;;;
CKL Africa;;;;;
Ckr Consulting Engineers;;;;;
cks.co.za;;;;;
Claims Fulfilment Company (Pty) Ltd;;;;;
Clareen Investments (Pty) Ltd;;;;;
Claremont Holdings (Pty) Ltd;;;;;
Clarendon Transport Underwriting Managers (Pty) Ltd;;;;;
Clariant International AG;;;;;
Clariant Southern Africa (Pty) Ltd;;;;;
Clarins (South Africa) (Pty) Ltd;;;;;
Claritas International;;;;;
Clarity Global Strategic Communications (Pty) Ltd – South Africa;;;;;
clarity.org.za;;;;;
Clarity4D;;;;;
Clark & Kent;;;;;
Clark Cotton Zambia Ltd;;;;;
Clarke Energy;;;;;
Clarklift South Africa (Pty) Ltd;;;;;
Clarotech Consulting;;;;;
Clarotech Consulting (Pty) Ltd;;;;;
Class A Trading 253 (Pty) Ltd;;;;;
Classic FM South Africa (Pty) Ltd;;;;;
Clause Maghreb EURL;;;;;
Clay Brick Association Limited;;;;;
Clay Industry Nigeria Ltd;;;;;
Clay Springs Investments (Pty) Ltd;;;;;
Clayville Garden City Housing Company (Pty) Ltd;;;;;
CLC Africa;;;;;
Clean Cooking Fuel Investments Ltd;;;;;
Clean Solutions Zambia;;;;;
Clean Up Guy (The) CC;;;;;
Cleanico;;;;;
Cleaning Africa Services (Pty) Ltd;;;;;
Cleaning Brothers CC (The);;;;;
CleanTek (Pty) Ltd;;;;;
Clear Access;;;;;
Clear Choice Builders (Pty) Ltd;;;;;
Clear Creek Trading 152 (Pty) Ltd;;;;;
Clear Creek Trading 167 (Pty) Ltd;;;;;
Clear Vision Optometrists (Pty) Ltd;;;;;
Cleopatra Hospital Company SAE;;;;;
Cleveland Crane Hire;;;;;
ClickaBet (Pty) Ltd;;;;;
Clickatell;;;;;
Clicks Direct Medicines (Pty) Ltd;;;;;
Clicks Group (Namibia) (Pty) Ltd;;;;;
Clicks Group Ltd;;;;;
Clicks Organisation (Botswana) (Pty) Ltd;;;;;
Clicks Retailers (Pty) Ltd;;;;;
Clidet No 232 (Pty) Ltd;;;;;
Clidet No 613 (Pty) Ltd;;;;;
Clidet No 620 (RF) (Pty) Ltd;;;;;
Clidet No 629 (Pty) Ltd;;;;;
Clidet No 664 (RF) (Pty) Ltd;;;;;
Clidet No 749 (Pty) Ltd;;;;;
Clidet No 754 (Pty) Ltd;;;;;
Clidet No 755 (Pty) Ltd;;;;;
Clientele General Insurance Ltd;;;;;
Clientele Life Assurance Company Ltd;;;;;
Clientele Loans Direct (Pty) Ltd;;;;;
Clientele Ltd;;;;;
Clientele Mobile (Pty) Ltd;;;;;
Clientele Properties East (Pty) Ltd;;;;;
Clientele Properties South (Pty) Ltd;;;;;
ClientEye Inc;;;;;
clientservices.co.za;;;;;
cliffaccountants.co.za;;;;;
Cliffe Dekker Hofmeyr Inc;;;;;
Clifford Chance LLP;;;;;
Clifton Dunes Investments 93 (Pty) Ltd;;;;;
cliksgroup.co.za;;;;;
Climapro Lte;;;;;
Clinco No 5 (Pty) Ltd;;;;;
Clinco No 6 (Pty) Ltd;;;;;
Clindeb Investments Ltd;;;;;
Clinglobal;;;;;
Clinical Engineering Association of South Africa (The);;;;;
Clinical Partners (Pty) Ltd;;;;;
clinicgrp.co.sz;;;;;
Clinigen South Africa (Pty) Ltd;;;;;
clinigen.co.za;;;;;
CLINIQUE DARNÉ;;;;;
Clinix Health Group Ltd;;;;;
Clinker Supplies (Pty) Ltd;;;;;
Clinton;;;;;
Clintoni;;;;;
Clintsand Investments Share Block (Pty) Ltd;;;;;
Clinvet;;;;;
Clipper Coffee and Tea CC;;;;;
Clipper Marine Services (Pty) Ltd;;;;;
Clipsal Industries (Pty) Ltd;;;;;
Clipsal South Africa (Pty) Ltd;;;;;
CLM Civil Contractors Mozambique Lda;;;;;
Clockwork Media;;;;;
Closeal Manufacturing CC;;;;;
closed-circuit;;;;;
Clotan Holdings (Pty) Ltd;;;;;
Clotan Steel (Pty) Ltd;;;;;
Cloud Consulting (Botswana);;;;;
Cloud Direct;;;;;
Cloud Logistics;;;;;
Cloud Productivity Solutions Limited;;;;;
CloudFactory Kenya Ltd;;;;;
CloudHop.it;;;;;
Cloudseed (Pty) Ltd;;;;;
CloudSmiths;;;;;
clouduserinstalls.com;;;;;
Cloudza;;;;;
Clover Beverages Ltd;;;;;
Clover Capital (RF) (Pty) Ltd;;;;;
Clover Frankies (Pty) Ltd;;;;;
Clover Industries Ltd;;;;;
Clover Milkyway (Pty) Ltd;;;;;
Clover SA (Pty) Ltd;;;;;
Clover Waters (Pty) Ltd;;;;;
CLP Packaging South Africa (Pty) Ltd;;;;;
Club Leisure Group (Pty) Ltd;;;;;
Club Mediterranee South Africa (Pty) Ltd;;;;;
Club Travel SA (Pty) Ltd;;;;;
ClubRef;;;;;
clubtech.co.za;;;;;
Cluff Gold (SL) Ltd;;;;;
Cluff Gold (WA) Cote d'Ivoire SARL;;;;;
Cluff Gold Sega Sarl;;;;;
Cluff Mining Burkina Sarl;;;;;
CLV Group;;;;;
Clyde & Co;;;;;
Clyde Bergemann Africa (Pty) Ltd;;;;;
Clyde Steel (Pty) Ltd;;;;;
Clydestone Ghana Ltd;;;;;
CM.com;;;;;
CMA CGM Ghana Ltd;;;;;
CMA CGM SA;;;;;
CMA CGM Senegal;;;;;
CMA CGM Shipping Agencies South Africa (Pty) Ltd;;;;;
CMASA - Club Management Association of Southern Africa;;;;;
C-Max Investments 27 (Pty) Ltd;;;;;
CMB Building Maintenance & Investment Company Ltd;;;;;
CMC Africa Austral Lda;;;;;
CMC Holdings Ltd;;;;;
CMC Motors Group Ltd;;;;;
CMC Network (Pty) Ltd;;;;;
cmcosa.co.za;;;;;
CMH Green Machine (Pty) Ltd;;;;;
CMH Holdings (Pty) Ltd;;;;;
CMH Luxury Motors (Lyndhurst) (Pty) Ltd;;;;;
CMH Luxury Motors (Pty) Ltd;;;;;
CMH Luxury Motors (Umhlanga) (Pty) Ltd;;;;;
CMH Marine and Leisure (Pty) Ltd;;;;;
cmsa-jhb.co.za;;;;;
CMTI Mining Manufacturing (Pty) Ltd;;;;;
CNDV Africa (Pty) Ltd;;;;;
CNH Industrial;;;;;
CNM IT Solutions;;;;;
CNMC Luanshya Copper Mines Plc;;;;;
CNPG;;;;;
CNPS;;;;;
CNRA;;;;;
CNSS - Caisse Nationale de Sécurité Sociale;;;;;
Coach House Nougat Company (Pty) Ltd;;;;;
Coaches & Mentors of South Africa;;;;;
Coaching Culture;;;;;
Coaching for Excellence;;;;;
Coachmans Auto Body Repair CC;;;;;
Coachways;;;;;
Coal of Africa and Arcelormittal Analytical Laboratories (Pty) Ltd;;;;;
Coal Procurement SA (Pty) Ltd;;;;;
Coal Resources (Pty) Ltd;;;;;
Coal Terminal (Management) Co Ltd;;;;;
Coalcor Mining (Pty) Ltd;;;;;
Coalfields Drilling Services (Pty) Ltd;;;;;
CoalLab (Pty) Ltd;;;;;
Coaltech Research Association;;;;;
Coast2Coast Capital (Pty) Ltd;;;;;
Coastlands_Hotels;;;;;
Coastline Auto Rebuilds and Spares CC;;;;;
Cobalt Institute;;;;;
Cobito (Pty) Ltd;;;;;
Cobra Tactical Gear (Pty) Ltd;;;;;
COC Trust Company Ltd (The);;;;;
Coca-Cola;;;;;
Coca-Cola Africa (Pty) Ltd;;;;;
Coca-Cola Beverages Africa (Pty) Ltd;;;;;
Coca-Cola Beverages South Africa (Pty) Ltd;;;;;
Coca-Cola Bottling Company of Ghana Ltd;;;;;
Coca-Cola Bottling Luanda SARL;;;;;
Coca-Cola Bottling Sul de Angola SARL;;;;;
Coca-Cola Canners of Southern Africa (Pty) Ltd;;;;;
Coca-Cola Fortune (Pty) Ltd;;;;;
Coca-Cola Kenya;;;;;
Coca-Cola Kwanza Ltd;;;;;
Coca-Cola Namibia Bottling Company;;;;;
Coca-Cola Peninsula Beverages (Pty) Ltd;;;;;
Coca-Cola Sabco (Pty) Ltd;;;;;
Coca-Cola Sabco Mozambique SARL;;;;;
Coca-Cola Shanduka Beverages South Africa (Pty) Ltd;;;;;
Cochrane International;;;;;
Cochrane Steel Products (Pty) Ltd;;;;;
Coco Haven 31 (Pty) Ltd;;;;;
Cocoa Processing Company Ltd;;;;;
Cocobod Ghana;;;;;
Cocoon Promotions CC;;;;;
Cocre8;;;;;
CoCre8;;;;;
codecafrica.com;;;;;
Coding Dojo Angola;;;;;
Coega Dairy (Pty) Ltd;;;;;
Coega Development Corporation (Pty) Ltd;;;;;
Coessa Development Consortium (Pty) Ltd;;;;;
COFACE;;;;;
Coface South Africa Insurance Company Ltd;;;;;
COFCO South Africa (Pty) Ltd;;;;;
Coffee Capsules Direct (Pty) Ltd;;;;;
Coffey Projects (Africa) (Pty) Ltd;;;;;
COFICAB;;;;;
COFICAB Group;;;;;
Cofina Group;;;;;
Cogebanque;;;;;
Cognician;;;;;
Cognitio Capital (Pty) Ltd;;;;;
Cognition Holdings Ltd;;;;;
Cognito LLC;;;;;
Cointel V A S (Pty) Ltd;;;;;
Coirtex and Coir Creations CC;;;;;
ColabIT;;;;;
Colas Africa Holdings (Pty) Ltd;;;;;
Colas Madagascar SA;;;;;
Colas South Africa (Pty) Ltd;;;;;
Colasafrique;;;;;
Colbar Clothing (Pty) Ltd;;;;;
Colcab (Pty) Ltd;;;;;
Colcom;;;;;
Colcom Holdings Ltd;;;;;
Coldsure Distribution Services (Pty) Ltd;;;;;
Colefax Trading (Pty) Ltd;;;;;
Coleus Packaging (Pty) Ltd;;;;;
Colgate Palmolive East Africa Ltd;;;;;
Colgate-Palmolive (Pty) Ltd;;;;;
Colibri Towelling (Pty) Ltd;;;;;
Colibri Towelling Western Cape (Pty) Ltd;;;;;
Colin Heads;;;;;
Colina Holdings Ltd;;;;;
Collaborative IT Solutions (Pty) Ltd;;;;;
Collaborit Asset Management Engineering (Pty) Ltd;;;;;
Collect-A-Can (Pty) Ltd;;;;;
Collection and Financial Services (Pty) Ltd;;;;;
Collection Solutions (Pty) Ltd;;;;;
Collective Dream Studios (Pty) Ltd;;;;;
Collective ID (Pty) Ltd;;;;;
College of Cape Town, South Africa;;;;;
College of Medicine;;;;;
Colliers S A Holdings Ltd;;;;;
Colliery Training College (Pty) Ltd;;;;;
collies.co.za;;;;;
Collins Chabane Local Municipality;;;;;
collinsprop.co.za;;;;;
Colombo Brew Co (Pty) Ltd;;;;;
Colonial Orphan Chamber & Trust Company (The);;;;;
Colony HQ;;;;;
COLOPLAST;;;;;
Colorado SA;;;;;
Colosan Trading (Pty) Ltd;;;;;
Coloured with Purpose;;;;;
Colourfield Liability Solutions (Pty) Ltd;;;;;
colpal.co.za;;;;;
colpal.com;;;;;
colsol.co.za;;;;;
Columbia Falls Properties 7 (Pty) Ltd;;;;;
Columbia Pharmaceuticals (Pty) Ltd;;;;;
Columbit (Pty) Ltd;;;;;
Columbus Cleaning Solutions (Pty) Ltd;;;;;
Columbus Stainless;;;;;
Columinate (Pty) Ltd;;;;;
Com;;;;;
Comair Air Cargo (Pty) Ltd;;;;;
Comair Catering (Pty) Ltd;;;;;
Comair Ltd;;;;;
Comair Retail Travel Services (Pty) Ltd;;;;;
Comap Southern Africa (Pty) Ltd;;;;;
Combined Automotive Solutions (Pty) Ltd;;;;;
Combined Cleaners (Pty) Ltd;;;;;
Combined Motor Finance (Pty) Ltd;;;;;
Combined Motor Holdings Ltd;;;;;
Combined Transport Services (Pty) Ltd;;;;;
combinedminds.co.za;;;;;
Combussion Farming and Services (Pty) Ltd;;;;;
Comcold;;;;;
comcomputing.com;;;;;
Comdata Group;;;;;
Comdi Agricultural Markets (Pty) Ltd;;;;;
CoMED Health (Pty) Ltd;;;;;
comensa.co.za;;;;;
COMESA Secretariat;;;;;
Comet Coating's Manufacturer's CC;;;;;
commac.co.za;;;;;
Commada Ltd;;;;;
Command Holdings Ltd;;;;;
Commerce and Computer College of South Africa;;;;;
Commerce Edge South Africa (Pty) Ltd;;;;;
Commerce Square Corporate Finance (Pty) Ltd;;;;;
CommerceZone (Pty) Ltd;;;;;
Commercial and Industrial Acceptances (Pty) Ltd;;;;;
Commercial Aviation Association of Southern Africa (The);;;;;
Commercial Bank of Africa Ltd;;;;;
Commercial Bank of Ethiopia;;;;;
Commercial Cold Storage (Namibia) (Pty) Ltd;;;;;
Commercial Cold Storage (Pty) Ltd;;;;;
Commercial Farmers Union of Zimbabwe;;;;;
Commercial Holding Company Ltd (The);;;;;
Commercial International Bank (CIB) Kenya Limited;;;;;
Commercial International Bank (Egypt) SAE;;;;;
Commercial Producers Association of South Africa;;;;;
Commercial, Stevedoring, Agricultural and Allied Workers' Union;;;;;
Commerz Keyes Avenue Properties (Pty) Ltd;;;;;
Commerzbank AG;;;;;
Commission for Conciliation Mediation & Arbitration;;;;;
Commission for Employment Equity;;;;;
Commission for Gender Equality;;;;;
Commodore Trading and Shipping (Pty) Ltd;;;;;
Commrisk Advisory and Tax Services (Pty) Ltd;;;;;
Commrisk Insurance Brokers (Pty) Ltd;;;;;
Commrisk Life (Pty) Ltd;;;;;
CommunicareNPC;;;;;
Communication in Action CC;;;;;
Communication Technology (Natal) (Pty) Ltd;;;;;
Communication Workers Union;;;;;
Communications Firm (Pty) Ltd (The);;;;;
Communications Regulatory Authority of Namibia;;;;;
Community Carbon;;;;;
Community Chest of the Western Cape;;;;;
Community Law & Rural Development Centre;;;;;
Community Life Insurance Company Ltd;;;;;
Community Property Company (Pty) Ltd;;;;;
Community Property Holdings Ltd;;;;;
Community Quarries (Pty) Ltd;;;;;
Community Safety and Transport Management;;;;;
Commuter Bus Employers Organisation;;;;;
Commuter Handling Services (Pty) Ltd;;;;;
Comodox (Pty) Ltd;;;;;
compact-solutions.com;;;;;
Compagnie Africaine d'Aviation;;;;;
Compagnie Agricole du Mount Lte;;;;;
Compagnie d'Assurances et de Reassurance Atlanta SA;;;;;
Compagnie d'Assurances et de Reassurances SA;;;;;
Compagnie de Distribution of Cote d'Ivoire;;;;;
Compagnie de Transports au Maroc SA;;;;;
Compagnie des Bauxites de Guinee;;;;;
Compagnie des Bauxites de Kindia;;;;;
Compagnie des Belles Plages Ltd;;;;;
Compagnie des Magasins Populaires Ltee;;;;;
Compagnie Des Villages de Vacances de l'Isle de France Ltee;;;;;
Compagnie d'Exploitations Commerciales Africaines Gabonaise de Distribution;;;;;
Compagnie Financiere Richemont SA;;;;;
Compagnie Generale Immobiliere SA;;;;;
Compagnie Immobiliere Ltee;;;;;
Compagnie Internationale de Leasing SA;;;;;
Compagnie Ivoirienne de Production d'Electricité;;;;;
Compagnie Ivoirienne d'Electricite SA;;;;;
COMPAGNIE MARMITES DES ILES LIMITÉE;;;;;
Compagnie Mauricienne de Commerce Lte;;;;;
Compagnie Mauricienne de Textile Ltee;;;;;
Compagnie Miniere de Touissit SA;;;;;
Compagnie Miniere du Cameroun SA;;;;;
Compagnie Thermique de Belle Vue Lte;;;;;
Compair (SA) (Pty) Ltd;;;;;
Companhia Mozambicana de Hidrocarbonetos SA;;;;;
Companies and Intellectual Property Commission;;;;;
Company Wellness Solutions;;;;;
Compare and Save (Pty) Ltd;;;;;
Compass Bakery (Pty) Ltd;;;;;
Compass Crafts CC;;;;;
Compass Game Park Services (Pty) Ltd;;;;;
COMPASS GROUP;;;;;
Compass Group Plc;;;;;
Compass Group Southern Africa (Pty) Ltd;;;;;
Compass Insurance Company Ltd;;;;;
Compass Medical Waste Services (Pty) Ltd;;;;;
Compass Securitisation (RF) Ltd;;;;;
Compassion International;;;;;
Compendium Insurance Brokers;;;;;
Compensation Fund;;;;;
Competition and Consumer Authority;;;;;
Competition Authority Botswana;;;;;
Competition Authority of Kenya;;;;;
Competition Commission;;;;;
Competition Tribunal of South Africa;;;;;
COMPETITIVE CAPABILITIES INTERNATIONAL;;;;;
Complete Collect (Pty) Ltd;;;;;
Complete Enterprise Solutions Namibia;;;;;
Complete Enterprise Solutions South Africa (Pty) Ltd;;;;;
Complete e-services;;;;;
Complete Wrap Investments (Pty) Ltd;;;;;
Compliance Institute Southern Africa;;;;;
Compliance Select (Pty) Ltd;;;;;
compliance.co.za;;;;;
compmainsol.co.za;;;;;
COMPO GmbH & Co KG;;;;;
Compsol;;;;;
Comptronics (Pty) Ltd;;;;;
COMPTRONICS PTY;;;;;
Compu Afrika Pty (Ltd);;;;;
Compu Connect Education;;;;;
compuafrika.co.za;;;;;
Compu-Clearing (Pty) Ltd;;;;;
Compu-Clearing Outsourcing Ltd;;;;;
CompuDynamics;;;;;
CompuLynx;;;;;
Compuscan Academy;;;;;
Compuscan Information Technologies (Pty) Ltd;;;;;
Comput8 IT (Pty) Ltd;;;;;
Computacenter Plc;;;;;
Computacenter Services & Solutions (Pty) Ltd;;;;;
Computer Foundation (Pty) Ltd;;;;;
COMPUTER PRIDE;;;;;
Computer Pride Limited;;;;;
Computer Security and Forensic Solutions (Pty) Ltd;;;;;
Computershare (Pty) Ltd;;;;;
Computershare Investor Services (Pty) Ltd;;;;;
Computershare Investor Services Ltd;;;;;
Computershare Nominees (Pty) Ltd;;;;;
Computershare Outsourcing (Pty) Ltd;;;;;
Computershare South Africa (Pty) Ltd;;;;;
Computicket (Pty) Ltd;;;;;
computickettravel.co.za;;;;;
Computing Technology Industry Association South Africa;;;;;
Comsel Eighteen (Pty) Ltd;;;;;
Comsol;;;;;
Comsol Botswana;;;;;
Comsol Networks (Pty) Ltd;;;;;
Comtec Integrations System Ltd;;;;;
Comviva Technologies Ltd;;;;;
Conafex Holdings SA;;;;;
Concargo (Pty) Ltd;;;;;
Concassage Albion Phare Lte;;;;;
Concentrix Mauritius;;;;;
Concept Interactive;;;;;
conceptaraianworx.org;;;;;
Conceptum Logistics Africa (Pty) Ltd;;;;;
Concilium Technologies;;;;;
Concor (Pty) Ltd;;;;;
Concor Construction (Pty) Ltd;;;;;
Concor Projects (Pty) Ltd;;;;;
Concord Cranes Pty (Ltd);;;;;
Concord General Contracting;;;;;
Concord Training (Pty) Ltd;;;;;
Concorde Construction;;;;;
Concorde Construction Zambia;;;;;
Concorde Travel (Pty) Ltd;;;;;
concordecarriers.co.za;;;;;
Concrete Institute (The);;;;;
Concrete Manufacturers Association;;;;;
Concrete Rose Trading (Pty) Ltd;;;;;
Concrete Society of Southern Africa;;;;;
Conde Nast Independent Magazines (Pty) Ltd;;;;;
CondorGreen Infotech IT Consulting & Support Services;;;;;
Condriac;;;;;
Conduct Telecommunications (Pty) Ltd;;;;;
Conduent (Pty) Ltd;;;;;
Conduit Capital Ltd;;;;;
Conduit Fund Managers (Pty) Ltd;;;;;
Conduit Management Services (Pty) Ltd;;;;;
Confederation of Associations in the Private Employment Sector;;;;;
Confederation of Complementary Health Associations of South Africa;;;;;
Confederation of South African Workers' Unions;;;;;
Conference Company (Pty) Ltd (The);;;;;
Conference Consultancy South Africa (Pty) Ltd;;;;;
confidant.co.za;;;;;
Confident Concept (Pty) Ltd;;;;;
Congo (RDC) Towers SPRL;;;;;
Congo Airways;;;;;
Congo Equipment SPRL;;;;;
Congo Towers SA;;;;;
Congress of South African Trade Unions (The);;;;;
conhill.org.za;;;;;
Conlog;;;;;
Conlog (Pty) Ltd;;;;;
Connect First Telecoms (Pty) Ltd;;;;;
connectcare.org;;;;;
Connectco Fasteners (Pty) Ltd;;;;;
connectconsulting.co.za;;;;;
Connected Africa;;;;;
Connectfin Finance Solutions;;;;;
connecthie.org;;;;;
Connection Group Holdings (Pty) Ltd;;;;;
CONNECTION TELECOM LIMITED;;;;;
connection42.co.za;;;;;
Connex International;;;;;
Connex Travel (Pty) Ltd;;;;;
Connex Travel Holdings (Pty) Ltd;;;;;
Connex ZA;;;;;
Connoisseur Electronics (Pty) Ltd;;;;;
Conoil Plc;;;;;
conolg.com;;;;;
Conradie Organics CC;;;;;
Conree Transport (Pty) Ltd;;;;;
conrite.co.za;;;;;
Consar Ltd;;;;;
Consilium Capital (SA) (Pty) Ltd;;;;;
Consilium Corporate and Employee Share Scheme Manager (Pty) Ltd;;;;;
Consilium Securities (Pty) Ltd;;;;;
Consnet (Pty) Ltd;;;;;
Consol (Pty) Ltd;;;;;
Consol Glass;;;;;
Consol Glass (Pty) Limited (Kenya);;;;;
Consol Glass (Pty) Ltd;;;;;
Consol Glass Africa (Pty) Ltd;;;;;
Consolidate Configuration Services (Pty) Ltd (Malawi);;;;;
Consolidated Aone Trade and Invest 11 (Pty) Ltd;;;;;
Consolidated AOne Trade and Invest 6 (Pty) Ltd;;;;;
Consolidated Bank Ghana;;;;;
Consolidated Bank of Kenya;;;;;
Consolidated Breweries Plc;;;;;
Consolidated Contractors Company;;;;;
Consolidated Discounts Ltd;;;;;
Consolidated Farming Investments Ltd t/a Farm & City and Town and Country;;;;;
Consolidated Growth Holdings Ltd;;;;;
Consolidated Hallmark Insurance Plc;;;;;
Consolidated Infrastructure Group Ltd;;;;;
Consolidated Modderfontein Mines 1979 Ltd;;;;;
Consolidated Nominees (Pty) Ltd;;;;;
Consolidated Power Projects (Pty) Ltd;;;;;
Consolidated Steel Industries (Pty) Ltd;;;;;
Consolidated Sugar Industries (Namibia) (Pty) Ltd;;;;;
Consolidated Tobacco Processors;;;;;
Consolidated Tobacco Processors (Pvt) Ltd;;;;;
Consolidated Travel;;;;;
Consolidated Waste (Pty) Ltd;;;;;
Consolidated Water Conditioning SA (Pty) Ltd;;;;;
Consolidated Wire Industries (Pty) Ltd;;;;;
Consprop (Pty) Ltd;;;;;
Consprop Holdings (RF) (Pty) Ltd;;;;;
Constance Hospitality Management Ltd;;;;;
Constance Hospitality Training Centre;;;;;
Constance Hospitality Training Centre Ltd;;;;;
Constance Hotels Services;;;;;
Constance Hotels Services Ltd;;;;;
Constance Industries Limited;;;;;
Constance La Gaiete Company Ltd;;;;;
Constant Contact;;;;;
Constantcommunications;;;;;
Constantia Flexibles;;;;;
Constantia Insurance Company Ltd;;;;;
Constantia Life and Health Assurance Company Ltd;;;;;
Constellation Capital (Pty) Ltd;;;;;
CONSTITUTION HILL;;;;;
Construcoes JJR & Filhos Mozambiques Lda;;;;;
Construct Sarl;;;;;
Construction Allied Metal Mining Building & Alien Workers Union;;;;;
Construction and Mining Equipment Suppliers' Association;;;;;
Construction Computer Software (Pty) Ltd;;;;;
Construction Education and Training Authority;;;;;
Construction Energy Mine Allied Workers' Union;;;;;
Construction Industry Development Board;;;;;
Construction Maintenance Services (Pty) Ltd;;;;;
Construction Sector Charter Council;;;;;
Constructional Engineering Association (South Africa);;;;;
Consulens Medical Healthcare Solutions (Pty) Ltd;;;;;
Consulmet (Pty) Ltd;;;;;
Consulta;;;;;
Consultant;;;;;
Consulting Engineers South Africa;;;;;
consumefriend.co.za;;;;;
Consumer Friend;;;;;
Consumer Goods Council of South Africa;;;;;
Consumer Insight Agency (Pty) Ltd;;;;;
Consumer Insight Ltd;;;;;
Consumer Psychology Lab;;;;;
Contact Centre Management Group of South Africa (The);;;;;
Contact Media & Communications;;;;;
Contact Personnel;;;;;
Container World;;;;;
Contego Asset Management (Pty) Ltd;;;;;
Content Bar;;;;;
Content Krush;;;;;
Contentim Sa`rl;;;;;
Continence Association of South Africa;;;;;
Continental Africa Power Supplies (Pty) Ltd;;;;;
Continental Aviation Solutions (Pty) Ltd;;;;;
Continental Beverages (Pty) Ltd;;;;;
Continental China (Pty) Ltd;;;;;
Continental Coal Ltd;;;;;
Continental Funeral Plan (Pty) Ltd;;;;;
Continental MECO (Pty) Ltd;;;;;
Continental Off-Road Academy (Pty) Ltd;;;;;
Continental Oil Mills (Pty) Ltd;;;;;
Continental Reinsurance (Kenya) Ltd;;;;;
Continental Reinsurance Company Ltd;;;;;
Continental Reinsurance Plc;;;;;
Continental Stone (Pty) Ltd;;;;;
Continental Tyre South Africa (Pty) Ltd;;;;;
ContinuitySA (Pty) Ltd;;;;;
continuitysa.co.za;;;;;
Continuum Systems;;;;;
Contitech Africa (Pty) Ltd;;;;;
Contitech Services (Pty) Ltd;;;;;
Contitech South Africa (Pty) Ltd;;;;;
Contitrade Africa (Pty) Ltd;;;;;
ContourGlobal plc;;;;;
Contract Accountants;;;;;
Contract Communicator;;;;;
Contract Lease Management (Pty) Ltd;;;;;
Contractors Plant Hire Association;;;;;
Control Instruments Group (Pty) Ltd;;;;;
Controlit (Pty) Ltd;;;;;
Controller and Accountant General’s Department;;;;;
Converge (Pty) Ltd;;;;;
Convergence Partners Investments (Pty) Ltd;;;;;
Convergence Partners Management (Pty) Ltd;;;;;
Conversation Station;;;;;
Conversion Advantage;;;;;
Convert-A-Roll CC;;;;;
Conver-Tek (Pty) Ltd;;;;;
Convertseo;;;;;
Conveyor Manufacturers Association of South Africa;;;;;
COOi Studios;;;;;
Cool Ideas 252 (Pty) Ltd;;;;;
Cool Leaders;;;;;
Cool vybez;;;;;
Cool Wines (Pty) Ltd;;;;;
Coolkote Enterprises Ltd;;;;;
coolperfection.co.za;;;;;
Co-op Consultancy & Bancassurance Intermediary  ;;;;;
Cooper Pharma;;;;;
Co-operative Bank of Kenya Ltd (The);;;;;
Co-operative Bank of South Sudan Ltd;;;;;
Co-operative Banks Development Agency;;;;;
Cooperative Governance, Human Settlements and Traditional Affairs (CoGHSTA);;;;;
Cooperheat of Africa (Pty) Ltd;;;;;
Co-optrust Investment Services Ltd;;;;;
COP;;;;;
Copalcor (Pty) Ltd;;;;;
Copia Global;;;;;
copiaglobal.co.ke;;;;;
Copper Deli PTY LTD;;;;;
Copper Development Association (The);;;;;
Copper Moon Trading 601 (Pty) Ltd;;;;;
Copper Sunset Trading 186 (Pty) Ltd;;;;;
Copper Tubing Africa (Pty) Ltd;;;;;
Copperbelt Energy Corporation Plc;;;;;
copperbelt.africa;;;;;
copperfieldstudios.co.za;;;;;
Copperton Windfarm (RF)PTY LTD;;;;;
Copperzone 185 (Pty) Ltd;;;;;
COPSERVE;;;;;
Copy Cat  Group;;;;;
COPY CAT GROUP;;;;;
Copytype Cape;;;;;
copyworld.co.za;;;;;
Coral Lagoon Investments 44 (Pty) Ltd;;;;;
Coral Wetsuits CC;;;;;
Coralline Investments (Pty) Ltd;;;;;
Corbion NV;;;;;
Corder Wines;;;;;
Cordstrap South Africa (Pty) Ltd;;;;;
Core Computer Business (Pty) Ltd (The);;;;;
Core Computer Group (Pty) Ltd (The);;;;;
Core Focus;;;;;
Core Fruit (Pty) Ltd;;;;;
Core Gaming Systems (Pty) Ltd;;;;;
Core Holdings (Pty) Ltd;;;;;
Core Office Solutions;;;;;
Core Peripherals (Pty) Ltd;;;;;
CoreBase Solutions;;;;;
CoreShares Index Tracker Managers (RF) (Pty) Ltd;;;;;
CoreTEC Systems & Solutions;;;;;
COREX (PTY);;;;;
Corex (Pty) Ltd;;;;;
Coria (PKF) Investments 28 (RF) (Pty) Ltd;;;;;
Coriant (Pty) Ltd;;;;;
Corica;;;;;
Coricraft Group (Pty) Ltd;;;;;
Coris Capital (Pty) Ltd;;;;;
CORIS HOLDING S.A;;;;;
corka.ge;;;;;
Cornastone Enterprise Systems (Pty) Ltd;;;;;
Cornastone Technology Holdings (Pty) Ltd;;;;;
cornasys.com;;;;;
Cornelder de Moçambique;;;;;
Corner House Investment Company Ltd (The);;;;;
Cornerstone Brokers Corporate (Pty) Ltd;;;;;
Cornerstone Institute;;;;;
Cornerstone Insurance Plc;;;;;
Cornerstone OnDemand International Limited;;;;;
Cornerstone Performance Solutions;;;;;
Corning Products South Africa (Pty) Ltd;;;;;
cornwallhill.org;;;;;
Corobrik (Pty) Ltd;;;;;
Corocap Investments (Pty) Ltd;;;;;
corocap.co.za;;;;;
Corocapital (Pty) Ltd;;;;;
Coromanco (Pty) Ltd;;;;;
Coromining (Pty) Ltd;;;;;
Corona Clothing (HK) Ltd;;;;;
Coronation Asset Management (Pty) Ltd;;;;;
Coronation Fund Managers Ltd;;;;;
Coronation Life Assurance Company Ltd;;;;;
Coronation Merchant Bank Ltd;;;;;
Corpcapital Ltd;;;;;
Corporate Air;;;;;
Corporate Air Ltd;;;;;
Corporate Counsel Association of South Africa;;;;;
Corporate Insurance;;;;;
Corporate Moves Africa;;;;;
Corporate Valuations CC;;;;;
Corporatemovesafrica;;;;;
corporaterisksa.co.za;;;;;
Corpro;;;;;
Corpshelf 2 (Pty) Ltd;;;;;
Corpshelf 3 (Pty) Ltd;;;;;
Corpshelf 6 (Pty) Ltd;;;;;
Correct Marketing CC;;;;;
Correction Computers (Pty) Ltd;;;;;
Correl Tissue (Pty) Ltd;;;;;
correll.co.za;;;;;
Corrida Shoes (Pty) Ltd;;;;;
Corriprops (Pty) Ltd;;;;;
Corrocoat SA (Pty) Ltd;;;;;
Corrosion Institute of Southern Africa;;;;;
Corrosioneering Technologies SA (Pty) Ltd;;;;;
Corruseal Group (Pty) Ltd;;;;;
Cortal's Recycling CC;;;;;
Cortell Corporate Performance Management;;;;;
Cortez;;;;;
Cortez Trading Pty Ltd;;;;;
Corvest (Pty) Ltd;;;;;
Corvest 100 (Pty) Ltd;;;;;
Corvest 2 (Pty) Ltd;;;;;
Corvest Finance (Pty) Ltd;;;;;
Corwil Investments Ltd;;;;;
Cosa Holdings (Pty) Ltd;;;;;
COSCO Shipping Africa (Pty) Ltd;;;;;
Coseke (K) Ltd;;;;;
COSEKE LIMITED;;;;;
Cosmas Cavaleros (Pty) Ltd;;;;;
Cosmebelle (Maurice) Lte;;;;;
Cosmetic Toiletry and Fragrance Association of South Africa;;;;;
Cosmetix (Pty) Ltd;;;;;
Cosmic Professional Services;;;;;
Cosmo Steam Laundry CC;;;;;
Cosmopolitan Projects Johannesburg (Pty) Ltd;;;;;
Cosmopolitan Projects Tshwane (Pty) Ltd;;;;;
cosmopro.co.za;;;;;
Cosmos Asphalt (Pty) Ltd;;;;;
Cosmos Building Supplies (Pty) Ltd;;;;;
Cosmos Pharmaceutical Limited;;;;;
CosQ Manufacturing CC;;;;;
cosren.co.za;;;;;
Costain West Africa Plc;;;;;
Cosumar SA;;;;;
Côte d'Ivoire Câbles;;;;;
CÔTE D'IVOIRE ENERGIES;;;;;
Cotec Security Group Ltd;;;;;
Cotlands NPO;;;;;
Co-To-Co Supply Chain Management (Pty) Ltd;;;;;
Cottco Holdings Ltd;;;;;
Cottco International (Pty) Ltd;;;;;
Cottesloe Investment Holdings (Pty) Ltd;;;;;
Cotton Company of Zimbabwe Ltd (The);;;;;
Cotton Cupboard CC;;;;;
Cotton On South Africa (Pty) Ltd;;;;;
Cotton S A;;;;;
Cottonfields Investments CC;;;;;
Coty Beauty South Africa (Pty) Ltd;;;;;
cotyinc.com;;;;;
Cougar Investments Ltd;;;;;
Cougen Purseramen;;;;;
Council for Geoscience (The);;;;;
Council for Health Service Accreditation of Southern Africa (The);;;;;
Council for Medical Schemes;;;;;
Council for Mineral Technology;;;;;
Council For The Built Environment;;;;;
Council on Higher Education;;;;;
Counterpoint Boutique (Pty) Ltd;;;;;
Counterpoint Trading SA;;;;;
Country Bird Holdings (Pty) Ltd;;;;;
Country Foods Ltd;;;;;
countrybird.co.za;;;;;
Courageous Leadership t/a Catalyst Consulting (Pty) Ltd;;;;;
Courier and Freight Group (Pty) Ltd (The);;;;;
Courier Guy (Pty) Ltd (The);;;;;
Courier-IT S A (Pty) Ltd;;;;;
Courteville Business Solutions Plc;;;;;
Courthiel Holdings (Pty) Ltd;;;;;
Courtney Capital Management (Pty) Ltd;;;;;
Courts Megastore (Pty) Ltd;;;;;
Covalensedigital;;;;;
Covalent Water Company (Pty) Ltd;;;;;
COVER GROUP ASESORES DE SEGUROS S.A.;;;;;
Cover-Up Trading CC;;;;;
Coveway Trade and Invest 84 (RF) (Pty) Ltd;;;;;
Covidien (Pty) Ltd;;;;;
Covision Life Ltd;;;;;
Cow Hills Retail (Pty) Ltd;;;;;
Cowbell Notre Lait - Congo;;;;;
COWI Tanzania Ltd;;;;;
Cox Yeats Attorneys;;;;;
Cozens Recruitment Services (Pty) Ltd;;;;;
CP Finance (Pty) Ltd;;;;;
CPC Africa;;;;;
CPF Financial ServicesLimited;;;;;
cpm.co.ma;;;;;
CPUT;;;;;
CPV Power Plant No 1 (RF) (Pty) Ltd;;;;;
CPV Power Plant No 1 Bond SPV (RF) Ltd;;;;;
CPV Power Plant No 1 Equity SPV (RF) (Pty) Ltd;;;;;
CPV Power Plant No 2 (Pty) Ltd;;;;;
CPV POWER PLANT NO1 (RF) (Pty) Ltd;;;;;
CPW Agencies CC;;;;;
CQS Technology Holdings;;;;;
CR Solutions;;;;;
Crabtree Electrical;;;;;
Cradle City (Pty) Ltd;;;;;
Cradle Land (Pty) Ltd;;;;;
Cradle Technology Services;;;;;
Crafcor Cato Ridge Abattoir (Pty) Ltd;;;;;
Craft and Design Institute (The);;;;;
Craft Council of South Africa (The);;;;;
Craft Silicon Ltd;;;;;
Crammix (Pty) Ltd;;;;;
Crane-Load Technology CC;;;;;
Cratos Capital (Pty) Ltd;;;;;
Crawford College;;;;;
Crawford College La Lucia;;;;;
crawfordinternational.co.za;;;;;
Crawford's Carpets and Blinds CC;;;;;
Crazy Store;;;;;
CRCC Afripalm Construction (Pty) Ltd;;;;;
CRCCCAC Trade and Logistics (Pty) Ltd;;;;;
CRDB Bank;;;;;
CRDB Bank Burundi SA;;;;;
CRDB Bank Plc;;;;;
CRDB Microfinance Services Company Ltd;;;;;
Crea8 International;;;;;
Cream Magenta 298 (Pty) Ltd;;;;;
Cream Magenta 326 (Pty) Ltd;;;;;
Cream Magenta 357 (Pty) Ltd;;;;;
Creamer Media (Pty) Ltd;;;;;
crea-pepites.fr;;;;;
CreateLED South Africa and Africa (Pty) Ltd;;;;;
Creative Brands;;;;;
Creative Coffee Franchising (Pty) Ltd;;;;;
Creative Counsel (Pty) Ltd (The);;;;;
Creative Digital Engineering;;;;;
Creative FCB;;;;;
Creative Flavors International (Pty) Ltd;;;;;
Creative Housewares (Pty) Ltd;;;;;
Creative Minds;;;;;
Creative Zoo Advertising (Pty) Ltd;;;;;
Creda Communications (Pty) Ltd;;;;;
Credit Agricole Corporate and Investment Bank;;;;;
Crédit Agricole du Maroc;;;;;
Credit Bank;;;;;
Credit Bank Kenya Ltd;;;;;
Credit Bureau Association;;;;;
Credit Commerciae (Pty) Ltd;;;;;
Credit Commerciae Capital (Pty) Ltd;;;;;
Credit Direct Ltd;;;;;
Credit du Maroc SA;;;;;
Credit Factory (Pty) Ltd (The);;;;;
Credit Guarantee Insurance Company Ltd;;;;;
Credit Guarantee Insurance Corporation of Africa Ltd;;;;;
Credit Immobilier et Hotelier SA;;;;;
Credit Insurance Zimbabwe Ltd;;;;;
Credit Matters CC;;;;;
Credit Suisse Securities (Johannesburg) (Pty) Ltd;;;;;
creditaccess-ci.com;;;;;
creditbankltd.co.ke;;;;;
Creditedge (Pty) Ltd;;;;;
Creditsave (Pty) Ltd;;;;;
Credo Growth;;;;;
Creighton Products (Pty) Ltd;;;;;
CREM;;;;;
Crenshaw Limited;;;;;
Crest Chemicals;;;;;
Crest Chemicals (Pty) Ltd;;;;;
Crest Operations (Pty) Ltd;;;;;
Crest Poultry Group (Pvt) Ltd t/a Agrifoods; Agrimix; Crest Breeders; Glenara Estates; Hubbard Zimbabwe; Vetco and Suncrest Chickens
Cresta Golfview Hotel Ltd;;;;;
Cresta Hospitality (Pvt) Ltd;;;;;
Cresta Hospitality Holdings Ltd;;;;;
Cresta Marakanelo Ltd;;;;;
Crew Resources International;;;;;
Cricket South Africa Inc;;;;;
Crickley;;;;;
Crimson King Properties 301 (Pty) Ltd;;;;;
Cristy Outdoor Centre CC;;;;;
Criterion Equipment (Pty) Ltd;;;;;
Croge Investments (Pty) Ltd;;;;;
Crometals (Pty) Ltd;;;;;
CRONIMET (RSA) (Pty) Ltd;;;;;
CRONIMET Chrome Mining SA;;;;;
CRONIMET Chrome Mining SA (Pty) Ltd;;;;;
CRONIMET Chrome SA (Pty) Ltd;;;;;
Crookes Brothers Ltd;;;;;
Crookes Plantations Ltd;;;;;
CropLife South Africa;;;;;
Cross Country Truck Aligners Vaal (Pty) Ltd;;;;;
Cross dj;;;;;
Cross Fire Management (Pty) Ltd;;;;;
Cross Point Trading 67 (Pty) Ltd;;;;;
Cross-Border Road Transport Agency;;;;;
CrossBoundary Kenya;;;;;
Crossbow Marketing Consultants;;;;;
Crosshairs Point (Pvt) Ltd;;;;;
Crossing at Makhado (Pty) Ltd;;;;;
Crossroads Distribution (Pty) Ltd;;;;;
Crowe;;;;;
crowe.za.com;;;;;
Crowie Holdings (Pty) Ltd;;;;;
Crowie Property Group (Pty) Ltd;;;;;
crowie.co.za;;;;;
Crown Beverages Ltd;;;;;
Crown Chickens (Pty) Ltd;;;;;
Crown Consolidated Gold Recoveries Ltd;;;;;
Crown Cork Co (1958) (Pvt) Ltd;;;;;
Crown Cork Company Zambia Ltd;;;;;
Crown Food Group (Pty) Ltd;;;;;
Crown Footwear (Pty) Ltd;;;;;
Crown Gold Recoveries (Pty) Ltd;;;;;
Crown Hill Properties (Pty) Ltd;;;;;
Crown Ingredient Solutions (Pty) Ltd;;;;;
Crown Motors Group;;;;;
Crown National;;;;;
Crown Paints Kenya LTD;;;;;
Crown Paints Kenya Plc;;;;;
Crown Publications CC;;;;;
Crown Resources (Pty) Ltd;;;;;
Crown Siem SA;;;;;
Crown Solutions Limited Rwanda;;;;;
crownfood.co.za;;;;;
crownmobile.co.za;;;;;
CRRC E-Loco Supply (Pty) Ltd;;;;;
CRRC SA Rolling Stock (Pty) Ltd;;;;;
crrczelc.cc;;;;;
CRS Technologies Pty Ltd;;;;;
crtkzn.co.za;;;;;
crucial51.co.za;;;;;
Cruiser Cats (Pty) Ltd;;;;;
Crusader (Nigeria) Plc;;;;;
Crusader General Insurance Ltd;;;;;
Crusader Life Insurance Ltd;;;;;
Crusader Sterling Pensions Ltd;;;;;
Crystal Candy (Pvt) Ltd;;;;;
Crystal Paper Group (Pty) Ltd;;;;;
Crystal Park Developments (RF) (Pty) Ltd;;;;;
Crystal Park Housing Portfolio (RF) (Pty) Ltd;;;;;
Crystal Salt CC (The);;;;;
Crystal Telecom Ltd;;;;;
Crystal Way Trade and Invest 1003 CC;;;;;
CS Computer Services Holdings Ltd;;;;;
CS Interactive Training;;;;;
CSA Offshore Services (Pty) Ltd;;;;;
C-SA Properties (Pty) Ltd;;;;;
csacl.com;;;;;
csamconsulting.co.za;;;;;
CSAV Group Agencies (South Africa) (Pty) Ltd;;;;;
CSE Equipment Company (Pty) Ltd;;;;;
CSE Equipment Original 1960 (Pty) Ltd;;;;;
Csense Systems (Pty) Ltd;;;;;
CSG Group;;;;;
CSG Holdings Ltd;;;;;
CSG Systems Inc;;;;;
csghygiene.co.za;;;;;
CSI Energy Group;;;;;
CSI Energy Group (Mauritius) - Limited;;;;;
CSIR;;;;;
CSL Stockbrokers Ltd;;;;;
CSO Employee Benefits Services (Pty) Ltd;;;;;
CSO GROUP;;;;;
CSO Online;;;;;
CSRL;;;;;
CSS Credit Solutions Services;;;;;
CST Digital Communication (Pty) Ltd;;;;;
C-Sure Underwriting Managers (Pty) Ltd;;;;;
csvconstruction.com;;;;;
CT International Finance Development (Pty) Ltd;;;;;
CT Media Publications (Pty) Ltd;;;;;
CTA Technology (Pty) Ltd;;;;;
CTBV (Management) Co Ltd;;;;;
CTC Group;;;;;
CTCFD;;;;;
CTH Difalana Grain (Pty) Ltd;;;;;
CTH Magic Property Motor No 1 (Pty) Ltd;;;;;
CTH Magic Property Motor No 2 (RF) (Pty) Ltd;;;;;
CTH Magic Property Motor No 3 (Pty) Ltd;;;;;
CTH Magic Property Motor No 6 (Pty) Ltd;;;;;
CTI Education Group (Pty) Ltd;;;;;
CTM;;;;;
CTM Head Office;;;;;
CTP Digital Services (Pty) Ltd;;;;;
CTP Ltd;;;;;
CTP Packaging Printers;;;;;
CTP Printers;;;;;
CTP Web Printers Johannesburg (Pty) Ltd ;;;;;
ctp.co.za;;;;;
ctpcape.co.za;;;;;
ctpgravure.co.za;;;;;
ctpjhb.co.za;;;;;
C-Track (SA) (Pty) Ltd;;;;;
CTRLRoom (Pty) Ltd;;;;;
CTU Training Solutions;;;;;
CTU Training Solutions Corporate (Pty) ltd;;;;;
cual.co.za;;;;;
Cube ICT Solutions;;;;;
Cube Route (Pty) Ltd;;;;;
Cube Technologies (Pty) Ltd;;;;;
Cubic Systems South Africa;;;;;
CUBIC TRAINING TECHNOLOGY SYSTEMS;;;;;
CubicICE;;;;;
Cubisol Holdings (Pty) Ltd;;;;;
Cubisol Investments (Pty) Ltd;;;;;
Cubisol Investments 2 (Pty) Ltd;;;;;
Cubisol Investments 3 (Pty) Ltd;;;;;
Cubiwave (Pty) Ltd;;;;;
cuesol.co.za;;;;;
Cullinan Diamond Mine (Pty) Ltd;;;;;
Cullinan Holdings Limited;;;;;
Cullinan Holdings Ltd;;;;;
Culterra (Pty) Ltd;;;;;
Cultiv8;;;;;
Culture;;;;;
Culture, Arts, Tourism, Hospitality and Sport Sector Education and Training Authority;;;;;
CultureCode;;;;;
Cum Laude Robe Manufacturers CC;;;;;
Cummins South Africa (Pty) Ltd;;;;;
Cummins West Africa Ltd;;;;;
CUPRIC CANYON CAPITAL;;;;;
Curamed Holdings (Pty) Ltd;;;;;
Curamed Hospitals (Pty) Ltd;;;;;
Curamed Properties (Pty) Ltd;;;;;
Cure Day Hospitals;;;;;
curechem;;;;;
Curiosa Company (PTY) Ltd.;;;;;
curiosa.co.za;;;;;
Curo Fund Services (Pty) Ltd;;;;;
curofund.co.za;;;;;
Currency Partners CC;;;;;
Current Automation (Pty) Ltd;;;;;
Currimjee Jeewanjee and Company Limited;;;;;
Curro Holdings Ltd;;;;;
Curtin University;;;;;
Curve Technology Group;;;;;
Curvent International (PTY);;;;;
Cushman & Wakefield Excellerate;;;;;
Custodian and Allied Plc;;;;;
Custodian Trustees Ltd;;;;;
Customer Arrear Solutions (Pty) Ltd;;;;;
Customer Benefit Systems (Pty) Ltd;;;;;
Customer Protection Insurance Co (Namibia) (Pty) Ltd;;;;;
Customer Protection Insurance Company Ltd;;;;;
Customised Solutions (Pty) Ltd;;;;;
Customised Training Specialists;;;;;
Customs Services;;;;;
Cuthman Capital CC;;;;;
Cutix Plc;;;;;
Cutlass Investments Ltd;;;;;
CW Stainless Steel CC;;;;;
CWA Furniture & Joinery Ltd;;;;;
CWAY Food and Beverages Co. Ltd;;;;;
CWG (Uganda) Ltd;;;;;
CWG Cameroon Ltd;;;;;
CWG Ghana Ltd;;;;;
CWG Plc;;;;;
CWI Industries;;;;;
CWS Africa;;;;;
CWS Kenya;;;;;
CX Engage;;;;;
CX22055 Romanis (Pty) Ltd;;;;;
Cyan Capital (Pty) Ltd;;;;;
CYBER1 Solutions;;;;;
CyberCellar.com;;;;;
Cyberlogic;;;;;
cyberonline.co.za;;;;;
Cybersmart  (Pty) Ltd;;;;;
Cybicom;;;;;
Cycan;;;;;
Cycas Brokers (Pty) Ltd;;;;;
Cycle Check General Trading (Pty) Ltd;;;;;
Cyclotherm (South Africa) (Pty) Ltd;;;;;
Cyenza Merchandising;;;;;
CYF;;;;;
Cyndara 224 (Pty) Ltd;;;;;
Cyret Technologies (Pty) Ltd;;;;;
Cytobex (Pty) Ltd;;;;;
Cytoblox (Pty) Ltd;;;;;
Cytobuzz (Pty) Ltd;;;;;
Cytonn Investments;;;;;
CZ Electronics Manufacturing (Pty) Ltd;;;;;
D and A Cosmetics (Pty) Ltd;;;;;
D and B Interiors (Pty) Ltd;;;;;
D and B Wiring (Pty) Ltd;;;;;
D and H Milner Johannesburg CC;;;;;
D and H Piping Systems (Pty) Ltd;;;;;
D brymz;;;;;
D D Power (Pty) Ltd;;;;;
D Financial Services Africa (Pty) Ltd;;;;;
D H Brothers Industries (Pty) Ltd;;;;;
D Kalmin & company;;;;;
D M B Investments (Pty) Ltd;;;;;
D N H Manufacturing (Pty) Ltd;;;;;
D P I Holdings (Pty) Ltd;;;;;
D Purdue and Sons (Pty) Ltd;;;;;
D R W Consultancy Enterprises CC;;;;;
D S F Water Treatment (Pty) Ltd;;;;;
D T M Consulting cc;;;;;
D Tech Finance;;;;;
d.light Africa Inc;;;;;
D.light Design;;;;;
d.light Kenya;;;;;
DA Melrose;;;;;
Daar Communications Plc;;;;;
Dabeb Engineering CC;;;;;
Daberon Manufacturers (Pty) Ltd;;;;;
Dabmar Manufacturing Company (Pty) Ltd;;;;;
DAC Systems;;;;;
Daddy's Deals (Pty) Ltd;;;;;
Dade Behring South Africa (Pty) Ltd;;;;;
DADTCO Mandioca Mozambique Lda;;;;;
Dahms and Dahms Concrete (Pty) Ltd;;;;;
Daid Nigeria Ltd;;;;;
Daikin Air-Conditioning South Africa (Pty) Ltd;;;;;
Daima Africa Business consultants limited Uganda;;;;;
Daimler AG;;;;;
Daimler Fleet Management South Africa (Pty) Ltd;;;;;
Dainfern College;;;;;
Dairibord Holdings Ltd;;;;;
Dairibord Malawi Ltd;;;;;
Dairy Day (Pty) Ltd;;;;;
Dairy Group;;;;;
Dairy Standard Agency;;;;;
Dairy World (Pty) Ltd;;;;;
DairyBelle (Pty) Ltd;;;;;
Dairygroup;;;;;
Dairyland;;;;;
Dairymaid;;;;;
Daisy Business Solutions Holdings (Pty) Ltd;;;;;
Daisy Health Foods CC;;;;;
Daisy Investments No 11 (Pty) Ltd;;;;;
daisy-gp.co.za;;;;;
DAL Agency (Pty) Ltd;;;;;
DAL German Afrika-Linien GmbH & Co KG;;;;;
DAL Group;;;;;
DAL Transport South Africa (Pty) Ltd;;;;;
Dalberg Consulting CC;;;;;
Dalberg Global Development Advisors (Kenya);;;;;
Dalbit Petroleum Ltd;;;;;
Dale Asset Management International Ltd;;;;;
Dale Capital Group Ltd;;;;;
Dale Capital Partners (Mauritius) Ltd;;;;;
Dale Capital Partners Diversified Strategies PCC;;;;;
Dale Carnegie Training Kenya;;;;;
Dale Corporate Services (Mauritius) Ltd;;;;;
Dale Food and Beverage Holdings Ltd;;;;;
Dale International Trust Company Ltd;;;;;
DALEX FINANCE & LEASING;;;;;
Dalitso Business Equipment (Pty) Ltd;;;;;
Dalton Sugar Company (Pty) Ltd;;;;;
Daltron Forge (Pty) Ltd;;;;;
Daly City Ventures (Pty) Ltd;;;;;
Daly Maqubela Oliphant Inc;;;;;
dalycall.co.za;;;;;
Damalot Technical Services Ltd;;;;;
Damang Mine;;;;;
Damco Logistics (Pty) Ltd;;;;;
Damelin (Pty) Ltd;;;;;
Damelin College High Schools (Western Cape) (Pty) Ltd;;;;;
Damelin Correspondence College (Pty) Ltd;;;;;
Damelin Education Group (Pty) Ltd;;;;;
Damelin Technical (Pty) Ltd;;;;;
Damen Shipyards Cape Town (Pty) Ltd;;;;;
Dan.com;;;;;
Dan.com - a GoDaddy brand;;;;;
Dana Holding Corporation;;;;;
Dana Spicer Axle South Africa (Pty) Ltd;;;;;
Danadams Pharmaceuticals Limited;;;;;
Danakali Ltd;;;;;
Dancarl Diamonds (Pty) Ltd;;;;;
DanCor Properties;;;;;
Danfoss (Pty) Ltd;;;;;
Dangote Cement Cameroon SA;;;;;
Dangote Cement Ghana Ltd;;;;;
Dangote Cement Plc;;;;;
Dangote Cement Senegal SA;;;;;
Dangote Cement South Africa (Pty) Ltd;;;;;
Dangote Flour Mills Plc;;;;;
Dangote Industries (Ethiopia) Plc;;;;;
Dangote Industries (Nigeria);;;;;
Dangote Industries (Sierra Leone) Ltd;;;;;
Dangote Industries (Zambia) Ltd;;;;;
Dangote Industries Benin SA;;;;;
Dangote Industries Congo SA;;;;;
Dangote Industries Cote D'Ivoire SA;;;;;
Dangote Industries Gabon SA;;;;;
Dangote Industries Tanzania Ltd;;;;;
Dangote Noodles Ltd;;;;;
Dangote Sugar Refinery Plc;;;;;
Danie Odendaal Produksies (Pty) Ltd;;;;;
Danish Crown AS;;;;;
Dankocom (Pty) Ltd;;;;;
Danlink Ingredients (Pty);;;;;
Danlo Ontwikkelingsmaatskappy (Pty) Ltd;;;;;
Dannhauser Local Municipality;;;;;
Danone;;;;;
Danone Southern Africa (Pty) Ltd;;;;;
Dansa Foods Ltd;;;;;
Dantata & Sawoe Construction Company (Nigeria) Ltd;;;;;
Dappli Ltd;;;;;
daptit.co.za;;;;;
Dar es Salaam Stock Exchange Plc;;;;;
Dari Couspate SA;;;;;
Dariel Software (Pty) Ltd;;;;;
Dariel Solutions;;;;;
Dark Fibre Africa (Pty) Ltd;;;;;
Darkevanger (Pty) Ltd;;;;;
Darling and Hodgson (Pty) Ltd;;;;;
Darling Romery (Pty) Ltd;;;;;
Darling Wind Power (Pty) Ltd;;;;;
Darlington;;;;;
Daron Clean CC;;;;;
Dartcom SA (Pty) Ltd;;;;;
Darwain Investments (Pty) Ltd;;;;;
Darwo Trading No 61(Pty) Ltd;;;;;
daryn.co.za;;;;;
Dashen Bank S.C;;;;;
Dashen Bank S.C.;;;;;
Dashen Brewery S.C.;;;;;
Data Control and Systems (1996) (Pvt) Ltd;;;;;
Data Management Integration eXchange;;;;;
Data Sciences;;;;;
Data World;;;;;
Databank Financial Services;;;;;
Databank Financial Services Limited;;;;;
Datacel Direct (Pty) Ltd;;;;;
datacentre.co.zw;;;;;
Datacentrix Holdings Ltd;;;;;
datacentrix.com;;;;;
Datacomb (Pty) Ltd;;;;;
Datacomb Property Development (Pty) Ltd;;;;;
Dataflo S A (Pty) Ltd;;;;;
datakrag.co.za;;;;;
Datalogic ADC S.R.L.;;;;;
DataNet Infrastructure Group (Pty) Ltd;;;;;
DataOrbis;;;;;
DataOrbis (Pty) Ltd;;;;;
DataposIT;;;;;
Datapro (Pty) Ltd;;;;;
Datapro Faxing Solutions (Pty) Ltd;;;;;
DataProphet;;;;;
Datasmith;;;;;
Datatec;;;;;
Datatec Ltd;;;;;
Datategra;;;;;
DataTegra;;;;;
Datatex;;;;;
Datcentre Motors (Pty) Ltd;;;;;
Datex International CC;;;;;
Datlabs (Pvt) Ltd (Zimbabwe);;;;;
Datonomy Solutions;;;;;
Dauphin SA;;;;;
Dave's Embroidery CC;;;;;
David Baker;;;;;
David Brown Gear Industries (Pty) Ltd;;;;;
David Gresham Record Company (Pty) Ltd (The);;;;;
David Walter Ltd;;;;;
Davin Woodworks CC;;;;;
DaVinci Institute;;;;;
Davinscot Tongaat (Pty) Ltd;;;;;
Davis & Shirtliff;;;;;
DavisGranite;;;;;
Davita Trading (Pty) Ltd;;;;;
Dawa Life Sciences;;;;;
da-wc.org.za;;;;;
Dawid Kruiper Local Municipality;;;;;
Dawid Kruiper Municipality;;;;;
dawiltteassociates.com;;;;;
DAWN Africa (Zambia) (Pty) Ltd;;;;;
DAWN Africa Mozambique Lda;;;;;
Dawn at the Cottage (Pty) Ltd;;;;;
Dawn Consolidated Holdings (Pty) Ltd;;;;;
Dawn Human Resource Solutions (Pty) Ltd;;;;;
Dawn Kitchen Fittings (Pty) Ltd;;;;;
Dawn Limited;;;;;
Dawn Produce (Pvt) Ltd;;;;;
Dawn Properties Ltd;;;;;
Dawn Property Consultancy (Pvt) Ltd;;;;;
Dawn Real Estate (Pvt) Ltd;;;;;
Dawn Wing (Division of DPD Laser Express Logistics (Pty) Ltd);;;;;
dawson.org.za;;;;;
Dax Data;;;;;
Day Hospital Association;;;;;
Daybreak Foods;;;;;
daybreak.za.com;;;;;
Dayforce;;;;;
Daystar University;;;;;
DB Fine Chemicals (Pty) Ltd;;;;;
DB Schenker;;;;;
DB SCHENKER;;;;;
DB Thermal (Pty) Ltd;;;;;
DBC Packaging (Pty) Ltd;;;;;
DBCM Holdings (Pty) Ltd;;;;;
dbcplastics.co.za;;;;;
D-BIT Systems;;;;;
DBM Holdings (Pty) Ltd;;;;;
DBM Panel and Paint (Pty) Ltd;;;;;
dbnmail.co.za;;;;;
dbo.co.za;;;;;
DBSA Development Fund;;;;;
dbsa.org.za;;;;;
DBT Technologies (Pty) Ltd;;;;;
DC Shoes Africa;;;;;
DCB Commercial Bank Plc;;;;;
DCB LOGISTICS;;;;;
DCD Group (Pty) Ltd;;;;;
DCD Marine Cape Town (Pty) Ltd;;;;;
DCD Properties (Pty) Ltd;;;;;
DCD Wind Towers (Pty) Ltd;;;;;
DCLSA (Pty) Ltd;;;;;
dcr.co.za;;;;;
DCT Holdings (Pty) Ltd;;;;;
DCW Ltd;;;;;
DD Science CC;;;;;
Dddfarms;;;;;
DDP;;;;;
DDP Valuers (Pty) Ltd;;;;;
ddpdurban.org.za;;;;;
DE BEERS;;;;;
De Beers Consolidated Mines (Pty) Ltd;;;;;
De Beers Group Services (Pty) Ltd;;;;;
De Beers Marine (Pty) Ltd;;;;;
De Beers Matlafalang Business Development (Pty) Ltd;;;;;
De Beers Sightholder Sales South Africa (Pty) Ltd;;;;;
De la Batskool vir Dowes;;;;;
De leeuw Southern Africa Holdings (Pty) Ltd;;;;;
De Re Manufacturing CC;;;;;
De Simone Ltd;;;;;
De Villiers & Moore;;;;;
De Villiers Chocolate (Pty) Ltd;;;;;
De Waal Wines (Pty) Ltd;;;;;
De Wetshof Estate (Pty) Ltd;;;;;
Deacons (East Africa) Plc;;;;;
Deaf Federation of South Africa (The);;;;;
Deal Commerce Capital (Pty) Ltd;;;;;
Deal Commerce Properties (Pty) Ltd;;;;;
Dealstream Securities (Pty) Ltd;;;;;
DEAP Capital Management and Trust Plc;;;;;
DeARX Services;;;;;
Deat;;;;;
debeerfamily.co.za;;;;;
debeersgroup.co.za;;;;;
Debjuan (Pty) Ltd;;;;;
DebMarine Namibia;;;;;
Debmarine Namibia;;;;;
Debswana Diamond Company (Pty) Ltd;;;;;
debswana.bw;;;;;
Debt Recon Debt Counsellors CC;;;;;
DebtSafe;;;;;
Debtsource;;;;;
dec.co.za;;;;;
Decagon HQ;;;;;
Deciduous Fruit Producers Trust;;;;;
Decimal Agency;;;;;
Decimal Software Ltd;;;;;
Decision;;;;;
Decision Inc;;;;;
Decision Inc Holdings;;;;;
Decision Inc.;;;;;
Decorland;;;;;
Decorum Capital Partners (Pty) Ltd;;;;;
Decusatio Pty Ltd;;;;;
Dedicoal (Pty) Ltd;;;;;
dedicoal.co.za;;;;;
Dedisa Peaking Power (RF) (Pty) Ltd;;;;;
Deebar Mining & Industrial Supplies;;;;;
Deebee Company Ltd;;;;;
Deep Yellow Ltd;;;;;
Deestraining;;;;;
Defcon Protec (Pty) Ltd;;;;;
Defence Strategic Supplies (Pty) Ltd;;;;;
Defy Appliances;;;;;
Defy Ltd;;;;;
Degreed;;;;;
DEHN South Africa (Pty) Ltd;;;;;
dehteq.co.za;;;;;
Dei Services (Pty) Ltd;;;;;
De-Jay Hiring (Pty) Ltd;;;;;
Dekker Biotech (Pty) Ltd;;;;;
Dekker Environmental Technologies CC;;;;;
DEKRA Automotive (Pty) Ltd;;;;;
DEKRA Certification (Pty) Ltd;;;;;
DEKRA Norisko Holdings South Africa (Pty) Ltd;;;;;
DEKRA Solutions (Pty) Ltd;;;;;
DEKRA South Africa (Pty) Ltd;;;;;
Dekro Paints (Pty) Ltd;;;;;
Del Monte (Tanzania) Ltd;;;;;
Del Monte Fruits (SA) (Pty) Ltd;;;;;
Del Monte South Africa (Pty) Ltd;;;;;
DelAgua Group;;;;;
Delaire (Pty) Ltd;;;;;
Delattre Bezons Nigeria Ltd;;;;;
Delattre Levivier Maroc SA;;;;;
Delba Electrical Company (1980) (Pty) Ltd;;;;;
Delecta Fruit (Pty) Ltd;;;;;
Deli-Spices (Pty) Ltd;;;;;
Dell;;;;;
Dell Computer (Pty) Limited;;;;;
Dellaria Leasing (Pty) Ltd;;;;;
Delmont Caldow Caterers (Pty) Ltd;;;;;
Delmonte Kenya Ltd;;;;;
Delmus;;;;;
Deloitte;;;;;
Deloitte Consulting (Pty) Ltd;;;;;
Deloitte South Africa;;;;;
Deloitte Touche Tohmatsu Limited;;;;;
De'Longhi Group;;;;;
Delonghi South Africa (Pty) Ltd;;;;;
Delphi Tech (Pty) Ltd;;;;;
Delrand Resources Ltd;;;;;
Delswiz Manufacturing (Pty) Ltd;;;;;
Delta 7;;;;;
Delta 7 CC;;;;;
Delta 7 security;;;;;
Delta Beverages (Pvt) Ltd;;;;;
Delta Built Environment Consultants (Pty) Ltd;;;;;
Delta Capita;;;;;
Delta Corporation Ltd;;;;;
Delta Drone South Africa Pty Ltd;;;;;
Delta EMD Ltd;;;;;
Delta for Construction and Rebuilding SAE;;;;;
Delta For Printing & Packaging SAE;;;;;
Delta Holding SA;;;;;
Delta Insurance Company SAE;;;;;
Delta Mining Consolidated Ltd;;;;;
Delta Property Fund Ltd;;;;;
Delta Sugar Company SAE;;;;;
Deltec Power;;;;;
delvv.io;;;;;
Demistar (Pty) Ltd;;;;;
Democratic Alliance;;;;;
Democratic Cleaning Services (Pty) Ltd;;;;;
Democratic Industrial Services (Pty) Ltd;;;;;
Democratic Nursing Organisation of South Africa;;;;;
Democratic Republic of the Congo;;;;;
Democratic Union of Security Workers;;;;;
Democratised Transport Logistics and Allied Workers Union;;;;;
Demographica;;;;;
Den Braven;;;;;
Dendustri SA (Pty) Ltd;;;;;
Deneb Investments Ltd;;;;;
Dened CC;;;;;
Denel Aerostructures SOC Ltd;;;;;
Denel Aviation;;;;;
Denel Dynamics;;;;;
Denel Personnel Solutions (Pty) Ltd;;;;;
Denel SOC Ltd;;;;;
Denel Technical Academy;;;;;
Denel Vehicle Systems (Pty) Ltd;;;;;
denelaero.co.za;;;;;
denelotr.co.za;;;;;
Denim De L'Ile Ltd;;;;;
Denith Engineering (Pty) Ltd;;;;;
Denmar Estates (Pty) Ltd;;;;;
Denny Mushrooms (Pty) Ltd;;;;;
Denorco (Pty) Ltd;;;;;
Denova Products;;;;;
Denron Quarries (Pty) Ltd;;;;;
Dense Media Separation Powders (Pty) Ltd;;;;;
Densecure  SOC Ltd;;;;;
Dental Information Systems (Pty) Ltd;;;;;
Dental Information Systems Holdings (Pty) Ltd;;;;;
Dental Technology Association of South Africa (The);;;;;
Dental Traders Association of South Africa;;;;;
Dentons Hamilton Harrison & Mathews;;;;;
Dentsu Aegis Network Baltics;;;;;
Deojay Petroleum KZN (Pty) Ltd;;;;;
Deon Schoeman CC;;;;;
DEP OF EDUCATION;;;;;
Department of Agriculture, Forestry and Fisheries;;;;;
Department of Agriculture, Land Ref and Rural Dev;;;;;
Department of Arts and Culture (The);;;;;
Department of Basic Education;;;;;
Department of Communications;;;;;
Department of Correctional Services;;;;;
Department of Defence;;;;;
Department Of Education;;;;;
Department of Energy;;;;;
Department of Environmental Affairs;;;;;
Department of Forestry, Fisheries and the Environment;;;;;
Department of Government Communication & Information System;;;;;
Department of Health;;;;;
Department of Health and Wellness;;;;;
Department of Health and Wellness Clinical Eng Serv;;;;;
Department of Health and Wellness Tygerberg Oral Health Cntr;;;;;
Department of Higher Education and Training;;;;;
Department of Home Affairs;;;;;
Department of Human Settlement - KZN;;;;;
Department of Human Settlement Free State;;;;;
Department of Independent Police Investigative Directorate;;;;;
Department of Information Technology - Botswana;;;;;
Department of Infrastructure Development;;;;;
Department of International Relations & Cooperation;;;;;
Department of Justice & Constitutional Development;;;;;
Department of Labour;;;;;
Department of Military Veterans;;;;;
Department of Mineral Resources and Energy;;;;;
Department of Mineral Resources and Energy (DMRE);;;;;
Department of National Treasury;;;;;
Department of Public Enterprises;;;;;
Department of Public Service and Administration;;;;;
Department of Public Works;;;;;
Department of Rural Development and Land Reform;;;;;
Department of Safety, Security & Liaison - Limpopo;;;;;
Department of Science & Technology;;;;;
Department of Small Business Development;;;;;
Department of Social Development;;;;;
Department of Telecommunications and Postal Services;;;;;
Department of Tourism;;;;;
Department of Trade and Industry;;;;;
Department of Transport;;;;;
Department of Transport - KZN;;;;;
Department of Transport and Community Safety Limpopo;;;;;
Department of Transport SA;;;;;
Department of Water & Sanitation;;;;;
Department of Women, Youth and Persons with Disabilities;;;;;
Depfin Investments (Pty) Ltd;;;;;
Deposit Protection Corporation;;;;;
dept of community safety and liaison;;;;;
Dept. of Economic Development;;;;;
Deranco Blocks (Pty) Ltd;;;;;
Derek Butcher and Company (Pty) Ltd;;;;;
Derivco;;;;;
Derivco (Pty) Ltd;;;;;
Derivco Ipswitch Limited;;;;;
Derivco Isle of Man Limited;;;;;
Derivco Systems SL;;;;;
Derlee Knitting Mills (Pty) Ltd;;;;;
Dermal Institute of South Africa (Pty) Ltd (The);;;;;
Desamark (Pty) Ltd;;;;;
Desbro Kenya Ltd;;;;;
Desbro Trading Ltd;;;;;
Desco Electronic Recyclers CC;;;;;
Desert & Delta Safaris (Pty) Ltd;;;;;
Desert Charm Trading 39 (Pty) Ltd;;;;;
Desert Charm Trading 40 (Pty) Ltd;;;;;
Desert Cool (Pty) Ltd;;;;;
Desert Gold Ventures Inc;;;;;
Desert Lion Energy Inc.;;;;;
Desert Lion Energy- Namibia;;;;;
Desert Wolf (Pty) Ltd;;;;;
Desert Wolf Consulting (Pty) Ltd;;;;;
desertminingsuppliers.com;;;;;
DESign Group;;;;;
Design School Southern Africa (Pty) Ltd (The);;;;;
designapplications.co.za;;;;;
Designer Group (Pty) Ltd;;;;;
Designer Group Holdings Ltd;;;;;
Designova;;;;;
DesleeMattex (Pty);;;;;
Desmond Equipment SA CC;;;;;
DESMOND TUTU HIV FOUNDATION;;;;;
Desta Alcohol and Liquors Factory Plc;;;;;
Desta Power Matla Holdings (Pty) Ltd;;;;;
destinationstravel.co.za;;;;;
Destiny Spring Investments 11 (Pty) Ltd;;;;;
Destiny Spring Investments 12 (Pty) Ltd;;;;;
Destiny Spring Investments 4 (Pty) Ltd;;;;;
De-Tect Unit Inspection (Pty) Ltd;;;;;
DetNet South Africa (Pty) Ltd;;;;;
de-toren.co.za;;;;;
Deutsche Bank AG;;;;;
Deutsche Gesellschaft für Internationale Zusammenarbeit;;;;;
Deutsche Group Holdings (SA) (Pty) Ltd;;;;;
Deutsche Holdings (SA) (Pty) Ltd;;;;;
Deutsche Lufthansa AG;;;;;
Deutsche Securities (Pty) Ltd;;;;;
Deutsche Securities (SA) (Pty) Ltd;;;;;
Deutshe Bank;;;;;
devbanking.com;;;;;
Deve Investments (Pty) Ltd;;;;;
Developing Poultry Farmers' Organisation Primary Co-Operative Ltd;;;;;
Development Alternatives Initiative (Pty) Ltd;;;;;
Development and Engineering Consultants Company SAE;;;;;
Development Bank of Angola;;;;;
Development Bank of Angola - BDA;;;;;
Development Bank of Ethiopia;;;;;
Development Bank of Kenya;;;;;
Development Bank of Namibia;;;;;
Development Bank of Nigeria Plc;;;;;
Development Bank of Rwanda;;;;;
Development Bank of Southern Africa;;;;;
Development Dynamics;;;;;
Development Finance Company of Uganda Ltd;;;;;
Development Microfinance Association;;;;;
Development of Namibia;;;;;
Development Partners International LLP;;;;;
Deviare (PTY) LTD;;;;;
devindoors.co.za;;;;;
Devland Cash and Carry (Pty) Ltd;;;;;
devos.net.za;;;;;
Devtraco Ltd;;;;;
Devyani Food Industries Kenya Ltd (Daima);;;;;
Dewdrops Ltd;;;;;
Dewfresh (Pty) Ltd;;;;;
Dewing Construction (Pty) Ltd;;;;;
Dexani CC;;;;;
Dexion Storage Centre Cape (Pty) Ltd;;;;;
dextra-bee.co.za;;;;;
dey.co.za;;;;;
dezzo.co.za;;;;;
DFA Solutions;;;;;
DFCU Bank Ltd;;;;;
DFD Fuel CC;;;;;
Dffe;;;;;
DFM Software Solutions;;;;;
DG Store (SA) (Pty) Ltd;;;;;
DGB (Pty) Ltd;;;;;
dgrp.co.za;;;;;
DH Logging (Pty) Ltd;;;;;
Dhaafier Achmat (Pty) Ltd;;;;;
DHK Architects (Pty) Ltd;;;;;
DHL;;;;;
DHL Global Forwarding Kenya;;;;;
DHL Global Forwarding SA (Pty) Ltd;;;;;
DHL International (Pty) Ltd;;;;;
DHL Kenya;;;;;
DHL Supply Chain (South Africa) (Pty) Ltd;;;;;
DHL Supply Chain Kenya;;;;;
DHM Africa Commodities (Pty) Ltd;;;;;
DHM Systems and Services CC;;;;;
Dhoda Distributors (Pty) Ltd;;;;;
Dhruv Manufacturing Botswana (PTY) LTD;;;;;
DI INFO SYSTEMS;;;;;
Diabor (Pty) Ltd;;;;;
Diac Salaf SA;;;;;
Diageo Plc;;;;;
Diageo South Africa (Pty) Ltd;;;;;
Diageo-Mozambique Lda;;;;;
Diagnofirm Medical Laboratories;;;;;
Diagonal Projects Africa (Pty) Ltd;;;;;
Diagonal SA;;;;;
DiAgri Investment Enterprise;;;;;
Diakonia Council of Churches;;;;;
Dial A Nerd;;;;;
Dial a Nerd;;;;;
Dial An Exchange South Africa (Pty) Ltd;;;;;
Dial Direct Insurance (RF) Ltd;;;;;
Dial-a-student;;;;;
Dialogue Group Holdings Ltd;;;;;
Dialstat Trading 115 (Pty) Ltd;;;;;
Diamension Aluminium CC;;;;;
Diamond Bank Plc;;;;;
Diamond Companhia de Seguros SA;;;;;
Diamond Core Resources (Pty) Ltd;;;;;
Diamond General Insurance Company Ltd;;;;;
Diamond Head Properties (Pty) Ltd;;;;;
Diamond Resources (Pty) Ltd;;;;;
Diamond Trading Company;;;;;
Diamond Trust Bank Burundi SA;;;;;
Diamond Trust Bank Kenya Ltd;;;;;
Diamond Trust Bank Tanzania Ltd;;;;;
Diamond Trust Bank Uganda Ltd;;;;;
Diamond Trust Insurance Agency Ltd;;;;;
Diamond Works (Cape Town) (Pty) Ltd (The);;;;;
DiamondCorp Plc;;;;;
Diamonds Discount Liquor (Pty) Ltd;;;;;
Diani Estate Ltd (Kenya);;;;;
Diaspora Insurance;;;;;
Diatom Trading CC;;;;;
DIB Bank Kenya;;;;;
Dibanisa Artisans and Trade Skills College;;;;;
Dibanisa Fruit (Pty) Ltd;;;;;
Dice Sport and Casual Wear SAE;;;;;
Dick Whittington Shoes (Pty) Ltd;;;;;
Dickinson Group;;;;;
Dickinson Group (Pty) Ltd;;;;;
Dicks Sweets CC;;;;;
dideports.co.za;;;;;
didiata.com;;;;;
Dido Nominees (Pty) Ltd;;;;;
Die Cast Trims (Pty) Ltd;;;;;
Die Cut Natal Enterprise CC;;;;;
Die Stigting Vir Bemagtiging Deur Afrikaans;;;;;
Diebold Nixdorf (Pty) Ltd;;;;;
Diesel Electric;;;;;
Diesel Electric Services (Pty) Ltd;;;;;
Diesel Gen Technologies CC;;;;;
Diesel Power Equipment Sales and Rental (Pty) Ltd;;;;;
Diesel Power Open Cast Mining (Pty) Ltd;;;;;
Diesel Supply Logistics (Pty) Ltd;;;;;
Dietrich Voigt Mia (Pty) Ltd;;;;;
Different Life;;;;;
Digby Wells;;;;;
digby.org.za;;;;;
Digiata;;;;;
Digiata Software;;;;;
Digiata Technology Services  (Pty) Ltd;;;;;
Digicall Group;;;;;
Digicall SA Holdings (Pty) Ltd;;;;;
Digicert South Africa (Pty) Ltd;;;;;
Digichilli Broadband Internet (Pty) Ltd;;;;;
DigiCore Holdings Ltd;;;;;
digicore.co.za;;;;;
DigiCut Production and Advertising Ltd;;;;;
DIGIFLOW;;;;;
Digify Africa;;;;;
digiman.co.za;;;;;
DigiOutsource;;;;;
digiscanjhb.co.za;;;;;
Digistics (Pty) Ltd;;;;;
Digital Bonsaï Limited;;;;;
Digital Divide Data;;;;;
Digital Fire;;;;;
Digital Generation;;;;;
Digital Mall (Pty) Ltd;;;;;
Digital Marketing Management;;;;;
Digital Natives;;;;;
Digital Opportunity Trust;;;;;
Digital Planet (Pty) Ltd;;;;;
Digital Shift;;;;;
Digital Solutions Group;;;;;
Digital Vision Technologies (Pty) Ltd;;;;;
DigitalCampus;;;;;
DigitalCampus B2C - COD Clients FY2023 - 2024;;;;;
digitalxpert.co.za;;;;;
Digiterra (Pty) Ltd;;;;;
Digiterra Group Ltd;;;;;
digitransgroup.co.za;;;;;
digiwareng.com;;;;;
Dihlabeng Local Municipality;;;;;
Dike Bennett Investments CC;;;;;
Dikgatlong Municipality;;;;;
dikwenacr.com;;;;;
Dileco Group;;;;;
Diligent Corporation (Pty) Ltd;;;;;
Dilokong Chrome Mine (Pty) Ltd;;;;;
Dilokong Ready Mix (Pty) Ltd;;;;;
Dilowa;;;;;
DIMAC Morocco;;;;;
Dimagi South Africa;;;;;
Dimension Data;;;;;
Dimension Data (Pty) Ltd;;;;;
Dimension Data (South Africa) Holdings (Pty) Ltd;;;;;
Dimension Data Algeria SpA;;;;;
Dimension Data Botswana (Pty) Ltd;;;;;
Dimension Data Facilities (Pty) Ltd;;;;;
Dimension Data Holdings Ltd;;;;;
Dimension Data Holdings Plc;;;;;
Dimension Data Management Services (Pty) Ltd;;;;;
Dimension Data Maroc;;;;;
Dimension Data Middle East and Africa (Pty) Ltd;;;;;
Dimension Data Namibia (Pty) Ltd;;;;;
Dimension Data Solutions Ltd (Kenya);;;;;
Dimension Data Tanzania Ltd;;;;;
Dimension Data Uganda Ltd;;;;;
Dimension Management Consultants Pvt Ltd;;;;;
dimensiondatat.com;;;;;
Dimon South Africa (Pty) Ltd;;;;;
Dimwag Investments (Pty) Ltd;;;;;
Diners Club (S A) (Pty) Ltd;;;;;
Dionwired;;;;;
DionWired;;;;;
Diospan (Pty) Ltd;;;;;
Dipeo Capital (RF) (Pty) Ltd;;;;;
Diphuka Construction (Pty) Ltd;;;;;
Diplomat;;;;;
Diplomat Distributors Ltd;;;;;
Dipula Income Fund Ltd;;;;;
Direct Axis SA (Pty) Ltd;;;;;
Direct Channel Holdings (Pty) Ltd;;;;;
Direct Marketing Association of Southern Africa (The);;;;;
Direct Patient Support (Pty) Ltd;;;;;
Direct Pay Limited;;;;;
Direct Pay Online;;;;;
Direct Rewards;;;;;
Direct Savings and loans;;;;;
Direct Transact (Pty) Ltd;;;;;
Directaxis Intermediary Services (Pty) Ltd;;;;;
directaxis.com;;;;;
Directline Assurance;;;;;
Director Maserumule Consulting;;;;;
Directorate of Public Service Management (DPSM);;;;;
directreefer.com;;;;;
Direct-Shelf 126 (Pty) Ltd;;;;;
Direct-Shelf 14 (Pty) Ltd;;;;;
Direka Delwery CC;;;;;
Direkshinz (Pty) Ltd;;;;;
Dirk Willem Ryk Beleggings (Pty) Ltd;;;;;
Dirose Enterprise CC;;;;;
Disa Vascular (Pty) Ltd;;;;;
Disaster Recovery South Africa (Pty) Ltd;;;;;
Dis-Chem Consolidated (Pty) Ltd;;;;;
Dis-Chem Pharmacies Ltd;;;;;
Discom Retailers (Pty) Ltd;;;;;
Discovery;;;;;
Discovery Bank;;;;;
Discovery Central Services (Pty) Ltd;;;;;
Discovery Copper Botswana (Pty) Ltd;;;;;
Discovery Copper Mauritius Ltd;;;;;
Discovery Health (Pty) Ltd;;;;;
Discovery Health Medical Scheme;;;;;
Discovery Insure Ltd;;;;;
Discovery Life Investment Services (Pty) Ltd;;;;;
Discovery Life Ltd;;;;;
Discovery Life Nominees (Pty) Ltd;;;;;
Discovery Limited;;;;;
Discovery Ltd;;;;;
Discovery Metals Botswana (Pty) Ltd;;;;;
Discovery Metals Ltd;;;;;
Discovery Metals Mauritius Ltd;;;;;
Discovery Mines (Pty) Ltd;;;;;
Discovery Mines Mauritius Ltd;;;;;
Discovery North East (Pty) Ltd;;;;;
Discovery North East Mauritius Ltd;;;;;
Discovery Third Party Recovery Services (Pty) Ltd;;;;;
Discovery Vitality (Pty) Ltd;;;;;
discoverymail.co.za;;;;;
dishem.co.za;;;;;
Disney International Consulting;;;;;
Displaypro;;;;;
Disprz;;;;;
Disraptor;;;;;
Distell Angola Lda;;;;;
Distell Botswana (Pty) Ltd;;;;;
Distell Ghana Ltd;;;;;
Distell Group Ltd;;;;;
Distell Ltd;;;;;
Distell Mauritius Ltd;;;;;
Distell Namibia Ltd;;;;;
Distell Swaziland Ltd;;;;;
Distell Wine Masters Ltd;;;;;
Distillerie de Bois Rouge Ltd;;;;;
Distinctive Choice 1518 CC;;;;;
Distribution and Warehousing Network Africa (Pty) Ltd;;;;;
Distribution and Warehousing Network Ltd;;;;;
Disway SA;;;;;
Ditsobotla Primary Savings and Credit Co-Operative Bank Ltd;;;;;
Diva Fashions (Pty) Ltd;;;;;
Diva Nutritional Products (Pty) Ltd;;;;;
Diverse Labelling Consultants (Pty) Ltd;;;;;
Diversey;;;;;
DiversiT;;;;;
Div-Prop 8 (Pty) Ltd;;;;;
DIXINN-GATE GROUP;;;;;
Dixter Kaluba;;;;;
DIY DEPOT (Pty) Ltd;;;;;
DIY Industries (Pty) Ltd;;;;;
Dj;;;;;
Dj Hiltop 2 56;;;;;
DJ mixer;;;;;
Dj pan;;;;;
Dj Walter 254 mixes;;;;;
DJI Chartered Accountants;;;;;
DK Chaircraft CC;;;;;
DK Components CC;;;;;
DK Laminates CC;;;;;
DK Metalcraft CC;;;;;
DK Woodcraft CC;;;;;
DKKI Holdings (Pty) Ltd;;;;;
DKW Exporting & Importing CC;;;;;
DLA Piper;;;;;
Dlacdh;;;;;
Dlamini Weil Communications (Pty) Ltd;;;;;
dlca.gov.za;;;;;
Dlgbusiness;;;;;
dlh.de;;;;;
dlsys.co.za;;;;;
DMC Construction Plc;;;;;
DMC Debt Management (Pty) Ltd;;;;;
DMI Diamonds South Africa (Pty) Ltd;;;;;
DMI Minerals South Africa (Pty) Ltd;;;;;
DMSA;;;;;
DMT-Kai Batla (Pty) Ltd;;;;;
DN Tyre and Rubber Plc;;;;;
DNA Supply Chain Holdings (Pty) Ltd ;;;;;
Dninvest;;;;;
dnlpta.co.za;;;;;
dnsol.co.za;;;;;
DO NOT USE;;;;;
DO NOT USE Ardagh Glass Packaging Kenya Limited - Leadership Masterclass;;;;;
DO NOT USE iCUBEFARM;;;;;
DO NOT USE South African Revenue Service;;;;;
DO Productions (Pty) Ltd;;;;;
Dobmeier Lift Trucks;;;;;
Docomo Digital;;;;;
Docu-File Jhb (Pty) Ltd;;;;;
Document Warehouse (Pty) Ltd (The);;;;;
documentwarehouse.co.za;;;;;
DocuSign;;;;;
DocuSign, Inc.;;;;;
Docuware- Ricoh;;;;;
Dodos Shoes (Pty) Ltd;;;;;
Dog Tail Entertainment CC;;;;;
Dogan Exhibitions and Events (Pty) Ltd;;;;;
DOHW Metro Health Services;;;;;
Dojam Productions CC;;;;;
Dole South Africa (Pty) Ltd;;;;;
Dolphin Bay Chemicals (Pty) Ltd;;;;;
Domaine des Dieux;;;;;
Dombotema Mining Investments (Pty) Ltd;;;;;
Dominic Bonnesse Architects CC;;;;;
Dominos;;;;;
Dominos Pizza;;;;;
Don Group Ltd (The);;;;;
Donald Brown Group (Pty) Ltd;;;;;
Donaldson;;;;;
Donaldson Filtration Systems (Pty) Ltd;;;;;
Donaventa Holdings (Pty) Ltd;;;;;
Donn Products (Pty) Ltd;;;;;
Donn South Africa (Pty) Ltd;;;;;
donnaclaire.co.za;;;;;
Doodlebums Diapers (Pty) Ltd;;;;;
Doornplaat Abattoir (Pty) Ltd;;;;;
Doraco campane;;;;;
Dorbyl Ltd;;;;;
Dore & Pitt (Pvt) Ltd;;;;;
Dorine Nalo;;;;;
Dorix Trading (Pty) Ltd;;;;;
Dormac;;;;;
Dormakorp Agtien (Pty) Ltd;;;;;
Dormanko Dertig (Pty) Ltd;;;;;
Dormans Coffee Ltd;;;;;
Dormant Relyant Ltd;;;;;
Dormehl Phalane Property Group - Meyersdal;;;;;
Dormell Properties 193 (Pty) Ltd;;;;;
Doshi Group;;;;;
Doshi Group of Companies;;;;;
Dosma Communications;;;;;
Dot Collab;;;;;
Dot Slash;;;;;
dotcomm.co.za;;;;;
Dotsure;;;;;
Douglas Colliery Services (Pty) Ltd;;;;;
Douglasdale Dairy (Pty) Ltd;;;;;
Douja Promotion Groupe Addoha SA;;;;;
Dove Mining Services CC;;;;;
Doves Group (Pty) Ltd;;;;;
Dovetail;;;;;
Dow AgroSciences Southern Africa (Pty) Ltd;;;;;
Dow Chemical East Africa Ltd;;;;;
Dow South Africa Holdings (Pty) Ltd;;;;;
Dow Southern Africa (Pty) Ltd;;;;;
Dow University of Health Sciences;;;;;
Dowding Reynard and Associates (Pty) Ltd;;;;;
Downing Event Hire CC;;;;;
Downstream Aluminium Centre for Technology;;;;;
DP World Ltd;;;;;
DPD Laser Express Logistics (Pty) Ltd;;;;;
DPI International Ltd;;;;;
DPI Plastics (Pty) Ltd;;;;;
DPI Roof Tiles (Pty) Ltd;;;;;
DPI Simba Ltd;;;;;
DPL Festive Bread;;;;;
DPME;;;;;
DPO Group;;;;;
DPO Group Kenya;;;;;
DPSA;;;;;
DPT;;;;;
dpvmx.com;;;;;
dpw.gov.za;;;;;
DQS;;;;;
DQS MSS (Pty) Ltd;;;;;
Dr Beyers Naude Local Municipality;;;;;
Dr C L Venter and Associates No 109 Inc;;;;;
Dr Davies Pathologists Inc;;;;;
Dr GH Portwig and Associates No 154 Inc;;;;;
Dr JM van Rooyen Inc;;;;;
Dr Kenneth Kaunda District Municipality;;;;;
Dr Oetker;;;;;
Dr Reddy's Laboratories (Pty) Ltd;;;;;
DR Ruth Segomotsi Mompati;;;;;
DR Squared Agency (Pty) Ltd;;;;;
DR Thandi Ndlovu Childrens Foundation;;;;;
Dr. Oetker South Africa;;;;;
Dr. Roxanna Gunter;;;;;
DRA Global Limited;;;;;
DRA Group Holdings (Pty) Ltd;;;;;
DRA Projects SA (Pty) Ltd;;;;;
DRA Research and Development (Pty) Ltd;;;;;
DRA South Africa (Pty) Ltd;;;;;
DRA Technical Services (Pty) Ltd;;;;;
Drager Safety Zenith (Pty) Ltd;;;;;
Drager South Africa (Pty) Ltd;;;;;
Drägerwerk AG & Co. KGaA;;;;;
Dragon Dynasty Distributor CC;;;;;
Dragonfly;;;;;
Drake International;;;;;
Drakensberg Boys Choir;;;;;
Drakensberg Truck Manufacturers (Pty) Ltd;;;;;
Drakenstein Local Municipality;;;;;
Draper Investments Ltd;;;;;
DrawCard (Pty) Ltd;;;;;
DRÄXLMAIER Group;;;;;
Draxlmaier Group Tunisia;;;;;
drdar.gov.za;;;;;
DRDGold Ltd;;;;;
drdlr.gov.za;;;;;
Dream Hotels & Resorts;;;;;
Dream It Lingerie CC;;;;;
Dream Team Catalyst;;;;;
Dream Tech Labs;;;;;
Dreamcatcher Multi-Media CC;;;;;
Dreamcatcher Productions Ltd;;;;;
Dreamscheme 76 (Pty) Ltd;;;;;
Dreamsmiths;;;;;
Dreamworks Technologies (Pty) Ltd;;;;;
Dresser International LLC;;;;;
Dresser-Rand Property (Pty) Ltd;;;;;
Dresser-Rand Service Centre (Pty) Ltd;;;;;
Dresser-Rand Southern Africa (Pty) Ltd;;;;;
Dretz Ltd;;;;;
DRG Outsourcing;;;;;
drgt.net;;;;;
Drieziek Bakeries (Pty) Ltd;;;;;
Drift Supersand (Pty) Ltd;;;;;
Drifters Overland (Pty) Ltd;;;;;
Drill Rod Specialist (Pty) Ltd;;;;;
Drinks.ng;;;;;
Drisdale Investments (Pty) Ltd;;;;;
Drive Automotive S.A.E;;;;;
Drive Control Corporation (Pty) Ltd;;;;;
Drive Control Services (Pty) Ltd;;;;;
Drizit Environmental CC;;;;;
Dromex;;;;;
dronesafetylegal.co.za;;;;;
Drone-X a division of Heli-X (Pty) Ltd;;;;;
DRRW Investments (Pty) Ltd;;;;;
DRS;;;;;
Drs Du Toit McAdam Malan Muller Botha and Partners Inc;;;;;
Dr's N D Munisi D C Mdluli Incorporated;;;;;
DRUMNET GmbH;;;;;
Druva Inc.;;;;;
Dry Bean Producers' Organisation;;;;;
dsac.gov.za;;;;;
dsjmail.co.za;;;;;
DSM Cars (Pty) Ltd;;;;;
DSM Nutritional Products South Africa (Pty) Ltd;;;;;
dsp.co.za;;;;;
dsrsa.com;;;;;
dss+;;;;;
DStv Media Sales;;;;;
DSTV Media Sales (Pty) Ltd;;;;;
DStv Online;;;;;
DSV;;;;;
DSV A/S;;;;;
DSV Air and Sea (Pty) Ltd;;;;;
DSV Mozambique;;;;;
DSV Shared Services (Pty) Ltd;;;;;
DSV Solutions (Pty) Ltd;;;;;
DSV South Africa (Pty) Ltd;;;;;
DSW Cleansing and Solid Waste (Division of eThekwini Metropolitan Municipality);;;;;
DT Associates Gambia Ltd;;;;;
DT Dobie Kenya Ltd;;;;;
DTC Botswana;;;;;
dtcb.co.bw;;;;;
Dth Dynamic Technology Holdings Ltd;;;;;
DTI;;;;;
D-tree International;;;;;
Du Marc CC;;;;;
Du Plessis Van Der Merwe Inc;;;;;
Dube Trade Ports;;;;;
Dube Tradeport Corporation;;;;;
dubetradeport.com;;;;;
dubetradport.co.za;;;;;
Duchess Uniforms (Pty) Ltd;;;;;
Ducitex (Pty) Ltd;;;;;
Duco Speciality Coatings (Pty) Ltd;;;;;
Dudula Rail (RF) (Pty) Ltd;;;;;
Duduzile Business Management Intelligence;;;;;
Duferco Distribution Services (South Africa) (Pty) Ltd;;;;;
Duferco Steel Processing;;;;;
Duferco Steel Processing (Pty) Ltd;;;;;
Duja Consulting;;;;;
Duke Corporate Education;;;;;
Duke Corporate Education RSA;;;;;
Dulce Milkwood (Pty) Ltd;;;;;
Dullstroom Plats (Pty) Ltd;;;;;
Dulux Botswana (Pty) Ltd;;;;;
Dulux Ltd;;;;;
Dulux Namibia (Pty) Ltd;;;;;
Dulux Swaziland (Pty) Ltd;;;;;
Dulux Zambia (2005) Ltd;;;;;
Dumela Diamond Fire (Pty) Ltd;;;;;
Dumpit SA Waste Removal (Pty) Ltd;;;;;
duncanfamily.co.za;;;;;
Duncanmec (Pty) Ltd;;;;;
Duncannon Investments (Pty) Ltd;;;;;
Dundarach Poultry Farm (Pty) Ltd;;;;;
Dundeeprecious;;;;;
Dunlash;;;;;
Dunlop Industrial Products (Pty) Ltd;;;;;
Dunlop Industries Ltd;;;;;
Dunlop Tyres SA;;;;;
Dunn-Handley Stageworks CC;;;;;
Dunnhumby South Africa (Pty) Ltd;;;;;
Dunns;;;;;
Dunns Stores (Pty) Ltd;;;;;
Dunrose Investments 207 (Pty) Ltd;;;;;
Dunrose Investments 82 (Pty) Ltd;;;;;
DUO Marketing + Communications;;;;;
Duo Solutions Provider (Pty) Ltd;;;;;
Duoflex (Pty) Ltd;;;;;
DuPont;;;;;
DuPont De Nemours South Africa (Pty) Ltd;;;;;
Dura Line (Pty) Ltd;;;;;
Dura Soletanche-Bachy (Pty) Ltd;;;;;
Duracell Inc.;;;;;
Duracell South Africa (Pty) Ltd;;;;;
Duram (Pty) Ltd;;;;;
durando.co.za;;;;;
Durapi Consulting;;;;;
Durattract Plastics (Pty) Ltd;;;;;
Durban Add-Ventures Ltd;;;;;
Durban Chamber of Commerce and Industry;;;;;
Durban Coal Terminal Company (Pty) Ltd;;;;;
Durban Confectionery Works (Pty) Ltd;;;;;
Durban Girl's College;;;;;
Durban ICC;;;;;
Durban Marine Theme Park (RF) SOC Ltd;;;;;
Durban Municpality;;;;;
Durban Overall (Pty) Ltd;;;;;
Durban Pallets (Pty) Ltd;;;;;
Durban Point Development Company (Pty) Ltd;;;;;
Durban Point Waterfront Management Association (RF);;;;;
Durban South Speed Shop CC;;;;;
Durban Technology Hub;;;;;
Durban Tower Development Company (Pty) Ltd;;;;;
Durban University of Technology (Pty) Ltd;;;;;
Durban Water Recycling (Pty) Ltd;;;;;
durbanlubricants.co.za;;;;;
durbanpaint.co.za;;;;;
Durbanville Memorial Park (Pty) Ltd;;;;;
Duro Brick Company (Pty) Ltd;;;;;
Duro Pressings (Pty) Ltd;;;;;
Durpak (Pty) Ltd;;;;;
Durr Africa (Pty) Ltd;;;;;
Dust-A-Side Partnership;;;;;
Dutoit Agri (Pty) Ltd;;;;;
Dutoit Beherend (Pty) Ltd;;;;;
Dutoit Houtnywerheid (Pty) Ltd;;;;;
Dutton Plastics;;;;;
Dutum Company Ltd;;;;;
Duvash Chemical Packaging (Pty) Ltd;;;;;
duxah.edu.za;;;;;
duxnet.co.za;;;;;
Duys Moçambique;;;;;
Duzi Bus Service (Pty) Ltd;;;;;
DV Project Management (Pty) Ltd;;;;;
D-V-8 Films (Pty) Ltd;;;;;
DVL;;;;;
DVT;;;;;
DW Outdoor Marketing (Pty) Ltd;;;;;
Dwa Estate Ltd;;;;;
dwaf.gov.za;;;;;
Dwaggas Soutwerke (Pty) Ltd;;;;;
Dwangwa Sugar Corporation Ltd;;;;;
Dwarsloop Beer Wholesalers (Pty) Ltd;;;;;
Dwarsrivier;;;;;
Dwayne;;;;;
DWDR;;;;;
DWR Distribution (Pty) Ltd;;;;;
DWR Hertzog;;;;;
DWS;;;;;
DXC Technology;;;;;
Dyason De Kock en Labuschagne CC;;;;;
Dyer & Blair Investment Bank;;;;;
Dyer & Blair Investment Bank Limited;;;;;
Dymarox (Pty) Ltd;;;;;
Dymot Engineering;;;;;
Dynachem (Pty) Ltd;;;;;
Dynalite South Africa (Pty) Ltd;;;;;
Dynamic Commodities;;;;;
Dynamic DNA (Pty) Ltd;;;;;
Dynamic Fibre Moulding (Pty) Ltd;;;;;
Dynamic Fluid Control (Pty) Ltd;;;;;
Dynamic Group SA;;;;;
Dynamic Growth Training;;;;;
Dynamic Recovery Services (Pty) Ltd;;;;;
Dynamic Salvage Management CC;;;;;
Dynamic Wealth Stockbrokers (Pty) Ltd;;;;;
dynamicbd.co.za;;;;;
Dynamics Africa;;;;;
dynapharm;;;;;
Dynatech;;;;;
Dynaworx;;;;;
E Akhalwaya and Sons CC;;;;;
E Aulsebrook;;;;;
E B M Project (Pty) Ltd;;;;;
E Bucks Com Holdings Ltd;;;;;
E E C Supermarket CC;;;;;
E en T Boerdery CC;;;;;
E L C B Information Services (Pty) Ltd;;;;;
E Media Holdings Ltd;;;;;
E Media Investments (Pty) Ltd;;;;;
E R Goodman Secretarial Services CC;;;;;
E Sackstein Investments (Pty) Ltd;;;;;
E Sat TV (Pty) Ltd;;;;;
E Tostee & Associates CC;;;;;
e tv (Pty) Ltd;;;;;
E Voucha (Pty) Ltd;;;;;
e Waste Association of South Africa;;;;;
E Z Trade 190 CC;;;;;
E.S.L.A. Plc;;;;;
E+PC Engineering and Projects Company (Zambia) Ltd;;;;;
E+PC Engineering and Projects Company Ltd;;;;;
E2 Solutions;;;;;
E3 Business Indonesia;;;;;
E3 Logistics;;;;;
e4 Strategic;;;;;
EA Software South Africa (Pty) Ltd;;;;;
EA Steel Centre (Pty) Ltd;;;;;
Eaagads Ltd;;;;;
EABL International Ltd;;;;;
EABL Tanzania Ltd;;;;;
eAdvance (Pty) Ltd;;;;;
Eagle Africa Insurance Brokers Ltd;;;;;
Eagle Agencies (Pty) Ltd (Botswana);;;;;
Eagle Air Uganda;;;;;
Eagle Appliances (Pty) Ltd;;;;;
Eagle Atlantic Airlines Ltd;;;;;
Eagle Creek Investments 472 (Pty) Ltd;;;;;
Eagle Eye Aviation;;;;;
Eagle Granite (Pty) Ltd;;;;;
Eagle Insurance;;;;;
Eagle Insurance Company Ltd;;;;;
Eagle Lighting;;;;;
Eagle Ottawa South Africa Ltd;;;;;
Eagle Radio Taxis (Pty) Ltd;;;;;
Eagle Roof Tiles (Pty) Ltd;;;;;
Eagle Stationers And Computer Supplies CC;;;;;
Eaglesmail;;;;;
Ealing Management Services (Pty) Ltd;;;;;
EandJpanelbeaters CC;;;;;
earlybirdfarm.com;;;;;
Earth Babies CC;;;;;
Earth Fair Market (Pty) Ltd;;;;;
Earthlife Africa;;;;;
Easi-Bind (Pty) Ltd;;;;;
Easigas (Pty) Ltd;;;;;
East Africa Bottling Share Company;;;;;
East Africa Metals Inc;;;;;
East Africa Reinsurance Company Limited;;;;;
East African Agri-Business Plc;;;;;
East African Breweries (Mauritius) Ltd;;;;;
East African Breweries Ltd;;;;;
East African Cables Ltd;;;;;
East African Crude Oil Pipe Line;;;;;
East African Exploration (Kenya) Ltd;;;;;
East African Maltings (Kenya) Ltd;;;;;
East African Maltings (Uganda) Ltd;;;;;
East African Marines Systems Ltd (The);;;;;
East African Portland Cement Company;;;;;
East African Portland Cement Company Ltd;;;;;
East African Power;;;;;
East African Roofing Systems Ltd;;;;;
East and West Investments (Pty) Ltd;;;;;
East Balt Holdings South Africa (Pty) Ltd;;;;;
East Balt South Africa Joint Venture Partners;;;;;
East Cape Print Media CC;;;;;
East Cape Quarries (Pty) Ltd;;;;;
East Cape Wiring (Pty) Ltd;;;;;
East Champ d'Or Gold Mine Ltd;;;;;
East Coast Kawasaki (Pty) Ltd;;;;;
East Coast Radio (Pty) Ltd;;;;;
East Coast Radio, a division of Kagiso Media (Pty) Ltd;;;;;
East Coast Shredder (Pty) Ltd;;;;;
East Delta Flour Mills Company SAE;;;;;
East Horizon Gas Company Ltd;;;;;
East Indies Company SARL;;;;;
East London Abattoir (Pty) Ltd;;;;;
East London IDC;;;;;
East London Industrial Development Zone SOC Ltd;;;;;
East London Shipyard (Pty) Ltd;;;;;
East London Textiles (Pty) Ltd;;;;;
East Rand Business Precinct (Pty) Ltd;;;;;
East Rand Dialysis Inc;;;;;
East Rand Proprietary Mines Ltd;;;;;
East Rand Water Care Company NPC;;;;;
EAST WATER LTD;;;;;
EAST WATER LTD.;;;;;
Eastcape Training Centre;;;;;
eastcoastsource.co.za;;;;;
Eastern Cape Department of Social Development;;;;;
Eastern Cape Development Corporation;;;;;
Eastern Cape Frail Care (Pty) Ltd;;;;;
Eastern Cape Gambling & Betting Board;;;;;
Eastern Cape Health;;;;;
EASTERN CAPE LIQUOR BOARD;;;;;
Eastern Cape Non-Governmental Coalition;;;;;
Eastern Cape Parks and Tourism Agency (ECPTA);;;;;
Eastern Cape Provincial Government;;;;;
Eastern Cape Society of Advocates;;;;;
Eastern Company SAE;;;;;
Eastern Cricket;;;;;
Eastern Foreshore Investments Ltd;;;;;
Eastern Highlands Plantations Ltd;;;;;
Eastern Platinum Ltd;;;;;
Eastern Produce Cape (Pty) Ltd;;;;;
Eastern Produce Estates South Africa (Pty) Ltd;;;;;
Eastern Produce Kenya Ltd;;;;;
Eastern Produce Malawi Ltd;;;;;
Eastern Produce South Africa (Pty) Ltd;;;;;
Eastern Solid Fuels (Pty) Ltd;;;;;
Eastern Sun Events CC;;;;;
Eastern Trading Co (Pty) Ltd;;;;;
Eastgate Safaris and Transfers (Pty) Ltd;;;;;
East-Grouw (Pty) Ltd;;;;;
Eastwood Farming CC;;;;;
Easy Holidays Management Association;;;;;
Easy Vision (Pty) Ltd;;;;;
easylife.co.za;;;;;
Easypay (Pty) Ltd;;;;;
Easyweb Internet;;;;;
Eaton  limited;;;;;
Eaton Hydraulics (Pty) Ltd;;;;;
Eaton Towers Ltd;;;;;
Eaton Truck Components (Pty) Ltd;;;;;
EATTA;;;;;
EAZI Access;;;;;
Eazi Access;;;;;
Eazi Access Rental (Pty) Ltd;;;;;
ebbooks.co.za;;;;;
EBDA;;;;;
Ebenhaeser Breifabriek CC;;;;;
Ebenyx Technologies;;;;;
Eberspacher Exhaust Systems (Pty) Ltd;;;;;
Eberspacher Properties (Pty) Ltd;;;;;
Eberspacher Rosslyn (Pty) Ltd;;;;;
Eberspacher South Africa (Pty) Ltd;;;;;
Ebinter Trading and Projects (Pty) Ltd;;;;;
EBM South Africa;;;;;
Ebony+Ivory;;;;;
eBook Shop CC;;;;;
EBSCO International Inc T/A EBSCO Subscription Services;;;;;
E-business Systems;;;;;
ECA Consulting;;;;;
Ecape;;;;;
eccogta.gov.za;;;;;
EC-Council;;;;;
ecdoe;;;;;
Ecentric Payment Systems (Pty) Ltd;;;;;
ecgassociates.com;;;;;
Echelon Private Client Solutions (Pty) Ltd;;;;;
Echo Africa;;;;;
Echo Floors (Pty) Ltd;;;;;
Echo Prestress (Durban) (Pty) Ltd;;;;;
Echo Prestress (Pty) Ltd;;;;;
Echo Service Provider;;;;;
Echo Uganda;;;;;
Echotel (Pty) Ltd;;;;;
Echuli Africa;;;;;
Eclectic Brands Trading (Pty) Ltd;;;;;
Eclectics International Limited;;;;;
ECLECTICS INTERNATIONAL LTD;;;;;
Ecleg;;;;;
Eclipse-Fr;;;;;
ECLOF Kenya;;;;;
ECM;;;;;
ECN;;;;;
Eco (Atlantic) Oil & Gas Ltd;;;;;
Eco Fuels Kenya Ltd;;;;;
Eco Time Technology;;;;;
Eco Tree Felling (Pty) Ltd;;;;;
ecobak.com;;;;;
Ecobank Benin SA;;;;;
Ecobank Burkina Faso;;;;;
Ecobank Burundi SA;;;;;
Ecobank Cameroon SA;;;;;
Ecobank Cape Verde SA;;;;;
Ecobank Centrafique SA;;;;;
Ecobank Chad SA;;;;;
Ecobank Congo SA;;;;;
Ecobank Cote d'Ivoire;;;;;
Ecobank Development Corporation (EDC);;;;;
Ecobank Gabon SA;;;;;
Ecobank Gambia Ltd;;;;;
Ecobank Ghana Ltd;;;;;
Ecobank Guinea Bissau;;;;;
Ecobank Guinea SA;;;;;
Ecobank Investment Managers Ltd;;;;;
Ecobank Kenya Ltd;;;;;
Ecobank Leasing Company Ltd;;;;;
Ecobank Liberia Ltd;;;;;
Ecobank Malawi Ltd;;;;;
Ecobank Mali;;;;;
Ecobank Niger;;;;;
Ecobank Nigeria Ltd;;;;;
Ecobank RDC SARL;;;;;
Ecobank Rwanda Ltd;;;;;
Ecobank Sao Tome and Principe SA;;;;;
Ecobank Senegal SA;;;;;
Ecobank Sierra Leone Ltd;;;;;
Ecobank Tanzania Ltd;;;;;
Ecobank Togo SA;;;;;
Ecobank Transnational Inc;;;;;
Ecobank Uganda Ltd;;;;;
Ecobank Venture Capital Company Ltd;;;;;
Ecobank Zambia Ltd;;;;;
Ecobank Zimbabwe Ltd;;;;;
Eco-Break (Pty) Ltd;;;;;
Ecocash Holdings;;;;;
Eco-Energy;;;;;
ECOFARMA SOUTHERN AFRICA;;;;;
eCOGRA Pty Ltd;;;;;
Eco-Homes Ltd;;;;;
Ecolab (Pty) Ltd;;;;;
ECOLE HAUTES ETUDES COMMERCIALES NORD;;;;;
Ecomed Pharma Ltd;;;;;
Econ Oil and Energy (Pty) Ltd;;;;;
Econet South Africa (Pty) Ltd;;;;;
Econet Telecom Lesotho;;;;;
Econet Wireless;;;;;
ECONET WIRELESS;;;;;
Econet Wireless (Pvt) Ltd;;;;;
Econet Wireless Zimbabwe Ltd;;;;;
Econoloo CC;;;;;
Economic Development Department;;;;;
Econorisk (Pty) Ltd;;;;;
Ecopolymers CC;;;;;
Eco-Smart Box (The) CC;;;;;
Ecosoil Trust;;;;;
ecotp.gov.za;;;;;
Ecotraining;;;;;
Ecowize;;;;;
Ecozyme Enzymes CC;;;;;
Ecprov;;;;;
ecpta.co.za;;;;;
ECRDA;;;;;
ecs.co.sz;;;;;
ECSECC;;;;;
Ecsponent Ltd;;;;;
ecsponent.com;;;;;
ECtreasury.Gov.Za;;;;;
ECUREI;;;;;
Ed Partners Africa;;;;;
EDB Mauritius;;;;;
EDC Prosper Financial Services (Pty) Ltd;;;;;
EdCast Inc;;;;;
EdCast Inc.;;;;;
Edcon Holdings Ltd;;;;;
Edcon Ltd;;;;;
Eddels Shoes (Pty) Ltd;;;;;
eDegree (Pty) Ltd;;;;;
Edelbell Investments (Pty) Ltd;;;;;
Edelman;;;;;
Eden Court Holdings (Pty) Ltd;;;;;
Eden District Municipality;;;;;
edendm.gov.za;;;;;
Edenglen High School;;;;;
edenpayventures.co.ke;;;;;
Edenville Energy Plc;;;;;
EDF Renewables;;;;;
EDF Renewables (South Africa) (Pty) Ltd;;;;;
Edgars Consolidated Stores Ltd;;;;;
Edgars Stores (Lesotho) (Pty) Ltd;;;;;
Edgars Stores (Namibia) Ltd;;;;;
Edgars Stores Ltd;;;;;
Edgars Stores Swaziland Ltd;;;;;
Edge Consulting;;;;;
EDGE Education;;;;;
Edge Evolve;;;;;
Edge Executive Search;;;;;
Edge for Men (Pty) Ltd;;;;;
Edge to Edge 1182 CC;;;;;
Edify Consulting;;;;;
Edimed (Pty) Ltd;;;;;
Edison Power Electrical (Pty) Ltd;;;;;
Edita Food Industries SAE;;;;;
Edith Enterprises Ltd;;;;;
Edkar Ucingo (Pty) Ltd;;;;;
Edmore Sithole;;;;;
Edo Cement Company Ltd;;;;;
edprop.co.za;;;;;
EDS South Africa (Pty) Ltd;;;;;
Edu Solutions;;;;;
eduaction.co.za;;;;;
Eduardo Mondlane University;;;;;
Educate An Inmate;;;;;
Educate!;;;;;
Educated Risk Investments 71 (Pty) Ltd;;;;;
Education;;;;;
Education Incorporated Boutique School (IEB);;;;;
Education International;;;;;
Education Labour Relations Council;;;;;
Education Training and Development Practices Sector Education and Training Authority;;;;;
Educor Bramley (Pty) Ltd;;;;;
Educor Holdings (Pty) Ltd;;;;;
Educor Property Holdings (Pty) Ltd;;;;;
eduhq.edu.sc;;;;;
eDumbe Local Municipality;;;;;
eduskillsrainbow.co.za;;;;;
Edward Nathan Sonnenbergs Inc;;;;;
Edward Snell and Company (Pty) Ltd;;;;;
Edwards Lifesciences (Pty) Ltd;;;;;
Edwin Construction (Pty) Ltd;;;;;
EE Publishers;;;;;
EE Publishers (Pty) Ltd;;;;;
Eec;;;;;
Eezipay Management Systems;;;;;
EEZYGROUP;;;;;
EFC Uganda Ltd;;;;;
Efekto Care (Pty) Ltd;;;;;
Effective Carbon Solutions CC;;;;;
Effective Intelligence;;;;;
Effectiveness Company (Pty) Ltd (The);;;;;
Efficient Benefit Consulting (Pty) Ltd;;;;;
Efficient Car Courier (Pty) Ltd;;;;;
Efficient Financial Services (Pty) Ltd;;;;;
Efficient Group Ltd;;;;;
Efficient International Investments (Pty) Ltd;;;;;
Efficient Select (Pty) Ltd;;;;;
Effluent Dynamics Ltd;;;;;
Effluent Technologies (Pty) Ltd;;;;;
EFG Hermes Holding SAE;;;;;
E-Five Telecommunications (Pty) Ltd;;;;;
Efkon South Africa (Pty) Ltd;;;;;
Efora Energy Ltd;;;;;
efrc.co.za;;;;;
Egelquip;;;;;
Egg Films (Pty) Ltd;;;;;
Eggbert Eggs (Pty) Ltd;;;;;
Eggerding South Africa (Pty) Ltd;;;;;
EGIGFA;;;;;
Egis Software;;;;;
Egoli Gaming (Pty) Ltd;;;;;
Egoli Gas (Pty) Ltd;;;;;
Egoli Tours (Pty) Ltd;;;;;
Egon Zehnder;;;;;
EGPAF;;;;;
EGPAF Lesotho;;;;;
Egycopt Foundation;;;;;
Egypro East Africa Ltd;;;;;
Egypt Aluminum Company SAE;;;;;
Egypt For Poultry Company SAE;;;;;
Egypt Free Shops Company SAE;;;;;
Egypt Gas Company SAE;;;;;
Egypt Kuwait Holding Company SAE;;;;;
Egyptian Arabian (Themar) for Securities Brokerage SAE;;;;;
Egyptian Company for Foods (Bisco Misr) SAE;;;;;
Egyptian Company for International Tourism Projects SAE;;;;;
Egyptian Drilling Company SAE;;;;;
Egyptian Fibres Company;;;;;
Egyptian Financial and Industrial Company SAE;;;;;
Egyptian for Developing Building Materials;;;;;
Egyptian Gulf Bank SAE;;;;;
Egyptian Gypsum Company;;;;;
Egyptian Housing Finance Company;;;;;
Egyptian International Pharmaceutical Industries Company SAE;;;;;
Egyptian Iron and Steel Company SAE;;;;;
Egyptian Media Production City Co SAE;;;;;
Egyptian Resorts Company SAE;;;;;
Egyptian Satellites Company SAE;;;;;
Egyptian Starch and Glucose Manufacturing Co SAE;;;;;
Egyptian Tourah Portland Cement Company SAE;;;;;
Egyptian Transport and Commercial Services Company SAE;;;;;
Egyptian Vehicles Manufacturing Company S.A.E;;;;;
Egyptians Abroad for Investment and Development Company SAE;;;;;
Egyptians for Investment and Urban Development SAE;;;;;
Egyptians Housing Development and Reconstruction Company SAE;;;;;
eh.co.bw;;;;;
eHealth Africa (Pty) Ltd;;;;;
ehiafrica;;;;;
Ehlanzeni District Municipality;;;;;
Ehlokomele;;;;;
ehprinters.co.za;;;;;
ehskzn.co.za;;;;;
EIE(Eqstra Industrial Equipment);;;;;
Eiffel;;;;;
Eigenbau (Pty) Ltd;;;;;
Eighty20;;;;;
Eikestad Mall;;;;;
EIS Engineering & Industrial Supplies;;;;;
EITI;;;;;
Ekhamanzi Springs (Pty) Ltd;;;;;
Ekhwesi Energy;;;;;
Ekocorp Plc;;;;;
Ekodey (Pvt) Ltd;;;;;
ekom.co.za;;;;;
EKS Vehicle Tracking;;;;;
Ekulo International Ltd;;;;;
Ekurhuleni Development Company (Pty) Ltd;;;;;
Ekurhuleni East TVET College;;;;;
Ekurhuleni Sub-Akute Hospitaal (Pty) Ltd;;;;;
EKURHULENI WATER CARE COMPANY;;;;;
Ekurhuleni West TVET College;;;;;
e-Kwikbuild Housing Company (Pty) Ltd;;;;;
El Ahram Company for Printing and Packing SAE;;;;;
El Arabia for Land Reclamation SAE;;;;;
El Gezira Hotels and Tourism Co SAE;;;;;
El Kahera El Watania Investment SAE;;;;;
El Kahera Housing and Development SAE;;;;;
El Nasr Clothing & Textiles Company SAE;;;;;
El Nasr For Manufacturing Agricultural Crops SAE;;;;;
El Nasr Transformers and Electrical Products Company SAE;;;;;
El Obour Real Estate Investment SAE;;;;;
El Orouba Securities Brokerage Company SAE;;;;;
El Saeed Contracting & Real Estate Investment Company SAE;;;;;
El Sewedy Electric Company SAE;;;;;
El Shams Housing & Urbanization SAE;;;;;
El Shams Pyramids For Hotels & Touristic Projects SAE;;;;;
El Wadi Company for Touristic Investment SAE;;;;;
El Watany For Hotels Company SAE;;;;;
El Yassmien For Hotels Company SAE;;;;;
El-Alan Construction Company (Nigeria) Ltd;;;;;
eLan Property Group;;;;;
elancoah.com;;;;;
Elandsfontein Beverage Marketing (Pty) Ltd;;;;;
Elandsfontein Colliery (Pty) Ltd;;;;;
Elangeni Soaps (Pty) Ltd;;;;;
Elatiprox (Pty) Ltd;;;;;
ELB Engineering (Pty) Ltd;;;;;
ELB Equipment Holdings (Pty) Ltd;;;;;
ELB Equipment Ltd;;;;;
ELB Group Ltd;;;;;
Elbene Industrie SA;;;;;
elbquip.co.za;;;;;
Elbroc Mining Products (Pty) Ltd;;;;;
Elcon SystemTechnik (Mauritius) Ltd;;;;;
Eldan Auto Body CC;;;;;
Eldar HR & Leadership Consulting Limited;;;;;
Eldomotors Ltd;;;;;
eLearning Stack;;;;;
Elebelle (Pty) Ltd;;;;;
Electech Power Solutions (Pty) Ltd;;;;;
Electoral Commission of South Africa;;;;;
Electoral Commission of Zambia;;;;;
Electrical Contractors Association (SA);;;;;
Electrical Engineering and Allied Industries Association;;;;;
electricalprojects.co.za;;;;;
ELECTRICIDADE DE MOÇAMBIQUE;;;;;
Electricity Company of Ghana;;;;;
Electricity Company of Ghana- Corporate Office;;;;;
Electricity Company of Ghana- Training School;;;;;
Electricity Generation Company Malawi Limited;;;;;
Electricity Supply Corporation of Malawi Ltd;;;;;
Electrixitaty;;;;;
Electro Cable Egypt Company SAE;;;;;
Electro Inductive Industries (Pty) Ltd;;;;;
Electro Mechanica (Pty) Ltd;;;;;
Electro Spyres Medical (Pty) Ltd;;;;;
Electrolux;;;;;
ElectroMechanica;;;;;
Electromode (Pty) Ltd;;;;;
Electro-Motive Diesel Africa (Pty) Ltd;;;;;
Electro-Motive Diesel and Locomotive Company (Pty) Ltd;;;;;
Electron Avenue Properties (Pty) Ltd;;;;;
Electronic Allied and Metal Workers Union of South Africa;;;;;
Electronic Communications Network (Pty) Ltd;;;;;
Electronic Laboratory Services (Pty) Ltd;;;;;
Electronic Media Network (Pty) Ltd;;;;;
Electronic Realty Associates (South Africa) (Pty) Ltd;;;;;
Electronic Restoration Services (Pty) Ltd;;;;;
Electronic Toll Collection (RF) (Pty) Ltd;;;;;
Electrosonic S A (Pty) Ltd;;;;;
Electrostar SA;;;;;
Electrowave Ltd;;;;;
Electrowave Solutions;;;;;
Elegant Fuel (Pty) Ltd;;;;;
Elegant Line Trading 237 (Pty) Ltd;;;;;
Elematic SA (Pty) Ltd;;;;;
Element Investment Managers (Pty) Ltd;;;;;
Element Six (Pty) Ltd;;;;;
Element Six South Africa (Pty) Ltd;;;;;
Element Six Technologies (Pty) Ltd;;;;;
Elements Creative Dynamics (Pty) Ltd;;;;;
Elements Egoli (Pty) Ltd;;;;;
elengabadi.co.za;;;;;
Elephant Healthcare;;;;;
Elephants in Main Street International;;;;;
Elevate;;;;;
Elevate Learning;;;;;
Elevated Outdoor (Pty) Ltd;;;;;
Elevation Biotech (Pty) Ltd;;;;;
Eleven Degrees;;;;;
ELFORA Agro-Industries Plc;;;;;
Elgin Brown and Hamer (Pty) Ltd;;;;;
Elgin Free Range Chickens (Pty) Ltd;;;;;
Elgin Fruit Juices (Pty) Ltd;;;;;
Elgin Poultry Abattoir (Pty) Ltd;;;;;
Elgon Kenya Ltd;;;;;
Eli Lilly (SA) (Pty) Ltd;;;;;
Eli Lilly (SA) (Pty) Ltd.;;;;;
Eli Lilly and Company;;;;;
Elias Kgope;;;;;
Elias Motsoaledi Local Municipality;;;;;
Elikhulu Tailings Retreatment (Pty) Ltd;;;;;
Elite Group;;;;;
Elite Surgical Supplies (Pty) Ltd;;;;;
Elitheni Coal (Pty) Ltd;;;;;
Elixir Concepts (Pty) Ltd;;;;;
Elizabeth Arden (South Africa) (Pty) Ltd;;;;;
Elizabeth Arden, Inc.;;;;;
Elizabeth Glaser Pediatric Aids Foundation;;;;;
Elizabeth Louw;;;;;
Elkanah House;;;;;
Ellah Lakes Plc;;;;;
Ellblue Properties (Pty) Ltd;;;;;
Ellen Arthur (SA) (Pty) Ltd;;;;;
Ellerine Bros (Pty) Ltd;;;;;
Ellerine Credit Finance (Pty) Ltd;;;;;
Ellerine Furnishers (Botswana) (Pty) Ltd;;;;;
Ellerine Furnishers (Lesotho) (Pty) Ltd;;;;;
Ellerine Furnishers (Namibia) (Pty) Ltd;;;;;
Ellerine Furnishers (Pty) Ltd;;;;;
Ellerine Furnishers (Swazi) (Pty) Ltd;;;;;
Ellerine Furnishers (Zambia) Ltd;;;;;
Ellerine Holdings Ltd;;;;;
Ellerine Personal Finance (Pty) Ltd;;;;;
Ellerine Properties (Flagstaff) (Pty) Ltd;;;;;
Ellerine Properties (Giyani) (Pty) Ltd;;;;;
Ellerine Properties (Idutywa) (Pty) Ltd;;;;;
Ellerine Properties (Pty) Ltd;;;;;
Ellerine Retail (Pty) Ltd;;;;;
Ellerine Retail Ltd;;;;;
Ellerine Services (Pty) Ltd;;;;;
Ellerine Trading (Pty) Ltd;;;;;
Ellerines Development (Butterworth) (Pty) Ltd;;;;;
Ellerines Development (Engcobo) (Pty) Ltd;;;;;
Ellerines Development (Umtata) (Pty) Ltd;;;;;
Ellies Electronics (Botswana) (Pty) Ltd;;;;;
Ellies Electronics (Namibia) (Pty) Ltd;;;;;
Ellies Electronics Swaziland (Pty) Ltd;;;;;
Ellies Holdings Ltd;;;;;
elliesdbn.co.za;;;;;
Elliott Mobility;;;;;
Elliott Mobility (Pty) Ltd;;;;;
Ellipsys Technologies (Pty) Ltd;;;;;
ellispark.co.za;;;;;
Ello Technology;;;;;
ELMI;;;;;
Eloff Mining Company (Pty) Ltd;;;;;
E-Logics (Pty) Ltd;;;;;
Elprom Electronic Product Manufacturers (Pty) Ltd;;;;;
Elro Motors Autobody Refurbishers CC;;;;;
Elsat (Botswana) (Pty) Ltd;;;;;
Elsim Investments (Pty) Ltd;;;;;
Elskaspan (Pty) Ltd;;;;;
Elster Kent Metering (Pty) Ltd;;;;;
Elster Solutions (Pty) Ltd;;;;;
Elundini Local Municipality;;;;;
elundini.gov.za;;;;;
Elvey Security Technologies (Pty) Ltd;;;;;
Elwierda (Stellenbosch) (Pty) Ltd;;;;;
Elytis;;;;;
EM Shelving and Racking (Pty) Ltd;;;;;
Ema;;;;;
Emadlangeni Local Municipality;;;;;
emaho.co.za;;;;;
Email Connection (Pty) Ltd;;;;;
email.co.za;;;;;
eMakhazeni Local Municipality;;;;;
Emakheni Cleaning & Industrial Solutions;;;;;
EMALAHLENI LOCAL MUNICIPALITY;;;;;
Emalahleni Municipality;;;;;
Emarat Misr;;;;;
Embabe (Pty) Ltd;;;;;
Emboss Properties (Pty) Ltd;;;;;
Embroidery Artisans CC;;;;;
Embroidery Ria CC;;;;;
Emcom Wireless;;;;;
emcu;;;;;
E-MD Technologies (Pty) Ltd;;;;;
Emerald (Mauritius) Ltd;;;;;
Emerald Bay Limited;;;;;
Emerald Consulting (Pty) Ltd;;;;;
Emerald Insurance Company Ltd;;;;;
Emerald Panther Investments 113 (Pty) Ltd;;;;;
Emerald Panther Investments 82 (Pty) Ltd;;;;;
Emerald Panther Investments 91 (Pty) Ltd;;;;;
Emerald Risk Transfer (Pty) Ltd;;;;;
Emerald Safari Resort (Pty) Ltd;;;;;
E-merge IT Recruitment;;;;;
Emergeco Trading (Pty) Ltd;;;;;
Emergence Growth;;;;;
Emerging Capital Partners;;;;;
Emerging Markets Telecommunication Services Ltd;;;;;
Emerging Profile Consulting;;;;;
Emeritius Investments 16 (Pty) Ltd;;;;;
Emeritus;;;;;
Emerson Industrial Automation Southern Africa (Pty) Ltd;;;;;
Emfuleni Local Municipality;;;;;
EMH Operating Co (Pty) Ltd;;;;;
EMI Industries (Pty) Ltd;;;;;
EMI Music Publishing (South Africa) (Pty) Ltd;;;;;
EMI Music South Africa (Pty) Ltd;;;;;
Emifield (Pty) Ltd;;;;;
Emikaway (RF) (Pty) Ltd;;;;;
emines.co.za;;;;;
Emira Property Fund Ltd;;;;;
Emirates Group (The);;;;;
Emission Control Technologies Holdings South Africa (Pty) Ltd;;;;;
emit.co.za;;;;;
Emkhankasweni Waste Management Services (Pty) Ltd;;;;;
emlm.gov.za;;;;;
Emmaculate Transport and Cabs (Pty) Ltd;;;;;
Emnambithi-Ladysmith Local Municipality;;;;;
Emogalelm;;;;;
Emondhlo Bus Service (Pty) Ltd;;;;;
emose.co.mz;;;;;
émotion studios;;;;;
Empact Group;;;;;
Empanda;;;;;
Empayar Electrical (Pty) Ltd;;;;;
Emperors Palace;;;;;
Emperors Palace / Private;;;;;
Empire Earth Investments 17 (Pty) Ltd;;;;;
Empire Gloves (Pty) Ltd;;;;;
Employee Benefit Systems Africa (Pty) Ltd;;;;;
Employers Mutual Protection Service (Pty) Ltd;;;;;
Employment Conditions Commission;;;;;
Empowa Grinaker-LTA (Pty) Ltd;;;;;
Empower Capital;;;;;
EMPOWERBEE;;;;;
Empowerdex;;;;;
Empowered Analytics (Pty) Ltd;;;;;
Empowerlogic;;;;;
Empowerment Capital Investment Partners;;;;;
Empowerment Seniors (Pty) Ltd;;;;;
empoweryst.co.za;;;;;
Empresa de Cervejas N'Gola SA;;;;;
Empresa Mozambicana de Seguros SA;;;;;
Empresa Nacional de Combustiveis SA;;;;;
EMS Invirotel Energy Management (Pty) Ltd;;;;;
emsholdings.co.za;;;;;
Emtel;;;;;
Emthanjeni Local Municipality;;;;;
Emuthini Consulting;;;;;
emzansi.co.za;;;;;
E'N I Electrical-Instrumentation Engineering and Contractors (Pty) Ltd;;;;;
Enablemed (Pty) Ltd;;;;;
Enabler Development Services (Pty) Ltd;;;;;
Enaex;;;;;
Enat Bank;;;;;
End Fund;;;;;
endawenitraining.co.za;;;;;
Endeavour Mining;;;;;
Endemol Shine South Africa (Pty) Ltd;;;;;
Enditrim (Pty) Ltd;;;;;
Endress and Hauser (Pty) Ltd;;;;;
Endress+Hauser;;;;;
Endumeni Local Municipality;;;;;
endure.co.za;;;;;
Enebev (Pty) Ltd;;;;;
enegenoil.com;;;;;
Enel;;;;;
Enel Green Power RSA (Pty) Ltd;;;;;
Energenic;;;;;
Energizer (South Africa) Ltd;;;;;
Energizer Holdings, Inc.;;;;;
Energon SA (Pty) Ltd;;;;;
Energy 4 Impact;;;;;
Energy Africa (Pty) Ltd;;;;;
Energy Africa Bredasdorp (Pty) Ltd;;;;;
Energy and Water Sector Education and Training Authority;;;;;
Energy Capital South Africa;;;;;
Energy Commercial Bank Ghana Ltd;;;;;
Energy Engineered Products (Pty) Ltd;;;;;
Energy Insight;;;;;
Energy Partners Holdings (Pty) Ltd;;;;;
Energy Regulation Board;;;;;
Energy Solutions (Pty) Ltd;;;;;
Energy Systems Msunduzi (Pty) Ltd;;;;;
Energy Systems Natural Power (Pty) Ltd;;;;;
Energy Systems Umhlathuze (Pty) Ltd;;;;;
Energy4Impact;;;;;
EnergySystemsSA (Pty) Ltd;;;;;
Energywise Systems (Pty) Ltd;;;;;
Enerserv;;;;;
Enerweb;;;;;
Enforce Security Services;;;;;
EngageCloudTech;;;;;
Engala Africa (Pty) Ltd;;;;;
Engcobo Local Municipality;;;;;
Engcobo Mall (Pty) Ltd;;;;;
Engelhart CTP (South Africa) (Pty) Ltd;;;;;
Engen;;;;;
Engen Botswana Ltd;;;;;
Engen Kenya Ltd;;;;;
Engen Ltd;;;;;
Engen Namibia (Pty) Ltd;;;;;
Engen Petroleum (Mozambique) Ltd;;;;;
Engen Petroleum Ltd;;;;;
engen.mu;;;;;
engeniol.com;;;;;
Engicon Systems;;;;;
Engie;;;;;
ENGIE Africa;;;;;
ENGIE Energy Access Uganda;;;;;
Engie Mobisol Gmbh;;;;;
Engie Southern Africa (Pty) Ltd;;;;;
Engineering Council of South Africa;;;;;
Engineering Quality Orthopaedic Solutions (Pty) Ltd;;;;;
Engineering Runoff Company (Pty) Ltd;;;;;
Engineers Board of Kenya;;;;;
Enhanced Credit Solutions (Pty) Ltd;;;;;
ENI Group (Egypt);;;;;
Eni South Africa BV;;;;;
ENI SpA;;;;;
Enigma People Solutions;;;;;
ENIGMA SOLUTIONS, INC.;;;;;
ENL (Mauritius);;;;;
ENL Agri Ltd;;;;;
ENL Commercial Ltd;;;;;
ENL House Ltd;;;;;
ENL Investment Ltd;;;;;
ENL Land Ltd;;;;;
ENL Ltd;;;;;
Ennakl Automobiles SA;;;;;
Enneaworld;;;;;
Enoch Mgijima;;;;;
Enoch Mgijima Local Municipality;;;;;
Enpet Africa Insurance Ltd;;;;;
Enpower;;;;;
ENPOWER TRAINING;;;;;
Enquickfix Ltd;;;;;
Enra;;;;;
ENROYALE GLOBAL SERVICES LTD;;;;;
ENS Forensics (Pty) Ltd;;;;;
ensafrica;;;;;
ENSafrica  Inc;;;;;
Ensemble Trading 460 (Pty) Ltd T/A The Learning Organisation;;;;;
Enserve Engineering Services (Pty) Ltd;;;;;
Ensibuuko;;;;;
Ensimbini Terminals (Pty) Ltd;;;;;
Ensindisweni Agricultural Co-operative Ltd;;;;;
Ensolor (Pty) Ltd;;;;;
Entek Beleggings (Pty) Ltd;;;;;
Entelect;;;;;
Entelect Software (Pty) Ltd;;;;;
Enterprise Data Services Ltd;;;;;
Enterprise Electronic Commerce (SA) (Pty) Ltd;;;;;
Enterprise Foods (Pty) Ltd;;;;;
Enterprise Group Ltd;;;;;
Enterprise iLembe Development Agency;;;;;
Enterprise Insurance Company Ltd;;;;;
Enterprise Life Assurance Company Ltd;;;;;
Enterprise Mate;;;;;
Enterprise Properties Ltd;;;;;
Enterprise Risk Management Ltd;;;;;
Enterprise Softworks (Pty) Ltd;;;;;
Enterprise Trustees Ltd;;;;;
enterpriseinstalls.com;;;;;
EnterpriseWorx;;;;;
ENTERSEKT;;;;;
Entertainment, Catering, Commercial and Allied Workers Union of South Africa;;;;;
Entilini Concession (Pty) Ltd;;;;;
Entrepreneur Media LLC;;;;;
Entrepreneurs Financial Centre;;;;;
entyce.co.za;;;;;
Environ Distribution SA (Pty) Ltd (EDSA);;;;;
Environ Skin Care (Pty) Ltd;;;;;
Envirosan;;;;;
Enviroserv Projects (Pty) Ltd;;;;;
EnviroServ Tailings (Pty) Ltd;;;;;
EnviroServ Waste Management (Pty) Ltd;;;;;
Envirosure Underwriting Managers (Pty) Ltd;;;;;
Envirotech (Pty) Ltd;;;;;
enviroware.co.za;;;;;
Envisionit Stock Lending Solutions (RF) (Pty) Ltd;;;;;
EnvisionMe Virtual Talent Management Co (Pty) Ltd;;;;;
Enwealth Financial Services Limited;;;;;
enX Corporation Ltd;;;;;
enX Group Ltd;;;;;
enyuka.com;;;;;
Enza Construction (Pty) Ltd;;;;;
Enzel 164 CC;;;;;
EO Executives;;;;;
EOH Advisory Services (Pty) Ltd;;;;;
EOH Consulting (Pty) Ltd;;;;;
EOH Employee Benefits (Pty) Ltd;;;;;
EOH Holdings Ltd;;;;;
EOH Industrial Technologies (Pty) Ltd;;;;;
EOH International (Pty) Ltd;;;;;
EOH Managed Services PS (Pty) Ltd;;;;;
EOH Mthombo (Pty) Ltd;;;;;
EOH Network Solution;;;;;
EOH Secretarial Services (Pty) Ltd;;;;;
EOH Security and Building Technologies (Pty) Ltd;;;;;
eoh.com;;;;;
Eohmc;;;;;
Epangelo Mining Company (Pty) Ltd;;;;;
epangelomining.na;;;;;
EPC Africa Group;;;;;
EPCAfricaGroup;;;;;
EPCO Builders Ltd;;;;;
EPDEP - Reunion;;;;;
EPE Capital Partners Ltd;;;;;
Ephraim Mogale Local Municipality;;;;;
Epic Foods (Pty) Ltd;;;;;
Epi-Care Cosmetics CC;;;;;
epicprojects.co.za;;;;;
EPIK CONSULTING EMEA;;;;;
Epilepsy South Africa;;;;;
Epiroc;;;;;
Epiroc (Botswana) (Pty) Ltd;;;;;
Epiroc DRC Sarl;;;;;
Epiroc Eastern Africa Ltd;;;;;
Epiroc Holdings South Africa (Pty) Ltd;;;;;
Epiroc Mali Sarl;;;;;
Epiroc Mozambique Ltda;;;;;
Epiroc South Africa (Pty) Ltd;;;;;
Epiroc Tanzania Ltd;;;;;
Epiroc Zambia Limited;;;;;
Epiroc Zimbabwe (Pvt) Ltd;;;;;
Episolve (Pty) Ltd;;;;;
EPI-USE;;;;;
EPI-USE Africa (Pty) Ltd;;;;;
Epko Oil Seed Crushing (Pty) Ltd;;;;;
Epoch Investment Holdings (RF) (Pty) Ltd;;;;;
EPP N.V.;;;;;
EppixComm;;;;;
Epsidon Technology Distribution (Pty) Ltd;;;;;
Epsidon Technology Software (Pty) Ltd;;;;;
Epsimax (Pty) Ltd;;;;;
Epsom and Ewell Borough Council;;;;;
Epson Europe B.V.;;;;;
Eqdom SA;;;;;
Eqstra;;;;;
Eqstra Botswana (Pty) Ltd;;;;;
Eqstra Corporation Ltd t/a Eqstra Fleet Management;;;;;
Eqstra East Africa Ltd (Kenya);;;;;
Eqstra Fleet Services AA Botswana (Pty) Ltd;;;;;
Eqstra Nigeria Ltd;;;;;
Eqstra TA Equipment (Pty) Ltd;;;;;
Eqstra Tanzania Ltd;;;;;
EQtech Africa (Pty) Ltd;;;;;
Equator Exploration Ltd (Congo);;;;;
Equator Exploration Nigeria 321 Ltd;;;;;
Equator Exploration Nigeria 323 Ltd;;;;;
Equator Exploration Nigeria JDZ Block 2 Ltd;;;;;
Equator Exploration Nigeria OML 122 Ltd;;;;;
Equatorial Power;;;;;
Equibond (Pty) Ltd;;;;;
equicom.co.bw;;;;;
Equilibrium Properties (Pty) Ltd;;;;;
Equinox;;;;;
Equipharm Specialised Distribution (Pty) Ltd;;;;;
Equipment Spare Parts (Africa) (Pty) Ltd;;;;;
Equisec Treasury Services (Pty) Ltd;;;;;
Equites Property Fund Ltd;;;;;
Equity Assurance Plc;;;;;
Equity Bank Congo;;;;;
Equity Bank Tanzania Ltd;;;;;
Equity Consulting Group Ltd;;;;;
Equity DRC;;;;;
Equity Group Holdings Limited (EGHL);;;;;
Equity Group Holdings Ltd;;;;;
Equity Insurance Agency Ltd;;;;;
Equity Investment Bank Ltd;;;;;
Equity Investment Services Ltd;;;;;
Equity Kenya Ltd;;;;;
Equity Medical Technologies (Pty) Ltd;;;;;
Equity Nominees Ltd;;;;;
Equity Pharmaceuticals (Pty) Ltd;;;;;
Equity Rwanda;;;;;
Equity South Sudan Ltd;;;;;
Equity Uganda;;;;;
equitybcdc.cd;;;;;
Equra Health (Pty) Ltd;;;;;
Equus Accessories CC;;;;;
ER Consulting;;;;;
ER24 EMS (Pty) Ltd;;;;;
ER24 Holdings (Pty) Ltd;;;;;
ER24 Trademarks (Pty) Ltd;;;;;
ERAMET SA;;;;;
eranewcastle.co.za;;;;;
erasun.co.za;;;;;
Erbacon Investment Holdings Ltd;;;;;
ERD Fab (Pty) Ltd;;;;;
Erf 117746 Nourse Avenue (Pty) Ltd;;;;;
Erf 169567 Bofors Investment (Pty) Ltd;;;;;
Erf 26 Menlopark Share Block (Pty) Ltd;;;;;
Erf 2619 Korsten (Pty) Ltd;;;;;
Erf 265 and PTN 1 Erf 103 Moffat View (Pty) Ltd;;;;;
Erf 37282 Bellville (Pty) Ltd;;;;;
Erf 39 Lusikisiki (Pty) Ltd;;;;;
Erf 4 of 8 Sandown (Pty) Ltd;;;;;
ERF 4853 Kommetjie (Pty) Ltd;;;;;
Erf 85 Athol Township (Pty) Ltd;;;;;
Erf 8987 Vredenburg (Pty) Ltd;;;;;
Erf Four Nine Nine Spartan (Pty) Ltd;;;;;
Erf Four Three Nine Walvis Bay (Pty) Ltd;;;;;
Erf Sewe-Nul-Ses Rietfontein (Pty) Ltd;;;;;
Erfrad 13 (Pty) Ltd;;;;;
Erfs 979 and 987 Tamboerskloof (Pty) Ltd;;;;;
ERG Africa;;;;;
ERG Mamatwan (Pty) Ltd;;;;;
ERG Management (South Africa) (Pty) Ltd;;;;;
ERG Manganese (Pty) Ltd;;;;;
Ergo Mining (Pty) Ltd;;;;;
Ergo Mining Operations (Pty) Ltd;;;;;
ERHC Energy Inc;;;;;
Eric Cherry Landscaping (Pty) Ltd;;;;;
Eric Louw High School;;;;;
Erichsen Reservoirs (Pty) Ltd;;;;;
Ericode (Pty) Ltd;;;;;
Ericsson Botswana;;;;;
Ericsson Kenya Ltd;;;;;
Ericsson South Africa (Pty) Ltd;;;;;
Ericsson Sub-Saharan Africa (Pty) Ltd;;;;;
Erin Energy Corporation;;;;;
Eris Investment Holdings (Pty) Ltd;;;;;
Eris Property Fund (Pty) Ltd;;;;;
Eris Property Fund Carry Vehicle (Pty) Ltd;;;;;
Eris Property Group (Pty) Ltd;;;;;
Eris Property Holdings (Pty) Ltd;;;;;
Erisat (Pty) Ltd;;;;;
ERM Group, Inc;;;;;
ERM Tours (Pty) Ltd;;;;;
Ermelo Gemeenskaps Boerderye (Pty) Ltd;;;;;
Ermelo Mines Services (Pty) Ltd;;;;;
Ernest Chemist (Pty) Ltd;;;;;
Ernst & Young;;;;;
Ernst & Young Kenya;;;;;
Ernst & Young Nigeria;;;;;
Ernst and Young Advisory Services (Pty) Ltd;;;;;
Ernst and Young Inc;;;;;
Ernst and Young Services (Pty) Ltd;;;;;
Ernst and Young Southern Africa;;;;;
Erongo Marine Enterprises (Pty) Ltd;;;;;
Erongo Medical Group;;;;;
Erongo Sea Products (Pty) Ltd;;;;;
Erongo Seafoods (Pty) Ltd;;;;;
Erongored;;;;;
eruditefs.co.za;;;;;
Erven 552 and 1045 Edenvale (Pty) Ltd;;;;;
Erven 99 and 100 Parktown Township Share Block (Pty) Ltd;;;;;
ESCA EM;;;;;
ESCAP Ltd;;;;;
Esco Electric Steel Foundry Company of Africa (Pty) Ltd;;;;;
Esco South Africa Wearparts (Pty) Ltd;;;;;
Escravos GTL;;;;;
Eseka;;;;;
ESET Southern Africa;;;;;
Esggroup;;;;;
ESI - Edu Systems International;;;;;
ESITH;;;;;
Esizwe Group;;;;;
Eskom Development Foundation;;;;;
Eskom Enterprises SOC Ltd;;;;;
Eskom Finance Company (Pty) Ltd;;;;;
Eskom Holdings SOC Ltd;;;;;
Eskom Pension and Provident Fund;;;;;
Eskom Rotek Industries SOC Ltd;;;;;
Eskom Uganda;;;;;
Eskom Uganda Limited;;;;;
eskom.com;;;;;
Eskort Ltd;;;;;
e-smc.co.za;;;;;
Esmeralda Farms BV;;;;;
Esor Ltd;;;;;
Esor Mauritius International Ltd;;;;;
Esorfranki DRC SPRL;;;;;
ESP Landscapers Ltd;;;;;
Espinaca Innovations (Pty) Ltd;;;;;
Espral Ltd;;;;;
Esprit Finance (Pty) Ltd;;;;;
esprit-reunion.fr;;;;;
Esquel (Mauritius) Ltd;;;;;
Esquire System Technology (Pty) Ltd;;;;;
Esri South Africa (Esri SA);;;;;
Essakane SA;;;;;
Essar Telecom Kenya Ltd;;;;;
Esse Trust (The);;;;;
Essel Products CC;;;;;
EssenceMediacom;;;;;
Essentia Ltd;;;;;
Essentials Skills Development (Pty) Ltd;;;;;
Essentra Components (Pty) Ltd;;;;;
Essilor South Africa (Pty) Ltd;;;;;
Essity South Africa (Pty) Ltd;;;;;
Essoukna SA;;;;;
Essque Hotels;;;;;
Estate Agency Affairs Board;;;;;
Estee Lauder Companies (Pty) Ltd;;;;;
Estee Lauder Inc;;;;;
Estee Lauder Inc.;;;;;
Estim Construction Company Ltd;;;;;
Estmaumic Investments (Pty) Ltd;;;;;
Estoril Books & Stationers (Fourways) (Pty) Ltd;;;;;
Eswatini Civil Aviation Authority;;;;;
Eswatini Government;;;;;
Eswatini Mobile;;;;;
ESWATINI NATIONAL PROVIDENT FUND;;;;;
Eswatini Revenue Service;;;;;
Eswatini Royal Insurance Corporation;;;;;
Eswatini Sugar Association;;;;;
eta-irptn.co.za;;;;;
Etame Oil Field (Gabon);;;;;
Etana Insurance Company Ltd;;;;;
etasa.co.za;;;;;
Eta-Zuma Group Ltd;;;;;
ETC Bio-Energy Ltd;;;;;
etcsolution.co.za;;;;;
ETDP SETA;;;;;
etdpractitioner.co.za;;;;;
eTech;;;;;
Eterna Industries Ltd;;;;;
Eterna Marine and Services Ltd;;;;;
Eterna Plc;;;;;
Eternity Private Cemeteries (Pty) Ltd;;;;;
Eternity Private Health Concierge (Pty) Ltd;;;;;
Eternity Private Health Information Technology (Pty) Ltd;;;;;
E-Terra Technologies Limited;;;;;
ETG Group;;;;;
Ethan Hayford;;;;;
Ethanol Company Ltd;;;;;
Ethekwini Clothing Manufacturers (Pty) Ltd;;;;;
Ethekwini Hospital & Heart Centre;;;;;
EThekwini Maritime Cluster;;;;;
eThekwini Metropolitan Municipality;;;;;
eThekwini Municipality;;;;;
Ethekwini Municipality Supply Chain Management;;;;;
Ethereal Marketing (Pty) Ltd;;;;;
Ethics Institute of South Africa (The);;;;;
Ethio Agri-CEFT Plc;;;;;
Ethio telecom;;;;;
Ethio Telecom;;;;;
Ethiochicken;;;;;
EthioChicken PLC;;;;;
Ethiopian Agricultural Transformation Agency;;;;;
Ethiopian Construction Works Corporation;;;;;
Ethiopian Crown Cork and Can Manufacturing SC;;;;;
Ethiopian Sugar Corporation;;;;;
Ethiopian Trading Enterprise;;;;;
Ethne B SA (Pty) Ltd;;;;;
Ethnic Candy CC;;;;;
Ethnor (Pty) Ltd;;;;;
Ethos Capital IV GP (SA) (Pty) Ltd;;;;;
Ethos Capital V GP (SA) (Pty) Ltd;;;;;
Ethos Capital VI GP (SA) (Pty) Ltd;;;;;
Ethos General Partner SPV (Pty) Ltd;;;;;
Ethos Holdings (Pty) Ltd;;;;;
Ethos Investment Company (Pty) Ltd;;;;;
Ethos Nominees (Pty) Ltd;;;;;
Ethos Private Equity (Pty) Ltd;;;;;
Ethos Transport and Road Services CC;;;;;
Etihad Airways PJSC;;;;;
Etion Connect (Pty) Ltd;;;;;
Etion Limited;;;;;
Eton Group (Pty) Ltd (The);;;;;
Eton Road Investments Company (Pty) Ltd;;;;;
Etosha Fisheries Holding Company (Pty) Ltd;;;;;
Etosha Transport (Pty) Ltd;;;;;
Etradex;;;;;
eTranzact International Plc;;;;;
eTranzact Ltd;;;;;
E-Travel (Pty) td;;;;;
ETZ Global;;;;;
EUCafrica;;;;;
Eugo Terrano Ltd;;;;;
Euler Hermes;;;;;
Euler Hermes Services South Africa (Pty) Ltd;;;;;
euniqueprinting.co.za;;;;;
EUnOIA;;;;;
Euphoria Golf Estate (Pty) Ltd;;;;;
Euphoria Telecom;;;;;
Euphoria Telecom (Pty) Ltd;;;;;
Euphrates Investments (Pty) Ltd;;;;;
Eurasian Resources Group (ERG);;;;;
Eureka D I Y Solutions (Pty) Ltd;;;;;
Eureka Gaborone (Pty) Ltd;;;;;
Eureka Industrial Ltd;;;;;
Eureka Mahalapye (Pty) Ltd;;;;;
Eureka Search (Pty) Ltd;;;;;
Eureka Selibi-Phikwe (Pty) Ltd;;;;;
Eurest Support Services Coega (Pty) Ltd;;;;;
Euro Automation Technology (Pty) Ltd;;;;;
Euro Steel;;;;;
Euro Steel Services (Pty) Ltd;;;;;
Euro-Africa Lubricants (Pty) Ltd;;;;;
Euroberry (Pty) Ltd;;;;;
EuroChem MCC OJSC;;;;;
EUROCRM MAURITIUS;;;;;
Euro-Cycles SA;;;;;
eurolait.ci;;;;;
Eurolux (Pty) Ltd;;;;;
Euromoney Trading Ltd;;;;;
Euronimba Ltd;;;;;
Europ Assist;;;;;
Europ Assistance Worldwide Services (South Africa) (Pty) Ltd;;;;;
Europa Metals Ltd;;;;;
Europcar;;;;;
Europcar South Africa;;;;;
European Ceramics SAE;;;;;
Euroslot KDSS (South Africa) (Pty) Ltd;;;;;
eustoma.co.za;;;;;
Evaco Ltd;;;;;
evafoam.co.za;;;;;
evaluations.co.za;;;;;
Evander Flea Market (Pty) Ltd;;;;;
Evander Gold Mines (Pty) Ltd;;;;;
Evander Gold Mining (Pty) Ltd;;;;;
Evander Township Ltd;;;;;
Evans Medical Plc;;;;;
EVAPCO;;;;;
Evapco South Africa (Pty) Ltd;;;;;
evatalent.co.za;;;;;
Evening Shade Developments (Pty) Ltd;;;;;
Evening Shade Properties 54 (Pty) Ltd;;;;;
Event Dynamics CC;;;;;
Event Production Company (Pty) Ltd (The);;;;;
Ever Star Industries (Pty) Ltd;;;;;
Eveready (Pty) Ltd;;;;;
Eveready East Africa Plc;;;;;
Everest Flexibles (Pty) Ltd;;;;;
Everest Platinum Mines (Pty) Ltd;;;;;
Evergreen Agency (South Africa) (Pty) Ltd;;;;;
Evergreen Lifestyle Villages (Pty) Ltd;;;;;
Evergreen Marine Corporation (Taiwan) Ltd;;;;;
Evergreen Property Investments (Pty) Ltd;;;;;
evergreen-shipping.co.za;;;;;
Everite (Pty) Ltd;;;;;
Everite Pipes (Pty) Ltd;;;;;
Everlytic;;;;;
EverNu Plastics;;;;;
Everseason (Pty) Ltd;;;;;
Eversheds Sutherland (International) LLP;;;;;
Everybody Wins Real Estate Franchising (Pty) Ltd;;;;;
Evetech (Pty) Ltd;;;;;
Evisa Investments Ltd;;;;;
Evolutiongroup;;;;;
evolv networks;;;;;
Evolve IT;;;;;
Evolve Training Academy (Pty) Ltd;;;;;
Evonik Africa (Pty) Ltd;;;;;
Evonik Peroxide Africa (Pty) Ltd;;;;;
EVRAZ Highveld Steel and Vanadium Ltd;;;;;
EW Capital Holdings (Pvt) Ltd;;;;;
ewation.co.za;;;;;
EWC Express SA (Pty) Ltd;;;;;
EWSC;;;;;
Exact Consulting SA;;;;;
ExamOnline;;;;;
Examready (Pty) Ltd;;;;;
exarro.com;;;;;
Excalibur Maintenance (Pty) Ltd;;;;;
Exceed (Cape Town) Inc;;;;;
Excel Academy Inc.;;;;;
Excel Ceilings & Partitioning (Pty) Ltd;;;;;
Excel Wise Consultants Limited;;;;;
Excellent Meat Market (Pty) Ltd ;;;;;
Excellerate Brand Management (Pty) Ltd;;;;;
Excellerate Holdings Ltd;;;;;
Excellerate Industrial Corporation (Pty) Ltd;;;;;
Excellerate Investment Holdings (Pty) Ltd;;;;;
Excellerate Property Services (Pty) Ltd;;;;;
Excellerate Real Estate Services (Pty) Ltd;;;;;
Excelltrade (Pty) Ltd;;;;;
Excelsior Marketing CC;;;;;
Excelsior Outfitters CC;;;;;
Excelsior United Development Companies Ltd;;;;;
exchangesa.co.za;;;;;
Excite Taxis 2 CC;;;;;
Exclaim Innovations;;;;;
Exclusive Books Group;;;;;
Exclusive Books Group (Pty) Ltd;;;;;
Exclusive Training and Services;;;;;
Excubed Consulting;;;;;
Execuflora (Pty) Ltd;;;;;
ExecuJet Aviation (Pty) Ltd;;;;;
execujet.co.za;;;;;
Execution Consulting Ltd;;;;;
EXECUTIVE AND PROACTIVE MANAGEMENT CC;;;;;
Executive Information Services CC;;;;;
Executive Solutions SA;;;;;
Executive Turbine Aviation (Pty) Ltd;;;;;
Executive Welfare Council of the Apostolic Faith Mission of South Africa;;;;;
Executrac;;;;;
Exedin Training Academy;;;;;
Exel Supply Chain Services (South Africa) (Pty) Ltd;;;;;
Exem Online Sales and Deliveries (Pty) Ltd;;;;;
Exemplar Workforce (PTY) LTD;;;;;
EXG Investments (Pty) Ltd;;;;;
Exhibition Association of Southern Africa;;;;;
Exhort Enterprises (Pvt) Ltd;;;;;
Exigo Sustainability (Pty) Ltd;;;;;
Exim Bank;;;;;
Exim Bank (Tanzania) Limited;;;;;
Exim Bank Limited;;;;;
Exim Bank Uganda;;;;;
Exim International (Pty) Ltd;;;;;
EXL;;;;;
Exotex Textiles CC;;;;;
Exotic Spices CC;;;;;
EXPANDASIGN MIDDLE EAST;;;;;
Expanded Polystyrene Association of Southern Africa (Pty) Ltd;;;;;
Expeditors International SA (Pty) Ltd;;;;;
Expeditus;;;;;
Experian Information Solutions;;;;;
Experian Information Solutions, Inc.;;;;;
Experian South Africa (Pty) Ltd;;;;;
Experiential Marketing (Pty) Ltd;;;;;
Experimental Aircraft Association (The);;;;;
Experis GmbH;;;;;
EXPERSE;;;;;
expgroup.co.za;;;;;
Expleo;;;;;
Expleo Group;;;;;
Explolabs;;;;;
Expolanka Freight (Pty) Ltd;;;;;
Exponant;;;;;
Export Credit Insurance Corporation of South Africa SOC Ltd;;;;;
Export Development Bank of Egypt SAE;;;;;
Export Marketing & Investment Assistance Scheme;;;;;
Exportos S A (Pty) Ltd;;;;;
Express Air Services (Pty) Ltd;;;;;
Express Cartage Botswana (Pty) Ltd;;;;;
Express Credit Zambia;;;;;
Express Kenya Ltd;;;;;
Express Mobi (Pty) Ltd;;;;;
Expressa Holdings (Pty) Ltd;;;;;
ExpressCredit.co.zm;;;;;
EXR Construction (Pty) Ltd;;;;;
EXSA (Pty) Ltd;;;;;
eXtract Group Ltd;;;;;
Extracted Oils & Derivatives Co SAE;;;;;
Extractive Technologies (Pty) Ltd;;;;;
Extraordinary;;;;;
Extreme Bus and Coachworks CC;;;;;
Extreme Safety cc;;;;;
Extremely Wise Property Investments (Pty) Ltd;;;;;
Extrupet (Pty) Ltd;;;;;
Exxaro Coal (Pty) Ltd;;;;;
Exxaro Coal Central (Pty) Ltd;;;;;
Exxaro Coal Mpumalanga (Pty) Ltd;;;;;
Exxaro Insurance Company (RF) Ltd;;;;;
Exxaro Resources Ltd;;;;;
ExxonMobil Egypt (SAE);;;;;
Exxoteq Ltd;;;;;
EY;;;;;
Eyeondigital (Pty) Ltd;;;;;
eyeondigital.net;;;;;
Eyesizwe Mining (Pty) Ltd;;;;;
Eyomhlaba Investment Holdings (RF) Ltd;;;;;
EZA Clothing (Pty) Ltd;;;;;
Ezemvelo KZN Wildlife;;;;;
Ezethu Logistics (Pty) Ltd;;;;;
EZI SYSTEMS CC;;;;;
Ezinhle Chickens CC;;;;;
Ezinqoleni Local Municipality;;;;;
Ezintsha;;;;;
Ezweni Ne Trading and Projects (Pty) Ltd;;;;;
Ezz Steel Company SAE;;;;;
F and I Management Solutions (Pty) Ltd;;;;;
F and R Catai Transport Solutions (Pty) Ltd;;;;;
F and R Clothing Manufacturers CC;;;;;
F G La Pasta (Pty) Ltd;;;;;
F R Waring (International) (Pty) Ltd;;;;;
F R Waring Holdings (Pty) Ltd;;;;;
F S Kemoli & Associates;;;;;
F.H. Bertling Logistics (Pty) Ltd;;;;;
F5 Networks, Inc;;;;;
f5africa;;;;;
fabank.co.zm;;;;;
Fabchem Mining;;;;;
Fabec Investment Ltd;;;;;
Fabi Fashions CC;;;;;
Fabio Milano (Pty) Ltd;;;;;
Fabola Industries (Pty) Ltd;;;;;
Fabrica de Licores de Mozambique Lda;;;;;
Fabrication & Light Engineering CC;;;;;
Fabrinox (Pty) Ltd;;;;;
Fabvleis (Pty) Ltd;;;;;
Face Technologies (Pty) Ltd;;;;;
Face2Fais;;;;;
Facilities Management Africa (Pty) Ltd;;;;;
Fadco;;;;;
Fadco company;;;;;
Fagan Investments (Pty) Ltd;;;;;
Faiba JTL;;;;;
Fair Aviation (Pty) Ltd;;;;;
Fair Cape Dairies (Pty) Ltd;;;;;
Fair Discounters (Pty) Ltd;;;;;
Fair Price;;;;;
Fair Wish Props 2 (Pty) Ltd;;;;;
Fairbridge Arderne and Lawton Inc;;;;;
fairbridges.co.za;;;;;
Fairbrother Geotechnical Engineering (Pty) Ltd;;;;;
Faircape Construction CC;;;;;
FairDivorce;;;;;
Fairfield Dairy (Pty) Ltd;;;;;
Fairheads Benefit Services (Pty) Ltd;;;;;
Fairlane Agencies (Pty) Ltd;;;;;
Fairlawn (Pty) Ltd;;;;;
Fairlawns Boutique Hotel and Spa (Pty) Ltd;;;;;
Fairmont The Norfolk;;;;;
Fairsure Administration (Pty) Ltd;;;;;
Fairsure Consulting (Pty) Ltd;;;;;
Fairtrade Africa;;;;;
Fair-Trade Independent Tobacco Association;;;;;
Fairtrade Label South Africa (RF);;;;;
Fairtree Assegai (Pty) Ltd;;;;;
Fairtree Capital (Pty) Ltd;;;;;
Fairtree Long Only Equity Management (Pty) Ltd;;;;;
Fairtree Synthesis (Pty) Ltd;;;;;
Fairvest Property Holdings Ltd;;;;;
Fairview Trust (The);;;;;
Fairview Wines (Pty) Ltd;;;;;
Fairy Tales Boutiques CC;;;;;
Fairyland Clothing CC;;;;;
Faisal Bank Exchange;;;;;
Faisal Financial Investments Co;;;;;
Faisal Islamic Bank of Egypt SAE;;;;;
Faisal Waseem;;;;;
Faith@Work;;;;;
Faithful To Nature;;;;;
Falcon Gold Zimbabwe Ltd;;;;;
Falcon Inflatables (Pty) Ltd;;;;;
Falconair (Pty) Ltd;;;;;
Falcorp Technologies;;;;;
Falke SA;;;;;
Falmit Fibre Glass and Woodworking CC;;;;;
False Bay College;;;;;
falsebay.org.za;;;;;
Family Bank Ltd;;;;;
Family Market Holdings (Pty) Ltd;;;;;
Family Nutrition SAE;;;;;
familypnp.co.za;;;;;
Famous Brands Coffee Company (Pty) Ltd;;;;;
Famous Brands Franchise Company (Pty) Ltd;;;;;
Famous Brands Great Bakery Company (Pty) Ltd;;;;;
Famous Brands Ltd;;;;;
Famous Brands Management Company (Pty) Ltd;;;;;
famousbrandsbw.co.bw;;;;;
Fan Milk Cote d'Ivoire;;;;;
Fan Milk Liberia Ltd;;;;;
Fan Milk Ltd;;;;;
Fan Milk Plc;;;;;
Fan Milk SA;;;;;
Fan Milk Sarl - Benin;;;;;
Fan Milk Sarl - Burkina Faso;;;;;
Fancy Baby Products CC;;;;;
Fancy Flush (Pty) Ltd;;;;;
Fang Fences & Guards;;;;;
Fantastic Investments 379 (Pty) Ltd;;;;;
Fantu Supermarket;;;;;
Far End Dairy (Pty) Ltd;;;;;
FAR Ltd;;;;;
Far Property Company Ltd (The);;;;;
Faranani Faciitation Services Pty;;;;;
Faranani Health Solutions Ltd;;;;;
Faranani IT Services (Pty) Ltd;;;;;
Faranani Life Health Solutions (Pty) Ltd;;;;;
Faritec Enterprise Solutions (Pty) Ltd;;;;;
Faritec Holdings Ltd;;;;;
Faritec Inter-Company Processes (Pty) Ltd;;;;;
Farm 2 U (Pty) Ltd;;;;;
Farm-AG International (Pty) Ltd;;;;;
Farmers Agri-Care (Pty) Ltd;;;;;
Farmer's Choice Limited;;;;;
Farmers World Limited;;;;;
Farmgate Dairy (Pty) Ltd;;;;;
Farming and Engineering Services (FES) Group - Africa;;;;;
Farmisco (Pty) Ltd;;;;;
Farmpure Meats (Pty) Ltd;;;;;
Farmwise Grains (Pty) Ltd;;;;;
Farmyard Organics CC;;;;;
Farren Holdings (Pty) Ltd;;;;;
farview.co.za;;;;;
Fasat Construction Ltd;;;;;
Fascor (Pty) Ltd;;;;;
Fashion Fusion;;;;;
Fashion Retailers (Pty) Ltd (Namibia);;;;;
Fashion Retailers Zambia Ltd;;;;;
Fashion River Trading (Pty) Ltd;;;;;
Fashion Station CC;;;;;
Fashion World Cutting Room CC;;;;;
Fashionique CC;;;;;
Fasken Martineau;;;;;
Fast Forward Ltd;;;;;
Fast Fox Footwear (Pty) Ltd;;;;;
Fast Lane Spain;;;;;
Fast Trucking Botswana;;;;;
Fastener Agencies (Pty) Ltd;;;;;
Fastener and Allied (Pty) Ltd;;;;;
Fastener Factory (Pty) Ltd (The);;;;;
Fastfell CC;;;;;
Fastjet Africa (Pty) Ltd;;;;;
FastNet;;;;;
Fastpulse Trading 576 (Pty) Ltd;;;;;
fasttrucking.co.bw;;;;;
FathallaGomla Market;;;;;
Faulu Microfinance Bank Ltd;;;;;
Faurecia Emissions Control Technologies (Cape Town) (Pty) Ltd;;;;;
Faurecia Exhaust Systems South Africa (Pty) Ltd;;;;;
Faurecia Informatique Tunisie Sarl;;;;;
Faurecia Interior Systems Pretoria (Pty) Ltd;;;;;
Faurecia Interior Systems South Africa (Pty) Ltd;;;;;
Favourite Fresh Export (Pty) Ltd;;;;;
FAW Vehicle Manufacturers SA (Pty) Ltd;;;;;
FBC Bank Ltd;;;;;
FBC Building Society;;;;;
FBC Holdings (Zimbabwe);;;;;
FBC Holdings Ltd;;;;;
FBC Properties (Pty) Ltd;;;;;
FBN Bank (Gambia) Ltd;;;;;
FBN Bank (Ghana) Ltd;;;;;
FBN Bank (Guinea) Ltd;;;;;
FBN Bank (Senegal) Ltd;;;;;
FBN Bank (Sierra Leone) Ltd;;;;;
FBN Bank (UK) Ltd;;;;;
FBN Bank DRC Ltd;;;;;
FBN Bureau de Change Ltd;;;;;
FBN Holdings Plc;;;;;
FBN Insurance Brokers Ltd;;;;;
FBN Insurance Ltd;;;;;
FBN Limited;;;;;
FBN Microfinance Bank Ltd;;;;;
FBN Mortgages Ltd;;;;;
FBNBank DRC;;;;;
FBNQuest Capital Ltd;;;;;
FBNQuest Funds Ltd;;;;;
FBNQuest Trustees Nigeria Ltd;;;;;
fbpmc.ma;;;;;
FC;;;;;
FC Exchange (Pty) Ltd;;;;;
FC Hamman Films CC;;;;;
FCB Africa (Pty) Ltd;;;;;
FCB Bank;;;;;
FCL Holdings Ltd;;;;;
FCM;;;;;
FCM Travel Solutions (Pty) Ltd;;;;;
FCMB Capital Markets Ltd;;;;;
FCMB Group Plc;;;;;
FCPB Capital Bank Ghana;;;;;
Fdfp;;;;;
Fdh Bank Plc;;;;;
fdm.mu;;;;;
Featherwood Apartments (Pty) Ltd;;;;;
Featherwood Rental (Pty) Ltd;;;;;
Fedbond Nominees (Pty) Ltd;;;;;
Federal Airlines (Pty) Ltd;;;;;
Federal Airports Authority of Nigeria;;;;;
Federal Council of Retail and Allied Workers;;;;;
Federal-Mogul Holdings Corporation;;;;;
Federal-Mogul of South Africa (Pty) Ltd;;;;;
federamogul.com;;;;;
Federated Employers Mutual Assurance Company (RF) (Pty) Ltd (The);;;;;
Federated Hospitality Association of Southern Africa (The);;;;;
Federation of African Professional Staffing Organisations;;;;;
Federation Of Kenya Employers;;;;;
Federation of Unions of South Africa;;;;;
Fedex Express Kenya Ltd;;;;;
FedEx Express South Africa (Pty) Ltd;;;;;
Fedfa Exports (Pty) Ltd;;;;;
Fedgroup Asset Management (Pty) Ltd;;;;;
Fedgroup Financial Services (Pty) Ltd;;;;;
Fedgroup Life Ltd;;;;;
Fedgroup Management (Pty) Ltd;;;;;
Fedgroup Participation Bond Managers (Pty) Ltd;;;;;
Fedics;;;;;
FEDISA Fashion School;;;;;
Feed the Children;;;;;
Feedem Group (Pty) Ltd;;;;;
Feedem Pitseng (Pty) Ltd;;;;;
Feedmaster Namibia;;;;;
Feenix;;;;;
Feenix.org;;;;;
Fei Yang Garments CC;;;;;
Feltex Automotive Group Services;;;;;
Feltex Automotive Trim;;;;;
Fempower Personnel;;;;;
Fenfire Investments CC;;;;;
Fenie Brossette SA;;;;;
Fenn Kayaks CC;;;;;
Fenner (South Africa) (Pty) Ltd;;;;;
Fenner Conveyor Belting (South Africa) (Pty) Ltd;;;;;
feralloys.co.za;;;;;
feralloys.com;;;;;
Ferbros Nominees (Pty) Ltd;;;;;
fer-ci.org;;;;;
Ferguson Place (RF) (Pty) Ltd;;;;;
Ferina Boma CC;;;;;
Fermain Nominees (Pty) Ltd;;;;;
Fermel (Pty) Ltd;;;;;
Ferrer Hayim (Pty) Ltd;;;;;
Ferrero Ithemba RSA (Pty) Ltd;;;;;
Ferrero South Africa (Pty) Ltd;;;;;
Ferring (Pty) Ltd;;;;;
Ferring Private Ltd;;;;;
Ferro Dispersions (Pty) Ltd;;;;;
Ferro SA;;;;;
Ferro South Africa (Pty) Ltd;;;;;
Ferrobond (Pty) Ltd;;;;;
Ferrous Africa Ltd;;;;;
Ferrum Crescent Ltd;;;;;
Ferryhill Enterprises Ltd;;;;;
Fertilizer Association of Southern Africa;;;;;
Fertiplant (Pty) Ltd;;;;;
FESARTA (RF);;;;;
Fest Extinguishing Services (Pty) Ltd;;;;;
Festival House Investments (Pty) Ltd;;;;;
festive.co.za;;;;;
Festo;;;;;
Festo (Pty) Ltd;;;;;
feta.gov.za;;;;;
Fetakgomo - Greater Tubatse Local Municipality;;;;;
Fetakgomo Greater Tubatse Mun;;;;;
Fetakgomo Local Municipality;;;;;
Fever Newspapers (Pty) Ltd;;;;;
FeverTree Finance;;;;;
FeverTreeConsulting (Pty) Ltd;;;;;
Fezile Dabi District Municipality;;;;;
ffinityhealth.co.za;;;;;
FFO Securities (Pty) Ltd;;;;;
FFP Trading Solutions (Pty) Ltd;;;;;
FFS Finance South Africa (RF) (Pty) Ltd;;;;;
FFS Refiners (Pty) Ltd;;;;;
ffs.co.za;;;;;
FGX Studios;;;;;
fhchamberlain.co.za;;;;;
fhchamberlain.com;;;;;
FHH Consultants;;;;;
FHI 360;;;;;
FHI Clinical;;;;;
Fhima Consultancy & Projects;;;;;
FI Funding and Investments Finance (Pty) Ltd;;;;;
FI Operations (Pty) Ltd;;;;;
Fiat Group Automobiles South Africa (Pty) Ltd;;;;;
Fibertex South Africa (Pty) Ltd;;;;;
Fibre Processing and Manufacturing Sector Education and Training Authority;;;;;
FibreCo Telecommunications (Pty) Ltd;;;;;
Fibretek Developments (Pty) Ltd;;;;;
Fibre-Wound SA (Pty) Ltd;;;;;
Fibrex - Fabrica deArt.de.F.b Sinteticas Sarl;;;;;
Fidelity;;;;;
Fidelity ADT;;;;;
Fidelity ADT (Pty) Ltd;;;;;
Fidelity Bank Ghana;;;;;
Fidelity Bank Ltd;;;;;
Fidelity Bank Plc;;;;;
Fidelity Cash Solutions (Pty) Ltd;;;;;
Fidelity Insurance Company Limited ;;;;;
Fidelity Life Assurance of Zimbabwe Ltd;;;;;
Fidelity Nominees (RF) (Pty) Ltd;;;;;
Fidelity Pension Managers Ltd;;;;;
Fidelity Risk (Pty) Ltd;;;;;
Fidelity Securities Ltd;;;;;
Fidelity Security Group (Pty) Ltd;;;;;
Fidelity Shield Insurance Company;;;;;
fidelity-adt.co.za;;;;;
fidelity-services.com;;;;;
FIDRA CÔTE D'IVOIRE;;;;;
Fidson Healthcare Plc;;;;;
Field Office Honeybee;;;;;
Fields Wear CC;;;;;
Fieldspace Property Managers (Pty) Ltd;;;;;
Fieldstone Africa (Pty) Ltd;;;;;
Fieldstone South Africa (Pty) Ltd;;;;;
Fiera Milano Exhibitions Africa (Pty) Ltd;;;;;
Fiesta Equipment Hire (Pty) Ltd;;;;;
Fiesta Royale Hotel;;;;;
FifaMasterAlum;;;;;
Fifth Factor;;;;;
Fikile Construction (Pty) Ltd;;;;;
Fikile Projects (Pty) Ltd;;;;;
FIL Pharmaceuticals Ltd;;;;;
Filature Tissages Sacs SA;;;;;
Fill Better Agricultural Co-operative Limited;;;;;
Film and Entertainment Underwriters SA (Pty) Ltd;;;;;
Film and Publication Board;;;;;
Film Fun (Holdings) (Pty) Ltd;;;;;
Filmatic Packaging Systems (Pty) Ltd;;;;;
Filpet (Pty) Ltd;;;;;
Filter & Hose Solution;;;;;
Filtration Company (Pty) Ltd (The);;;;;
Fima Films SA (Pty) Ltd;;;;;
Fin Kenya;;;;;
Finance & Accounting Services Sector Education and Training Authority;;;;;
Finance and Accounting Services Sector Education and Training Authority (Fasset);;;;;
Finance Factors CC;;;;;
Finance Strategique Luxembourg SA;;;;;
Finance Trust Bank;;;;;
Finance Trust Bank Uganda;;;;;
financetrust.co.za;;;;;
Financial and Fiscal Commission;;;;;
Financial Intelligence Centre;;;;;
Financial Intermediaries Association of Southern Africa;;;;;
Financial Management International (Pty) Ltd;;;;;
Financial Planning Institute of Southern Africa (The);;;;;
Financial Securities (Pty) Ltd;;;;;
Financial Services Commission;;;;;
Finastra;;;;;
Finatech Group;;;;;
FinBank Burundi SA;;;;;
Finbond Group Ltd;;;;;
Finbond Mutual Bank;;;;;
Finbond Private Equity (Pty) Ltd;;;;;
FINCA DRC;;;;;
FINCA Malawi;;;;;
FINCA Tanzania M.F.C. Ltd;;;;;
FINCA Uganda Limited;;;;;
FINCA Zambia;;;;;
finca.or.ug;;;;;
fincatz.org;;;;;
Finchoice;;;;;
Finchoice SA (Pty) Ltd;;;;;
Fincom (Pty) Ltd;;;;;
Fincorp Investment Ltd;;;;;
Fincron;;;;;
Fincron Business Solutions;;;;;
Findlay Research Associates (Pty) Ltd;;;;;
Fine Chemicals Corporation (Pty) Ltd;;;;;
Fine Point Property Ltd;;;;;
Fine Point Realty Ltd;;;;;
Fine Scrap Metals (Pty) Ltd;;;;;
Finesse PCL;;;;;
Finewright Holdings (Pty) Ltd;;;;;
Finfind;;;;;
Fingo Investments (Pty) Ltd;;;;;
Finibanco Angola SA;;;;;
Finishing Post (Pty) Ltd (The);;;;;
Finishing Touch Trading 540 (Pty) Ltd;;;;;
Finlac Trust (Pty) Ltd;;;;;
Finlease Company Ltd;;;;;
FinMark Trust;;;;;
Finmount Group Investments (Pty) Ltd;;;;;
finmountgroup.com;;;;;
finrite;;;;;
Finsch Diamond Mine (Pty) Ltd;;;;;
Finserve Africa Ltd;;;;;
Finsettle Services (Pty) Ltd;;;;;
Finspect;;;;;
Finstar Private Wealth;;;;;
Finstone;;;;;
FinSwitch;;;;;
Fintech (Pty) Ltd;;;;;
Fintech Group;;;;;
Fintech Receivables 2 (RF) (Pty) Ltd;;;;;
fintech.co.zw;;;;;
FinX BEE;;;;;
FIRCA;;;;;
Fircosoft South Africa (Pty) Ltd;;;;;
Fire Fighting Equipment Traders' Association;;;;;
Fire Protection Association of Southern Africa;;;;;
Fireblade Aviation;;;;;
Fireblade Aviation (Pty) Ltd;;;;;
Firedart Engineering Underwriting Managers (Pty) Ltd;;;;;
Firefly Investments 155 (Pty) Ltd;;;;;
Firefly Investments 223 (Pty) Ltd;;;;;
Firefly Investments 241 (Pty) Ltd;;;;;
Firefly Investments 244 (RF) (Pty) Ltd;;;;;
Firefly Investments 253 (RF) (Pty) Ltd;;;;;
Firefly Investments 261 (Pty) Ltd;;;;;
Firefly Investments 269 (Pty) Ltd;;;;;
Firefly Investments 87 (Pty) Ltd;;;;;
Fireglow;;;;;
Firemount Textiles Ltd;;;;;
Fireside Group Ltd;;;;;
Firestone Diamonds (Botswana) (Pty) Ltd;;;;;
Firestone Diamonds (Pty) Ltd;;;;;
Firestone Diamonds Plc;;;;;
Firestone Energy Ltd;;;;;
Firetech Projects;;;;;
Fireworkx Internet;;;;;
Fireworx Media (Pty) Ltd;;;;;
Firlig5 (Pty) Ltd;;;;;
Firlig6 (Pty) Ltd;;;;;
Firmenich;;;;;
First Advantage North America;;;;;
First Alliance Bank Ltd Zambia;;;;;
First Aluminium Nigeria Plc;;;;;
First Assurance Company Ltd;;;;;
First Bank of Nigeria Ltd;;;;;
First Capital;;;;;
First Capital Bank;;;;;
First Capital Bank Botswana;;;;;
First Capital Bank Malawi Plc;;;;;
First Capital Bank Zambia;;;;;
First Capital Bank Zambia Limited;;;;;
First Capital Bank Zimbabwe;;;;;
FIRST CARDIOLOGY CONSULTS;;;;;
First Data Resources South Africa (Pty) Ltd;;;;;
First Distribution;;;;;
First Food Distributors (Pty) Ltd;;;;;
First For Women Insurance Company (RF) Ltd;;;;;
First Freight Couriers;;;;;
First Friday Ltd;;;;;
First Group;;;;;
First Group (Pty) Ltd;;;;;
First Housing Finance Tanzania Ltd;;;;;
First Hydrocarbon Nigeria Ltd;;;;;
First In Spec Biofuels (Pty) Ltd;;;;;
First Insurance Company Ltd;;;;;
First Island Trust Mauritius;;;;;
First Land Developments Ltd;;;;;
First Lifestyle (Pty) Ltd;;;;;
First Merchant Bank Plc;;;;;
First Mutual Commercial Enterprises (Pvt) Ltd;;;;;
First Mutual Health Company (Pvt) Ltd;;;;;
First Mutual Holdings Ltd;;;;;
First Mutual Investments (Pvt) Ltd;;;;;
First Mutual Life Assurance Company (Pvt) Ltd;;;;;
First Mutual Park (Pvt) Ltd;;;;;
First Mutual Properties Ltd;;;;;
First Mutual Real Estate (Pvt) Ltd;;;;;
First National Asset Management & Trust Company of Namibia (Pty) Ltd;;;;;
First National Bank (Division of FirstRand Bank Ltd);;;;;
First National Bank Ghana Ltd;;;;;
First National Bank of Botswana Ltd;;;;;
First National Bank of Lesotho Ltd;;;;;
First National Bank of Namibia Holdings Ltd;;;;;
First National Bank of Namibia Ltd;;;;;
First National Bank of Swaziland Ltd;;;;;
First National Bank Tanzania Ltd;;;;;
First National Bank Zambia Ltd;;;;;
First National Battery Retail (Pty) Ltd;;;;;
First National Nominees (Pty) Ltd;;;;;
First Pension Custodian Nigeria Ltd;;;;;
First Permanent East Africa Ltd;;;;;
First Property Technical Services (Pty) Ltd;;;;;
First Ready Development 787;;;;;
First Realty Central (Pty) Ltd;;;;;
First Registrars Nigeria Ltd;;;;;
First South African Holdings (Pty) Ltd;;;;;
First Storage Concepts (Cape) (Pty) Ltd;;;;;
First Strut (RF) Ltd;;;;;
First Technology;;;;;
First Technology (Audio) (Pty) Ltd;;;;;
First Technology (Central) (Pty) Ltd;;;;;
First Technology (Pty) Ltd;;;;;
First Technology Investments (Pty) Ltd;;;;;
First Technology KwaZulu Natal (Pty) Ltd;;;;;
First Technology MPS (Pty) Ltd;;;;;
First Technology National (Pty) Ltd;;;;;
First Technology Western Cape (Pty) Ltd;;;;;
First Uranium (Pty) Ltd;;;;;
First Uranium Corporation;;;;;
First Win Media (Pty) Ltd;;;;;
FirstAuto (Pty) Ltd;;;;;
FirstBanc Financial Services;;;;;
FirstCorp Investments  (Pty) Ltd;;;;;
FirstCred Limited;;;;;
firstgarment.co.za;;;;;
Firstglobal Capital (Pty) Ltd;;;;;
Firsthorizon;;;;;
FirstNet;;;;;
Firstnet Technology Services (Pty) Ltd;;;;;
Firstprize Solutions (Pty) Ltd;;;;;
FirstRand Bank Limited;;;;;
FirstRand Bank Ltd;;;;;
FirstRand EMA Holdings Ltd;;;;;
FirstRand Finance Company (Pty) Ltd;;;;;
FirstRand Foundation;;;;;
FirstRand Insurance Services Company Ltd;;;;;
FirstRand International Mauritius Ltd;;;;;
FirstRand Investment Holdings (Pty) Ltd;;;;;
FirstRand Investment Management Holdings Ltd;;;;;
FirstRand Ltd;;;;;
Firstshelf 31 Properties (Pty) Ltd;;;;;
firsttechpe.co.za;;;;;
firsttechpol.co.za;;;;;
Fischer South Africa Facilities (Pty) Ltd;;;;;
Fish Eagle Centre (Pty) Ltd;;;;;
Fishermans Village Developments (Pty) Ltd;;;;;
fish-i.co.za;;;;;
fishingforstars.co.za;;;;;
Fishof 1474 CC;;;;;
Fishwicks Printers (Pty) Ltd;;;;;
Fit Health Care and Diagnostics (Pty) Ltd;;;;;
Fitch Southern Africa (Pty) Ltd;;;;;
fitt Talent;;;;;
Five Continent Clothing CC;;;;;
Five Forty Aviation Ltd;;;;;
fivestarmedia.net;;;;;
Fixed Mobile Telecoms;;;;;
Fixtrade 568 (Pty) Ltd;;;;;
fkysaa.com;;;;;
Flagship PR;;;;;
Flagstone Africa (Pty) Ltd;;;;;
Flame of Africa CC;;;;;
Flame Tree Group Holdings Ltd;;;;;
Flamingo Airlines Ltd;;;;;
Flamingo Moon Trading 125 (Pty) Ltd;;;;;
flane.co.za;;;;;
Flash Components (Pty) Ltd;;;;;
Flash IP (Pty) Ltd;;;;;
Flash Mobile Vending (Pty) Ltd;;;;;
Flat-Foot Air Conditioners CC;;;;;
Flavourome;;;;;
Flaxenfield Investments (Pty) Ltd;;;;;
Fleet Accident Management (Pty) Ltd;;;;;
Fleet Africa (Eastern Cape) (Pty) Ltd;;;;;
Fleet Horizon Solutions (Pty) Ltd;;;;;
FleetAfrica;;;;;
FleetAfrica (Pty) Ltd;;;;;
Fleishman-Hillard South Africa (Pty) Ltd;;;;;
Flemflora (Pvt) Ltd;;;;;
Flender;;;;;
flender-group.com;;;;;
Flex Fuzion Entertainment;;;;;
Flexible Bandwidth Service Ltd;;;;;
Flexible Packages Convertors;;;;;
Flexico;;;;;
Flexivest Two (Pty) Ltd;;;;;
Flexographic Technical Association of South Africa;;;;;
Flicape (Pty) Ltd;;;;;
Flight Centre (South Africa) (Pty) Ltd;;;;;
Flight Centre Travel Group South Africa;;;;;
Flightsite (Pty) Ltd;;;;;
Flint Ignite;;;;;
Flint Studio;;;;;
FlintGroup South Africa (Pty) Ltd;;;;;
Flintstone Engineering;;;;;
Flip van Tonder and Sons (Pty) Ltd;;;;;
Float;;;;;
FloatPays;;;;;
Flohoc Investments (Pty) Ltd;;;;;
Flolite Manufacturers (Pty) Ltd;;;;;
Flomac Control (Pty) Ltd;;;;;
Flooid (Pty) Ltd;;;;;
floorafrica.co.za;;;;;
FloorworX Africa (Pty) Ltd;;;;;
Florahaven Landskapkontrakteurs SA CC;;;;;
FLORAHUB;;;;;
Floreal Knitwear Ltd;;;;;
Florida Junction (Pty) Ltd;;;;;
Flotek Pipes and Irrigation (Pty) Ltd;;;;;
Flour Mills Nigeria Plc;;;;;
FlowCentric Technologies;;;;;
Flowcrete S A (Pty) Ltd;;;;;
Flowe-Pac;;;;;
Flower Foundation Retirement Homes;;;;;
FLOWMETRIX SA;;;;;
Flowserve South Africa (Pty) Ltd;;;;;
FLS Investment Holdings (Pty) Ltd;;;;;
FLSmidth (Pty) Ltd;;;;;
FLSmidth Buffalo (Pty) Ltd;;;;;
FLSmidth Industrial Solutions South Africa (Pty) Ltd;;;;;
FLSmidth Krebs Africa (Pty) Ltd;;;;;
FLSmidth Mozambique Ltda;;;;;
FLSmidth Roymec (Pty) Ltd;;;;;
FlSmidth South Africa (Pty) Ltd;;;;;
Fluence Agrichem Pty Ltd;;;;;
Fluent Research;;;;;
Fluidra Waterlinx Pool & Spa;;;;;
Flume;;;;;
Flume Communications;;;;;
Fluor SA;;;;;
Fluor South Africa (Pty) Ltd;;;;;
Fluoro Vizion (Pty) Ltd;;;;;
Flutterwave;;;;;
Flutterwave Inc;;;;;
Flux Interactive;;;;;
Fluxmans Inc;;;;;
Fluxrab Investments No 188 (Pty) Ltd;;;;;
Fly Blue Crane (Pty) Ltd;;;;;
Fly Namibia;;;;;
FlySafair;;;;;
flysax.com;;;;;
FM On Call Accountants & Business Consulting;;;;;
FM Properties (Pvt) Ltd;;;;;
FMC Technologies (Pty) Ltd;;;;;
FMCG Training Solutions (Pty) Ltd;;;;;
FMI Insurance;;;;;
FML (Division of Isipho Capital Holdings (Pty) Ltd);;;;;
fmmotoparts.com;;;;;
fmmotopats.com;;;;;
FMRE Life and Health (Pvt) Ltd;;;;;
FMRE Property and Casualty (Pty) Ltd;;;;;
FMRE Property and Casualty (Pvt) Ltd;;;;;
FMS;;;;;
FMS Marketing Solutions (Pty) Ltd;;;;;
FNB;;;;;
FNB Administrative Processing Services (Pty) Ltd;;;;;
FNB CIS Manco (RF) (Pty) Ltd;;;;;
FNB Fiduciary (Pty) Ltd;;;;;
FNB Hogan;;;;;
FNB Insurance Brokers (Namibia) (Pty) Ltd;;;;;
FNB Insurance Brokers (Pty) Ltd;;;;;
FNB Insurance Brokers Holdings (Pty) Ltd;;;;;
FNB Insurer Processing Services (Pty) Ltd;;;;;
FNB Mozambique SA;;;;;
FNB Namibia Unit Trusts Ltd;;;;;
FNB Securities (Pty) Ltd;;;;;
FNB South Africa;;;;;
FNB Trust Services Namibia (Pty) Ltd;;;;;
fnbcommercial.co.za;;;;;
FNZ SA Administration Services (Pty) Ltd;;;;;
Focus Circle CC;;;;;
Focused People;;;;;
Folha Manufacturers (Pty) Ltd;;;;;
FONCTION PUBLIQUE;;;;;
Fondation Ecole Centrale Casablanca;;;;;
Fondation Harel Freres;;;;;
Fondation Nemours Harel;;;;;
Fonechoice (Pty) Ltd;;;;;
Foneworx (Pty) Ltd;;;;;
Fontana Holdings;;;;;
Fontana Manufacturers (Pty) Ltd;;;;;
Food & General Workers Union;;;;;
Food & Industrial Processors (Pvt) Ltd;;;;;
Food & Industries (Pvt) Ltd (F&I);;;;;
Food and Agriculture Organization of the United Nations;;;;;
Food and Allied Workers' Union;;;;;
Food and Beverages Manufacturing Sector Education and Training Authority;;;;;
Food for Education;;;;;
Food For Education;;;;;
Food Legislation Advisory Group;;;;;
Food Lovers Holdings (Pty) Ltd;;;;;
Food Warehouse International Ltd;;;;;
Foodco Nigeria Ltd;;;;;
Foodcorp (Pty) Ltd;;;;;
Foodcorp Omega (Pty) Ltd;;;;;
FoodForward SA;;;;;
Foods Botswana (Pty) Ltd;;;;;
Foodserv Solutions (Pty) Ltd;;;;;
foodspec.co.za;;;;;
Foodworx Manufacturing (Pty) Ltd;;;;;
Foonda Africa;;;;;
Foord Asset Management (Pty) Ltd;;;;;
Foord Compass Ltd;;;;;
Footwear Trading (Pty) Ltd;;;;;
forbes.co.za;;;;;
Forbtech;;;;;
Forca Sindical Angolana - Central Sindical;;;;;
Force Fuel (Pty) Ltd;;;;;
Ford Foundation;;;;;
Ford Motor Company of Southern Africa (Pty) Ltd;;;;;
Fordoun Leisure (Pty) Ltd;;;;;
Fordsburg Mayfair Media (Pty) Ltd;;;;;
Fordsburg Square Flea Market CC;;;;;
Foresighttoday;;;;;
Forest Industries Education & Training Authority;;;;;
Forest Technologies;;;;;
Forest Technologies (Pty) Ltd;;;;;
Foresta Drum Manufacturing (Pty) Ltd;;;;;
Foresta Timber and Board (Pty) Ltd;;;;;
Forestry South Africa;;;;;
Forever Living Products South Africa (Pty) Ltd;;;;;
Forever Resorts (Pty) Ltd;;;;;
Forever Resorts Aventura (Pty) Ltd;;;;;
Forex Investment Association;;;;;
Forge Media;;;;;
Forges Tardieu Ltd;;;;;
Forgeweld Engineering (Pty) Ltd;;;;;
Forkman CC (The);;;;;
Formatix Ten (Pty) Ltd;;;;;
Formbat (Pty) Ltd;;;;;
Formeset Digital Tshwane (Pty) Ltd;;;;;
Formeset Print (Pty) Ltd;;;;;
Formeset Printers Cape (Pty) Ltd;;;;;
Formex Industries (Pty) Ltd;;;;;
Formprops 61 (Pty) Ltd;;;;;
Formprops 79 (Pty) Ltd;;;;;
Forms Media Independent (Africa) (Pty) Ltd;;;;;
Form-Scaff;;;;;
Formula D Design Consultancy CC;;;;;
Formula D interactive;;;;;
Formule Naturelle (Pty) Ltd;;;;;
Forrester Pharma;;;;;
Fors4;;;;;
Forsab Investments (Pty) Ltd;;;;;
Forssman and Partners Pretoria East CC ;;;;;
Forsys Metals Corporation;;;;;
Fort Concrete (Civils) (Pvt) Ltd;;;;;
Fort Hare Solutions;;;;;
FORT HEALTHY MIND INITIATIVES;;;;;
Forte Oil Plc;;;;;
Forte Upstream Services Ltd;;;;;
Fortified Foods Marketing (Pty) Ltd;;;;;
Fortinet East Africa;;;;;
Fortis Microfinance Bank Plc;;;;;
Fortress Administration (Pty) Ltd;;;;;
Fortress Income 2 (Pty) Ltd;;;;;
Fortress REIT Ltd;;;;;
Fortune Foods Ltd;;;;;
Fortune Properties (Alrode) (Pty) Ltd;;;;;
FORTUNE SACCO;;;;;
Fortune Sacco Limited;;;;;
Forty Four By Five (Pty) Ltd;;;;;
Forty-Four Activia Park (Pty) Ltd;;;;;
Forum Company (Pty) Ltd (The);;;;;
Forum for African Women Educationalists;;;;;
Forum for Women in Democracy;;;;;
Forum For Women In Democracy(FOWODE);;;;;
Forvis Mazars Academy (Pty) Ltd;;;;;
Forward Finance (Pty) Ltd;;;;;
ForwardSlash Dev;;;;;
Forza (Pty) Ltd;;;;;
Foschini (Botswana) (Pty) Ltd;;;;;
Foschini (Lesotho) (Pty) Ltd;;;;;
Foschini (Swaziland) (Pty) Ltd;;;;;
Foschini Finance (Pty) Ltd;;;;;
Foschini Group;;;;;
Foschini Retail Group (Pty) Ltd;;;;;
Foschini Stores (Pty) Ltd;;;;;
Foseco Holding (South Africa) (Pty) Ltd;;;;;
Foskor (Pty) Ltd;;;;;
Fossil Accessories South Africa (Pty) Ltd;;;;;
Fossil Fuel Foundation (The);;;;;
Foster-Melliar (Pty) Ltd;;;;;
fosterpedley.com;;;;;
Foundation Engineering Services Ltd;;;;;
Foundation for African Business and Consumer Services;;;;;
Foundation for Professional Development;;;;;
Foundever;;;;;
Fountain Civil Engineering;;;;;
Fountainhead Properties (Pty) Ltd;;;;;
Fountainhead Property Trust;;;;;
Four Rivers Trading 265 (Pty) Ltd;;;;;
Fourier Approach;;;;;
Fourier Approach (PTY);;;;;
Fourier IT;;;;;
Fourie's Poultry Farms (Pty) Ltd;;;;;
Fournews Developments (Pty) Ltd;;;;;
FOURS Cash & Carry;;;;;
Fourway Haulage SA (Pty) Ltd;;;;;
Fourways Memorial Park CC;;;;;
Fourways Precinct (Pty) Ltd;;;;;
Fox Street 2 (RF) Ltd;;;;;
Foxit Software, Inc.;;;;;
foxitpdf.net;;;;;
Foxtec-Ikhwezi (Pty) Ltd;;;;;
foxtrot.ci;;;;;
FPS Bulk Diesel (Pty) Ltd;;;;;
FPS GLOBAL LOGISTICS SOUTH AFRICA;;;;;
FPT Group (Pty) Ltd;;;;;
FPT Port Leasing (Pty) Ltd;;;;;
FQM Trident;;;;;
FQM Trident Limited;;;;;
Fragomen Africa (Pty) Ltd;;;;;
Framatome Southern Africa (Pty) Ltd;;;;;
Frame Leisure Trading (Pty) Ltd;;;;;
Francarlo Manufacturing (Pty) Ltd;;;;;
Frances Baard District Municipality;;;;;
Franchise Association of Southern Africa;;;;;
Franchise Firm (Pty) Ltd (The);;;;;
Franco Ceccato (Pty) Ltd;;;;;
Francor Bakkery Holdings (Pty) Ltd;;;;;
Frank Life Ltd;;;;;
Franke South Africa (Pty) Ltd;;;;;
Frankies Olde Soft Drinks CC;;;;;
Frankipile (Mauritius) International Ltd;;;;;
Frankipile International Projects Ltd;;;;;
Frankipile Mozambique Lda;;;;;
Franklin Electric (South Africa) (Pty) Ltd;;;;;
Franklin Electric Botswana (Pty) Ltd;;;;;
FranklinCovey Namibia;;;;;
Frans Indongo Group;;;;;
Franschhoek Marketing (Pty) Ltd;;;;;
Franz Falke Textiles (Pty) Ltd;;;;;
Franz Marx Films (Pty) Ltd;;;;;
Fraser Alexander;;;;;
Fraser Alexander (Pty) Ltd;;;;;
Fraser Alexander Zambia;;;;;
FRCI;;;;;
Freddy Hirsch Group (Pty) Ltd;;;;;
Fred's Crane Hire Services;;;;;
Free Lives (Pty) Ltd;;;;;
Free State Care in Action;;;;;
Free State Department of Cooperative Governance and Traditional Affairs;;;;;
Free State Development Corporation;;;;;
Free State Gambling and Liquor Authority;;;;;
Free State Oil (Pty) Ltd;;;;;
Free State Provincial Government;;;;;
Free State Society of Advocates;;;;;
Free State Transformers (Pty) Ltd;;;;;
Free State Treasury;;;;;
Free State, Department Of Economic, Small Business Development, Tourism And Environmental Affairs;;;;;
Freedom Park Trust;;;;;
Freedom Property Fund Ltd;;;;;
Freedom Stationery;;;;;
Freedthinkers (Pty) Ltd;;;;;
Freeform Tents CC;;;;;
Freelancers;;;;;
Freestone Finance Company (Pty) Ltd;;;;;
Freestone Management Company (Pty) Ltd;;;;;
Freestone Property Holdings (Pty) Ltd;;;;;
Freestone Property Investments (Pty) Ltd;;;;;
Freethinking Business Consultants (Pty) Ltd;;;;;
Freeworld Automotive Coatings (Pty) Ltd;;;;;
Freeworld Coatings Global (Pty) Ltd;;;;;
Freeworld Coatings South Africa (Pty) Ltd;;;;;
Freeze Burn CC;;;;;
Freezerlines (Pty) Ltd;;;;;
Freight Clearing and Consulting Services (Pty) Ltd;;;;;
Freight Innovations (Pty) Ltd;;;;;
Freightbulk (Pty) Ltd;;;;;
Freightmax (Pty) Ltd;;;;;
Freightwise Investments (Pty) Ltd;;;;;
Freitan S A (RF) (Pty) Ltd;;;;;
Fresco 2 Investments (Pty) Ltd;;;;;
Fresenius Kabi;;;;;
Fresenius Kabi Manufacturing SA (Pty) Ltd;;;;;
Fresenius Kabi South Africa (Pty) Ltd;;;;;
Fresenius Medical Care;;;;;
Fresenius Medical Care South Africa (Pty) Ltd;;;;;
Fresh Canteen (Pty) Ltd;;;;;
Fresh Connection (Pty) Ltd (The);;;;;
Fresh Earth Gluten Free Bake House (Pty) Ltd;;;;;
Fresh Food Direct (Pty) Ltd;;;;;
Fresh Investment Holdings (Pty) Ltd;;;;;
Fresh Life;;;;;
Fresh Produce Exporters' Forum;;;;;
Fresh wellness (Pty) Ltd;;;;;
Freshco Kenya Ltd;;;;;
Freshfields Bruckhaus Deringer LLP;;;;;
Freshgold SA Exports (Pty) Ltd;;;;;
Freshive Digital;;;;;
freshmark.co.za;;;;;
Freshworld (Pty) Ltd;;;;;
fresinius-kabi.com;;;;;
freudenberg.co.za;;;;;
Freys;;;;;
Frey's Food Brands (Pty) Ltd;;;;;
Freyssinet Posten (Pty) Ltd;;;;;
Fricker Road Investments (Pty) Ltd;;;;;
Friedlein & Company (Pty) Ltd;;;;;
Friedman Dewey Investments (Pty) Ltd;;;;;
Friedshelf 1100 (Pty) Ltd;;;;;
Friedshelf 119 (Pty) Ltd;;;;;
Friedshelf 1226 (RF) (Pty) Ltd;;;;;
Friedshelf 1287 (RF) (Pty) Ltd;;;;;
Friedshelf 1293 (RF) (Pty) Ltd;;;;;
Friedshelf 1323 (Pty) Ltd;;;;;
Friedshelf 1362 (RF) (Pty) Ltd;;;;;
Friedshelf 1363 (RF) (Pty) Ltd;;;;;
Friedshelf 1364 (RF) (Pty) Ltd;;;;;
Friedshelf 1365 (RF) (Pty) Ltd;;;;;
Friedshelf 1483 (Pty) Ltd;;;;;
Friedshelf 1484 (Pty) Ltd;;;;;
Friedshelf 1485 (Pty) Ltd;;;;;
Friedshelf 1508 (Pty) Ltd;;;;;
Friedshelf 1518 (RF) (Pty) Ltd;;;;;
Friedshelf 1519 (RF) (Pty) Ltd;;;;;
Friedshelf 1534 (Pty) Ltd;;;;;
Friedshelf 1984 (Pty) Ltd;;;;;
Friedshelf 418 (Pty) Ltd;;;;;
Friedshelf 559 (Pty) Ltd;;;;;
Friesland Campina Ivory Coast S.A;;;;;
FrieslandCampina;;;;;
Frigoken;;;;;
Friguia SA;;;;;
frikatikkun.org;;;;;
Frimax Foods (Pty) Ltd;;;;;
Frinette CC;;;;;
Frisbee Trade and Invest 1244 CC;;;;;
Frito-Lay;;;;;
Frogfoot Networks;;;;;
Froggy IT Solutions (Pty) Ltd;;;;;
Froggy Pond Investments (Pty) Ltd;;;;;
Froid des Mascareignes Limited;;;;;
Fromoil Investments (Pty) Ltd;;;;;
Froneri South Africa (Pty) Ltd;;;;;
Front Foot;;;;;
Frontier Asset Management and Investments (Pty) Ltd;;;;;
FrontierCo;;;;;
Frost and Sullivan;;;;;
FRS Rental Services (Pty) Ltd;;;;;
Fruit Farm Group South Africa (Pty) Ltd (The);;;;;
Fruit Wrappers (South Africa) (Pty) Ltd;;;;;
fruitfulfactory.com;;;;;
Fruits Du Sud (Pty) Ltd;;;;;
Fruitways Marketing (Pty) Ltd;;;;;
Fruitworks (Pty) Ltd;;;;;
Fry Group Foods (Pty) Ltd;;;;;
FS DESTEA;;;;;
fs.org.za;;;;;
FS: Dept Social Development;;;;;
FSB;;;;;
FSCA;;;;;
FSCA South Africa;;;;;
FSD Africa;;;;;
FSDH Asset Management Ltd;;;;;
FSDH Merchant Bank Ltd;;;;;
FSDH Securities Ltd;;;;;
FSG (Zambia) Ltd;;;;;
FSG Landscaping Group CC;;;;;
FSG Ltd;;;;;
FSG Manufacturing (Pty) Ltd;;;;;
FSG Private Cemeteries (Pty) Ltd;;;;;
FSG Services (Pty) Ltd;;;;;
fsgrb.co.za;;;;;
fshealth.gov.za;;;;;
fspremier.gov.za;;;;;
fsworks.gov.za;;;;;
FT Fogtech CC;;;;;
ftchkzn.co.za;;;;;
FTI Consulting South Africa (Pty) Ltd;;;;;
FTN Cocoa Processors Plc;;;;;
Fubeco (China Fushun) Ltd;;;;;
Fuchs Electronics (Pty) Ltd;;;;;
Fuchs Lubricants South Africa (Pty) Ltd;;;;;
Fuchs Southern Africa (Pty) Ltd;;;;;
Fuel;;;;;
Fuel Africa Logistics Solutions (Pty) Ltd;;;;;
Fuel Retailers Association of Southern Africa;;;;;
Fuelmark Investments (Pty) Ltd;;;;;
Fuelogic Botswana (Pty) Ltd;;;;;
Fuelogic Lesotho (Pty) Ltd;;;;;
Fuelogic Swaziland (Pty) Ltd;;;;;
Fugro Earth Resources (Pty) Ltd;;;;;
Fugro Holdings South Africa (Pty) Ltd;;;;;
Fugro Maps (South Africa) (Pty) Ltd;;;;;
Fugro Satellite Positioning (Pty) Ltd;;;;;
Fugro Survey Africa (Pty) Ltd;;;;;
fujicarboon.co.jp;;;;;
Fujitsu Services (Pty) Ltd;;;;;
Fujitsu Services Core (Pty) Ltd;;;;;
Fujitsu Technology Solutions (Pty) Ltd;;;;;
Fulcrum Collections (Pty) Ltd;;;;;
Fulcrum Group (Pty) Ltd;;;;;
Full Circle Contact Centre Services;;;;;
Full Facing;;;;;
Full Stack;;;;;
Fullimput 143 (Pty) Ltd;;;;;
Fullimput 270 (Pty) Ltd;;;;;
Fulvisport (Pty) Ltd;;;;;
Fumana Gangelete;;;;;
Fumastra;;;;;
Fundacao;;;;;
FundaMedical;;;;;
Fundi Capital (Pty) Ltd;;;;;
Fundirite (Pty) Ltd;;;;;
Funki Lines (Pty) Ltd;;;;;
Funnel Searches (Pty) Ltd;;;;;
Funxiono (Pty) Ltd;;;;;
Furaha Printers;;;;;
Furman Glass Company (1964) (Pty) Ltd;;;;;
Furn Mart (Pty) Ltd;;;;;
Furniture & Wood Products Manufacturers Association;;;;;
Furniture Bargaining Council;;;;;
Furniture Mart Zambia Ltd;;;;;
Furniture Traders Association;;;;;
Furniture, Bedding and Upholstery Manufacturers Association;;;;;
Furnmart Ltd;;;;;
Fuseforward Cloud Services Ltd;;;;;
Fusion Ice (Pty) Ltd;;;;;
Fusion Marketing Africa;;;;;
Fusion Software;;;;;
FUSION TECHNOLOGIES;;;;;
Fusionguarantees;;;;;
Fussell and Associates (Pty) Ltd;;;;;
Futura Footwear Ltd;;;;;
Future Africa International- FAI;;;;;
Future Africa Trading (Pty) Ltd;;;;;
Future Life Health Products (Pty) Ltd;;;;;
Future Nation Schools (Pty) Ltd;;;;;
Future Relevance;;;;;
Future Sense;;;;;
Future Sure Financial Planning (Pty) Ltd;;;;;
Futuregrowth Asset Management (Pty) Ltd;;;;;
Futuregrowth Property Development Company (Pty) Ltd;;;;;
futuregtn.co.za;;;;;
FutureMe Holdings;;;;;
futurenet.co.za;;;;;
Futureproof Entrepreneurs (Pty) Limited;;;;;
FutureproofSA;;;;;
Futureprufe;;;;;
Futuro Technologies;;;;;
Fuzu;;;;;
Fuzzy Logic (Pty) Ltd;;;;;
fvc.co.za;;;;;
FVT HR Consulting;;;;;
fvz.co.za;;;;;
FXOne Financial Advisors (Pty) Ltd;;;;;
FZ and Associates;;;;;
G and S Medical Supplies CC;;;;;
G and W Base and Industrial Minerals (Pty) Ltd;;;;;
G and W Fasteners (Pty) Ltd;;;;;
G C Baars (Pty) Ltd;;;;;
G C Fast Food Franchising CC;;;;;
G Cappa Plc;;;;;
G E O C Nominees Ltd;;;;;
G H Hire CC;;;;;
G I B Windscreens (Pty) Ltd;;;;;
G Liviero and Sons;;;;;
G M Pharmaceuticals (Pty) Ltd;;;;;
G Modiano S A (Pty) Ltd;;;;;
G Pearson;;;;;
G R C Marketing CC;;;;;
G S C Systems (Pty) Ltd;;;;;
G Studio Branding Agency;;;;;
G U D Atlantis (Pty) Ltd;;;;;
G U D Holdings (Pty) Ltd;;;;;
G.Fox & Company;;;;;
G3G;;;;;
G3G (Pty) Ltd;;;;;
G4S;;;;;
G4S (Botswana) Ltd;;;;;
G4S Cash Solutions (SA) (Pty) Ltd;;;;;
G4S Deposita  (RF) (Pty) Ltd;;;;;
G4S International Logistics (South Africa) (Pty) Ltd;;;;;
G4S Kenya Ltd;;;;;
G4S Limited;;;;;
G4S Secure Solutions (SA) (Pty) Ltd;;;;;
G4S Secure Solutions Malawi Ltd;;;;;
G4S Security Namibia;;;;;
G4S Security Solutions Mozambique;;;;;
G5D Aviation Services (Pty) Ltd;;;;;
GA Insurance Ltd;;;;;
GAAP Point-of-Sale;;;;;
Gab;;;;;
Gabler Medical (Pty) Ltd;;;;;
Gabler Medical Technology (Pty) Ltd;;;;;
Gabon Towers SA;;;;;
Gaborone Enterprises (Pty) Ltd;;;;;
Gabriel Couto Mozambique SARL;;;;;
Gabriëlskloof;;;;;
GAC;;;;;
GAC Laser International Logistics (Pty) Ltd;;;;;
GAC Laser Specialised Logistics (Pty) Ltd;;;;;
Gad-Tek (Pty) Ltd;;;;;
Gage Car Rental (Pty) Ltd;;;;;
GAHP Capital (Pty) Ltd;;;;;
Gaia Infrastructure Capital Ltd;;;;;
Gaigher Street Property (Pty) Ltd;;;;;
Gail;;;;;
GainEdge Consulting Pvt;;;;;
Galana Energies Limited;;;;;
Galane Gold Ltd;;;;;
Galaxy Bingo International South Africa (Pty) Ltd;;;;;
Galaxy Gold Mining Ltd;;;;;
Galderma Laboratories South Africa (Pty) Ltd;;;;;
Galeboe Professional Services;;;;;
Galencia Property (Pty) Ltd;;;;;
Galilean Properties (Pty) Ltd;;;;;
Galison Manufacturing (Pty) Ltd;;;;;
Galix Networking (Pty) Ltd;;;;;
Gallagher Estate Holdings Ltd;;;;;
Gallo Images International (Pty) Ltd;;;;;
Galve Wire (Pty) Ltd;;;;;
Gamagara Local Municipality;;;;;
Game Discount World (Ghana) Ltd;;;;;
Game Discount World (Malawi) Ltd;;;;;
Game Discount World (Mauritius) Ltd;;;;;
Game Discount World (Mozambique) Ltd;;;;;
Game Discount World (Namibia) Ltd;;;;;
Game Discount World (Nigeria) Ltd;;;;;
Game Discount World (Tanzania) Ltd;;;;;
Game Discount World (Uganda) Ltd;;;;;
Game Discount World Botswana (Pty) Ltd;;;;;
Game On Performance Solutions;;;;;
Game On Performance Solutions (Pty) Ltd;;;;;
Game Stores Zambia Ltd;;;;;
Game2Change;;;;;
Games Global Limited;;;;;
Gamil Design;;;;;
Gamlot Technologies Ltd;;;;;
Gamma Asia Construction Ltd;;;;;
Gamma Cement Ltd;;;;;
Gamma Civic Ltd;;;;;
Gamma Construction Ltd;;;;;
Gamma Energy Holdings Ltd;;;;;
Gamma Energy Ltd;;;;;
Gamma Leisure Ltd;;;;;
Gamma Materials Ltd;;;;;
Gamma-Civic Cement Holdings Ltd;;;;;
Gamma-Civic Construction Holdings Ltd;;;;;
Gamma-Civic Construction Ltd;;;;;
Gamma-Civic Hotel Holdings Ltd;;;;;
GammaTek;;;;;
gamne.co.za;;;;;
GAMTEL;;;;;
Gamtoos Irrigation Board;;;;;
Gamtoos Mouth Investments (Pty) Ltd;;;;;
Gandhi-Mandela Nursing Academy (Pty) Ltd;;;;;
Gan-Trans (Pty) Ltd;;;;;
Gapco Kenya Ltd;;;;;
Gaphilemo Clothing Manufacturing CC;;;;;
Garagesure Consultants and Acceptances (Pty) Ltd;;;;;
Garban Group Holdings Ltd;;;;;
Garban South Africa (Pty) Ltd;;;;;
Garbanzo Property Investments (Pty) Ltd;;;;;
GardaWorld  Corporation;;;;;
GardaWorld Corporation;;;;;
Garden Cities (RF);;;;;
Garden City Motors (Pty) Ltd;;;;;
Garden Goods CC;;;;;
Garden Route Mall;;;;;
Garden Route Villa's Share Block (Pty) Ltd;;;;;
Garden-It Services CC;;;;;
Gardens of Bagatelle Ltd (The);;;;;
Gardmed Ambulance Services Trust;;;;;
Gariep Local Municipality;;;;;
Garlandale High School;;;;;
Garlicke and Bousfield Inc;;;;;
Garmin Ltd.;;;;;
Garrett Motion;;;;;
Garsin Engineering CC;;;;;
Gartner;;;;;
Gary Green Auto (Pty) Ltd;;;;;
Gas & Welding (Pty) Ltd;;;;;
GAS Accounting;;;;;
Gas Africa;;;;;
Gas It Namibia;;;;;
Gas Network Services Ltd;;;;;
Ga-Segonyana Local Municipality;;;;;
Gaselia;;;;;
Gasgrid Nigeria Ltd;;;;;
Gasket Manufacturing Corporation (Pty) Ltd;;;;;
Gaslink Benin Ltd;;;;;
Gaslink Ghana Ltd;;;;;
Gaslink Nigeria Ltd;;;;;
Gaslink Togo SA;;;;;
GASTEC;;;;;
Gastec Egypt;;;;;
Gatbro International;;;;;
Gatehouse Commercials (Pty) Ltd;;;;;
Gateway Communications (Pty) Ltd;;;;;
Gateway Private Hospital (Pty) Ltd;;;;;
Gatsby (Pty) Ltd;;;;;
Gatsby Africa;;;;;
Gattis Ice Cream (Pty) Ltd;;;;;
Gauloises (Pty) Ltd;;;;;
Gauteng;;;;;
Gauteng City Region Academy;;;;;
Gauteng Coaches (Pty) Ltd;;;;;
Gauteng Department of Agriculture and Rural Development;;;;;
Gauteng Department of Co-operative Governance and Traditional Affairs;;;;;
Gauteng Department of Economic Development;;;;;
Gauteng Department of Education;;;;;
Gauteng Department of Social Development;;;;;
Gauteng Department: Human Settlements;;;;;
Gauteng Economic Development Agency;;;;;
Gauteng Electrical Wholesalers (Montana) (Pty) Ltd;;;;;
Gauteng Enterprise Propeller;;;;;
Gauteng Film Commission;;;;;
Gauteng Gambling Board;;;;;
Gauteng Growth and Development Agency SOC Ltd;;;;;
Gauteng Health Department;;;;;
Gauteng Hub (Pty) Ltd;;;;;
Gauteng Meat Traders Employees Union;;;;;
Gauteng Metal Recyclers (Pty) Ltd;;;;;
Gauteng North Services to People with Disabilities;;;;;
Gauteng Piling (Pty) Ltd;;;;;
Gauteng Provincial Government;;;;;
Gauteng Provincial Legislature;;;;;
Gauteng Shared Service Centre(GSSC);;;;;
Gauteng Uniform Supplies (Pty) Ltd;;;;;
Gautrain;;;;;
gautrainpo.co.za;;;;;
Gavilon South Africa (Pty) Ltd;;;;;
Gayatri Cans (Pty) Ltd;;;;;
Gayatri Paper Mills (Pty) Ltd;;;;;
Gaz Du Cameroon;;;;;
Gaz Industriels Madagascar SA;;;;;
Gazelle Plastics (Pty) Ltd;;;;;
Gazelle Platinum Ltd;;;;;
GB Allab Company;;;;;
GB Auto S.A.E;;;;;
GB Bearings;;;;;
GB Capital S.A.E;;;;;
GB Company for Financial Lease S.A.E;;;;;
GB Holdings Ltd;;;;;
GB Logistics S.A.E;;;;;
GB Nominees (Pty) Ltd;;;;;
GB Polo Buses Manufacturing S.A.E;;;;;
GB Trailers Company SAE;;;;;
GBC CAM;;;;;
GBfoods;;;;;
GBH Group;;;;;
gbicts.net;;;;;
GBP Cosmetic Brands CC;;;;;
GBS Mutual Bank;;;;;
GCB Bank Ltd;;;;;
GCC Board Directors Institute;;;;;
gccl.co.za;;;;;
GCS;;;;;
GCT;;;;;
Gde;;;;;
GE Betz South Africa (Pty) Ltd;;;;;
GE Healthcare (Pty) Ltd;;;;;
GE Healthcare Kenya;;;;;
GE HealthCare PDx;;;;;
GE Imports and Exports CC;;;;;
GE Intelligent Platforms (Pty) Ltd;;;;;
GE South Africa Technologies (Pty) Ltd;;;;;
GE Steam Power S&E Africa (PTY) LTD;;;;;
GEA Africa (Pty) Ltd;;;;;
GEA Food Solutions South Africa (Pty) Ltd;;;;;
GEA Grasso (Africa) (Pty) Ltd;;;;;
GEA Process Engineering (Pty) Ltd;;;;;
GEA Westfalia Separator South Africa (Pty) Ltd;;;;;
Gearhouse South Africa (Pty) Ltd;;;;;
Geberit;;;;;
Gecat Marine CC;;;;;
gecko.na;;;;;
Geda Bay Properties (Pty) Ltd;;;;;
Gedore Tools (South Africa) (Pty) Ltd;;;;;
GEECOM (Pty) Ltd;;;;;
Geffen International Realty Franchises (Pty) Ltd;;;;;
Gelmar (Pty) Ltd;;;;;
Gelvenor Consolidated Fabrics (Pty) Ltd;;;;;
Gem and Jewel Acceptances (Pty) Ltd;;;;;
Gem Schoolwear (Pty) Ltd;;;;;
Gem View Trading 16 CC;;;;;
Gemale;;;;;
Gemalto (Pty) Ltd;;;;;
Gemalto Southern Africa (Pty) Ltd;;;;;
Gemfields;;;;;
Gemfields South Africa (Pty) Ltd;;;;;
Gemgrow Asset Management (Pty) Ltd;;;;;
Gemgrow Properties Ltd;;;;;
Gemini Marine (Pty) Ltd;;;;;
Gemini Moon Trading 254 (Pty) Ltd;;;;;
Geminia Insurance;;;;;
Geminia Insurance Company Limited;;;;;
Gemological Institute of America;;;;;
gemschoolwear.co.za;;;;;
Gen Motion (Pty) Ltd;;;;;
Gen Overhead Lines (Pty) Ltd;;;;;
GenAfrica Asset Management Ltd;;;;;
Genasys;;;;;
Genasys Technologies (Pty) Ltd;;;;;
Genbel Securities (Pty) Ltd;;;;;
Genbel South Africa  (Pty) Ltd;;;;;
gencapital.co.za;;;;;
Gendel strategic marketing group;;;;;
General Cable Phoenix South Africa (Pty) Ltd;;;;;
General Cables (Pty) Ltd;;;;;
General Company for Ceramic and Porcelain Products SAE;;;;;
General Company for Land Reclamation, Development & Reconstruction SAE;;;;;
General Company for Silos and Storage SAE;;;;;
General Council of the Bar of South Africa (The);;;;;
General Electric (South Africa) (Pty) Ltd;;;;;
General Energy Systems (Pty) Ltd;;;;;
General Enterprises;;;;;
General Industries Workers Union of South Africa;;;;;
General Legal and Administration Services Ltd;;;;;
General Mills South Africa (Pty) Ltd;;;;;
General Motors South Africa (Pty) Ltd;;;;;
General Reinsurance Africa Ltd;;;;;
General Risk Administrators SA (Pty) Ltd;;;;;
General Workwear CC;;;;;
Generale Biscuit Egypt SAE;;;;;
Generation Kenya;;;;;
Generation of Leaders Discovered Consulting (Pty) Ltd;;;;;
Generator Control;;;;;
Generator King (Pty) Ltd (The);;;;;
Generic and Biosimilar Medicines of  Southern Africa;;;;;
Genersys Solar South Africa (Pty) Ltd;;;;;
Genesis Advisory;;;;;
Genesis Analytics;;;;;
Genesis Group;;;;;
Genesis Insurance Brokers (Pty) Ltd;;;;;
Genesis Medical;;;;;
Genesis-Analytics;;;;;
Genesys;;;;;
Genesys Cloud Services, Inc.;;;;;
Genet Distributors (Pty) Ltd;;;;;
Genet Mining (Pty) Ltd;;;;;
GENFIN;;;;;
Genghis Capital Ltd;;;;;
Gengro (Pty) Ltd;;;;;
Genii Analytics;;;;;
Genlogdorm (Pty) Ltd;;;;;
Genlux Lighting (Pty) Ltd;;;;;
Genop Healthcare (Pty) Ltd;;;;;
Genop Holdings;;;;;
Genorah Resources (Pty) Ltd;;;;;
Genpact South Africa (Pty) Ltd;;;;;
Genpoint;;;;;
Genpower Electrical Wholesalers CC;;;;;
Genrec;;;;;
Genrec Development Company (Pty) Ltd;;;;;
Genrec Engineering (Pty) Ltd;;;;;
Genric Africa (Pty) Ltd;;;;;
Genric Insurance Company Ltd;;;;;
Gensa trading Ltd;;;;;
Gensec Nominees (Pty) Ltd;;;;;
Gensec Property Services (Pty) Ltd;;;;;
Genset marketing (Pty) Ltd;;;;;
Genso Investments;;;;;
Gentron Computers CC;;;;;
Gentron Group;;;;;
gentrongroup.com;;;;;
Gents and Lads Fashion House;;;;;
Genuine Connections Promotions (Pty) Ltd;;;;;
Geo Group (Pty) Ltd;;;;;
Geo Power Africa (Pty) Ltd;;;;;
Geoafrika Property Developments (Pty) Ltd;;;;;
Geoaxon Holdings (Pty) Ltd;;;;;
Geodis Wilson South Africa (Pty) Ltd;;;;;
Geomech Africa (Pty) Ltd;;;;;
Geomechanics (Pty) Ltd;;;;;
Geomed (Pty) Ltd;;;;;
Geometry Global Johannesburg (Pty) Ltd;;;;;
George & Annie Starck Homes;;;;;
George and Duke Institutions;;;;;
George Construction CC;;;;;
George Local Municipality;;;;;
George Municipality;;;;;
George Whitefield College;;;;;
Geoscape Training;;;;;
Geoserve Exploration Drilling (Pty) Ltd;;;;;
Geostrat Training;;;;;
GEOSURE;;;;;
Geotab Inc.;;;;;
Geotab Pty;;;;;
Geotab Pty Ltd;;;;;
GEOTECH Resourcing;;;;;
Geothermal Development Company;;;;;
Gerards ECD Center;;;;;
Gerber Goldschmidt Group;;;;;
Gerber Paper;;;;;
Gerhard Moerdyk Holdco (Pty) Ltd;;;;;
Gerlan Properties (Pty) Ltd;;;;;
Gerli Clothing CC;;;;;
Germ Africa (Pty) Ltd;;;;;
Germiston Stationers CC;;;;;
Gert Sibande District Municipality;;;;;
Gestalt Consult;;;;;
Gestaltconsult;;;;;
Gestamp Solar Steel South Africa (Pty) Ltd;;;;;
GESTOCI;;;;;
Get One Trading 20 (Pty) Ltd;;;;;
getAbstract, Inc;;;;;
Getbucks Microfinance Bank Ltd;;;;;
GetEmail;;;;;
GetGo Homeloans;;;;;
GEW Technologies (Pty) Ltd;;;;;
GezaJozi (Pty) Ltd;;;;;
GFI Joint Venture Holdings (Pty) Ltd;;;;;
GFI Securities (SA) (Pty) Ltd;;;;;
GFI South Africa (Pty) Ltd;;;;;
GFin Corporate Services;;;;;
GFin Corporate Services Ltd;;;;;
GfK South Africa (Pty) Ltd;;;;;
GFL Mining Services Ltd;;;;;
g-FleeT Management (Division of Gauteng Department of Roads and Transport);;;;;
Ggmail;;;;;
GH Skills Solutions;;;;;
Ghabbour Continental Trading Company S.A.E;;;;;
Ghana Bauxite Company Ltd;;;;;
Ghana Grid Company Ltd;;;;;
Ghana Interbank Payment and Settlement Systems Limited (GhIPSS);;;;;
Ghana Leasing Company Ltd;;;;;
Ghana National Gas Company Limited;;;;;
Ghana National Petroleum Corporation;;;;;
Ghana Oil Company Ltd;;;;;
Ghana Ports and Harbour Authority;;;;;
Ghana Revenue Authority (new);;;;;
Ghana Water Company Limited;;;;;
Gharbia Islamic Housing Development Company;;;;;
GHC Brydens Project Management (Pty) Ltd;;;;;
GHH Mining Machines;;;;;
Ghunaq Investments (Pty) Ltd;;;;;
Giant Beverages Ltd;;;;;
Giant Clothing Ltd;;;;;
Giant Leap;;;;;
Giant Leap Workspace Specialists (Pty) Ltd;;;;;
Giant Signs (Pty) Ltd;;;;;
Giants Canning CC;;;;;
GIB Insurance Brokers (Pty) Ltd;;;;;
GIBB (Pty) Ltd;;;;;
Gibela Rail Transport Consortium;;;;;
Gibela Rail Transport Consortium (RF) (Pty) Ltd;;;;;
GIBS Business School;;;;;
GIC Re South Africa Ltd;;;;;
Gidani (Pty) Ltd;;;;;
Gideon Milling (Pty) Ltd;;;;;
Gieami;;;;;
Giesecke and Devrient Currency Technology South Africa (Pty) Ltd;;;;;
Giesecke+Devrient;;;;;
gifa.co.za;;;;;
GIFS;;;;;
Gifttnah;;;;;
Gigajoule Africa (Pty) Ltd;;;;;
Gigajoule International (Pty) Ltd;;;;;
Gigawatt Mozambique SA;;;;;
GIHOC Distilleries Company Ltd;;;;;
Gijima Electronic and Security Systems (Pty) Ltd;;;;;
Gijima Group Ltd;;;;;
Gijima Holdings (Pty) Ltd;;;;;
Gijima IT Services (Pty) Ltd;;;;;
Gilani Group of Companies;;;;;
Gilanis Distributors;;;;;
Gilani's Supermarket;;;;;
Gilat Satcom Nigeria Ltd;;;;;
Gilbarco AFS;;;;;
Gilbarco AFS (Pty) Ltd;;;;;
Gilbarco Inc;;;;;
Gilbeys East Africa Ltd;;;;;
Gildenhuys Malatji Inc;;;;;
Gillian Shepperson;;;;;
Gillis Enterprises (Pty) Ltd;;;;;
Gillwell Taxi Retail Park (Pty) Ltd;;;;;
Giltedge Travel Group (Pty) Ltd;;;;;
GIM UEMOA;;;;;
GIMCO LIMITED;;;;;
Gina of Charles Street (Pty) Ltd;;;;;
gingerstone.co.za;;;;;
Giraffe Clothing CC;;;;;
Giro Commercial Bank Ltd;;;;;
GIS Engineering & Environmental Service Ltd;;;;;
Giuricich Bros Construction (Pty) Ltd;;;;;
Givaudan South Africa (Pty) Ltd;;;;;
GiveDirectly;;;;;
Giyani Metals Corporation;;;;;
giz Kenya;;;;;
Giza General Contracting and Real Estate Investment Company SAE;;;;;
GK Bushveld Farming (Pty) Ltd;;;;;
GK Software SE;;;;;
gkd.co.za;;;;;
GKN Sinter Metals Cape Town (Pty) Ltd;;;;;
GL Events - Oasys Consortium (Pty) Ltd;;;;;
GL Events South Africa (Pty) Ltd;;;;;
Glacier by Sanlam;;;;;
Glacier Financial Holdings (Pty) Ltd;;;;;
Glacier International;;;;;
Glacier Management Company (RF) (Pty) Ltd;;;;;
Glacier Products Limited;;;;;
Glacier Trust (Pty) Ltd;;;;;
GladAfrica Group;;;;;
GladAfrica Group (Pty) Ltd;;;;;
glancier.co.za;;;;;
Glasfit Holdings (Pty) Ltd;;;;;
Glasfit South Africa (Pty) Ltd;;;;;
Glass Industry Employers' Association;;;;;
Glass Recycling Company (Pty) Ltd (The);;;;;
GlaxoSmithKline Algeria SpA;;;;;
GlaxoSmithKline Consumer Nigeria Plc;;;;;
GlaxoSmithKline Export Ltd;;;;;
GlaxoSmithKline Ltd;;;;;
GlaxoSmithKline Maroc SA;;;;;
GlaxoSmithKline SAE;;;;;
Glaxosmithkline South Africa (Pty) Ltd;;;;;
gledho.co.za;;;;;
Gledhow Sugar Company (Pty) Ltd;;;;;
gledhow.co.za;;;;;
Glen Douglas Dolomite (Pty) Ltd;;;;;
Glencarol (Pty) Ltd;;;;;
Glencore Holdings (South Africa) BV;;;;;
Glencore Holdings South Africa (Pty) Ltd;;;;;
Glencore Operations South Africa (Pty) Ltd;;;;;
Glencore Plc;;;;;
Glencore plc;;;;;
Glencore Property Management Company (Pty) Ltd;;;;;
Glendale Sugar (Pty) Ltd;;;;;
Glendore Sand and Stone (Pty) Ltd;;;;;
glendow.co.za;;;;;
Glenfas CC;;;;;
Glenham Investments (Pty) Ltd;;;;;
Glenkey Construction (Pty) Ltd;;;;;
glenore.co.za;;;;;
Glenrand M I B Border-Kei (Pty) Ltd;;;;;
Glenrand M I B Financial Services (Pty) Ltd;;;;;
Glenrand M I B Ltd;;;;;
Glenrand M I B Makgulong (Pty) Ltd;;;;;
Glenrand MIB (Botswana) (Pty) Ltd;;;;;
Glenrand MIB (Mozambique) Corretores De Seguros Lda;;;;;
Glenrand MIB (Namibia) (Pty) Ltd;;;;;
Glenrand MIB Consultants (Pty) Ltd;;;;;
Glenrand MIB Zimbabwe (Pvt) Ltd;;;;;
Glenwood High School;;;;;
GLI Africa (Pty) Ltd;;;;;
GLICO Group;;;;;
GLL Advance Body Repair and Spray CC;;;;;
glm.gov.za;;;;;
Gloat Inc;;;;;
Globacom Ltd;;;;;
Global 2T Group;;;;;
Global Access;;;;;
Global AES;;;;;
Global Airways (Pty) Ltd;;;;;
Global Alliance for Improved Nutrition;;;;;
Global ASP Asset Management Solutions (Pty) Ltd;;;;;
Global ASP Holdings (Pty) Ltd;;;;;
Global ASP Ltd;;;;;
Global ASP Technologies (Pty) Ltd;;;;;
Global Asset Management Ltd;;;;;
Global Aviation Operations (Pty) Ltd;;;;;
Global Cleaning Services (Pty) Ltd;;;;;
Global Coffee Exports Ltd;;;;;
Global Command & Control Technologies;;;;;
Global Communications;;;;;
Global Conferences Africa (Pty) Ltd;;;;;
Global Connect Tele Corporation CC;;;;;
Global Development Incubator;;;;;
Global Edge Technologies (Pty) Ltd;;;;;
Global Equities Administration (Pty) Ltd;;;;;
Global Finance Mauritius;;;;;
Global Forest Products (Pty) Ltd;;;;;
Global Grinders (Pty) Ltd;;;;;
Global Health Corps (GHC);;;;;
Global Independent Administrators (Pty) Ltd;;;;;
Global Innovation Limited;;;;;
Global Internet Access Botswana (Pty) Ltd;;;;;
Global Jewellery Academy;;;;;
Global Kinetic;;;;;
Global Knowledge MEA;;;;;
Global Lead Consulting;;;;;
Global Leadership Network Uganda;;;;;
Global Micro Solutions;;;;;
Global Multi Asset Portfolio Issuer (Pty) Ltd;;;;;
Global Outdoor Systems (Pty) Ltd;;;;;
Global Pacific Produce (South Africa) (Pty) Ltd;;;;;
Global Pact Trading 575 (Pty) Ltd;;;;;
Global Payment Technologies (Pty) Ltd;;;;;
Global Peace Foundation;;;;;
Global Prospectus Development Institute;;;;;
Global Railway Engineering (Pty) Ltd;;;;;
Global Railway International (Pty) Ltd;;;;;
Global Roofing Solutions (Pty) Ltd;;;;;
Global Spectrum Energy Services Plc;;;;;
Global Splicing Technology (Pty) Ltd;;;;;
Global Telecom Holding SAE;;;;;
Global Toys CC;;;;;
Global Value Investment Plan (Pty) Ltd;;;;;
Global Value Investment Plan Tranche 2 (Pty) Ltd;;;;;
Global Village Leisure Retail (Pty) Ltd;;;;;
Global Vision Trading CC;;;;;
Global Windsor Capital Fund Ltd;;;;;
Global Z-Data;;;;;
global.co.za;;;;;
global.komatsu;;;;;
globalaccerelex.com;;;;;
globalprospectus.co.za;;;;;
Globalrange SA (Pty) Ltd;;;;;
Globalstar Satellite Services (Pty) Ltd;;;;;
Globaltrack South Africa;;;;;
Globe Foundry (Pty) Ltd (The);;;;;
Globe Trade Centre SA;;;;;
Globeflight Worldwide Express (SA) (Pty) Ltd;;;;;
Globeleq;;;;;
globrand.co.za;;;;;
GloCell;;;;;
GlossKode Technology Solutions;;;;;
Glot Holdings (Mauritius) Ltd;;;;;
Glot Management Ltd;;;;;
GLPBBBEE - BBBEE Accountants & Auditors;;;;;
Glucode;;;;;
GlucoLab (Pty) Ltd;;;;;
GlueData;;;;;
Glynnview Psychiatry Investments (RF) (Pty) Ltd;;;;;
Glynnview Wellness Centre (Pty) Ltd;;;;;
Glynnwood Hospital Operating Company (Pty) Ltd;;;;;
GM Plats (Pty) Ltd;;;;;
gmai.com;;;;;
gmaik.com;;;;;
gmail.co.za;;;;;
gmaill.com;;;;;
gmaim.com;;;;;
gmal.com;;;;;
gmbacc.co.za;;;;;
gmbmarketing.com;;;;;
GMC Group For Industrial Commercial and Financial Investments SAE;;;;;
Gmeiner Investment Holding (Pty) Ltd;;;;;
gml.mu;;;;;
gmologroup.net;;;;;
GMP Consulting Engineers Ltd;;;;;
GMT Shipping Ghana Ltd;;;;;
GMTC Taxi Rides Company (Pty) Ltd;;;;;
Gnfs;;;;;
GNIC SA (Pty) Ltd;;;;;
Gnu World;;;;;
Go Advertising (Pty) Ltd;;;;;
Go Life International Ltd;;;;;
Go Transit (Pty) Ltd;;;;;
Go2Solve;;;;;
Go-Awaste Management Services (Pty) Ltd;;;;;
Goba (Pty) Ltd;;;;;
Gobal kinetic;;;;;
Gobodo Forensic and Investigative Accounting (Pty) Ltd;;;;;
Goddards Electrical Contractors (Pty) Ltd;;;;;
Godisa Supplier Development Fund (Pty) Ltd;;;;;
Godrej Consumer Products Limited;;;;;
Godrej South Africa (Pty) Ltd;;;;;
Godrich Flour Mills (Pty) Ltd;;;;;
Godstar Engineering Company Ltd;;;;;
Goede Hoop Sitrus (Pty) Ltd;;;;;
Goede Hoop Vrugte (RF) (Pty) Ltd;;;;;
Goedgevonden Coal (Pty) Ltd;;;;;
Goeiehoop Farming (Pty) Ltd;;;;;
goFLUENT;;;;;
gofuseit.com;;;;;
Gogo Go Green Agricultural Co-operative Limited;;;;;
gogs.co.za;;;;;
Gokals-Laborex Ltd;;;;;
GOL Asset Company (Pty) Ltd;;;;;
GOL Finance Company (Pty) Ltd;;;;;
Gold Brands Investments Ltd;;;;;
Gold Circle (Pty) Ltd;;;;;
Gold Coast Matcom Ltd;;;;;
Gold Coast Properties (Pvt) Ltd;;;;;
Gold Fields Ghana Ltd;;;;;
Gold Fields Group Services (Pty) Ltd;;;;;
Gold Fields Ltd;;;;;
Gold Fields Mining;;;;;
Gold Fields of South Africa Ltd;;;;;
Gold Fields Operations Ltd;;;;;
Gold Label Investments (Pty) Ltd;;;;;
Gold Leaf Tobacco Corporation (Pty) Ltd;;;;;
Gold One Africa Ltd;;;;;
Gold One International (Pty) Ltd;;;;;
Gold One Management Services (Pty) Ltd;;;;;
Gold One South Africa (Pty) Ltd;;;;;
Gold Reef City Mint CC;;;;;
Gold Reef Resorts Ltd;;;;;
Gold Reef Speciality Chemicals (Pty) Ltd;;;;;
Gold Shu-Lin Clothing CC;;;;;
Goldbelt Resources West Africa SARL;;;;;
Goldberg and De Villiers Inc;;;;;
Golde Hill Parker Hotel;;;;;
Golden Africa Kenya;;;;;
Golden Arrow Bus Services (Pty) Ltd;;;;;
Golden Coast El Sokhna Company for Touristic Investment SAE;;;;;
Golden Dividend 235 (Pty) Ltd;;;;;
Golden Eagle Enterprise (Pty) Ltd;;;;;
Golden Era Printers and Stationers Bops (Pty) Ltd;;;;;
Golden Fried Chicken (Pty) Ltd;;;;;
Golden Gate Shopping Centres (Pty) Ltd;;;;;
Golden Guinea Breweries Plc;;;;;
Golden Ina;;;;;
Golden Pyramids Plaza SAE;;;;;
Golden Rewards 1557 CC;;;;;
Golden Rim Mali SA;;;;;
Golden Rim Resources Burkina SARL;;;;;
Golden Rim SAR Exploration SARL;;;;;
Golden Spices CC;;;;;
Golden Star (Bogoso/Prestea) Ltd;;;;;
Golden Star (Wassa) Ltd;;;;;
Golden Star Resources Ltd;;;;;
Golden Tattoo Trading 52 (Pty) Ltd;;;;;
Golden Textiles and Clothes Wool SAE;;;;;
Golden Triangle Development Company (Pty) Ltd;;;;;
Golden Web Ltd;;;;;
Goldenglo Candle and Soap Manufacturers (Pty) Ltd;;;;;
Goldenmarc (Pty) Ltd;;;;;
Golder Associates Inc.;;;;;
golder.co.za;;;;;
Goldex 775 (Pty) Ltd;;;;;
Goldfields Logistics (Pty) Ltd;;;;;
Goldfields TVET;;;;;
Golding Mia Kutlwano (Pty) Ltd;;;;;
Goldkeys International (Pty) Ltd;;;;;
Goldline bus;;;;;
Goldline Industries;;;;;
Goldlink Insurance Plc;;;;;
Goldman Medical Centre HQ CC;;;;;
Goldman Sachs International;;;;;
Goldmaster Jewellery (Pty) Ltd;;;;;
Goldquest International Hydraulics SA (Pty) Ltd;;;;;
Goldram Restaurant Company (RF) (Pty) Ltd;;;;;
Goldridge Gold Mining Company (Pty) Ltd;;;;;
Goldrush Gaming Group;;;;;
Goldrush Group Management (Pty) Ltd;;;;;
Goldwagen richards bay;;;;;
Goldwing (Pty) Ltd;;;;;
Golfview Mining (Pty) Ltd;;;;;
Goliath Gold Mining Ltd;;;;;
Goltek Computing;;;;;
Gompela Enterprises CC;;;;;
Gondonetix (Pty) Ltd;;;;;
Gondwana Collection Namibia;;;;;
Good Cap 24 CC;;;;;
Good Hope Brick (Pty) Ltd;;;;;
Good Hope Diamonds (Kimberley) Ltd;;;;;
Good Hope Meat Supply CC;;;;;
Good Hope Palace Hotels (Pty) Ltd;;;;;
Good Hope Studies;;;;;
Good Hope Textile Corporation (Pty) Ltd (The);;;;;
Goodall and Company Funeral Assurance Society (The) (Pty) Ltd;;;;;
Goodbye Malaria Foundation;;;;;
Gooderson Leisure Corporation (Pty) Ltd;;;;;
Goodfellas Barber Lounge;;;;;
Goodlands Associates Ltd;;;;;
Goodlife Pharmacy Africa;;;;;
Goodyear South Africa (Pty) Ltd;;;;;
Goodyear Tyre and Rubber Holdings (Pty) Ltd;;;;;
GoodyearSA;;;;;
Google;;;;;
Google South Africa (Pty) Ltd;;;;;
Goosebumps Distributors (Pty) Ltd;;;;;
Gopher Promotions CC;;;;;
Goplan Homes Civils & Construction;;;;;
GoretteDoria.com;;;;;
Gormanrupp;;;;;
Goscor (Pty) Ltd;;;;;
Goscor Group of Companies;;;;;
Goscor Lift Truck Company (Pty) Ltd;;;;;
Goscor Rental Company (Pty) Ltd;;;;;
GoSolutions;;;;;
Goss & Company (Pty) Ltd;;;;;
Gossaker Investments (Pty) Ltd;;;;;
Gough Aviation (Pty) Ltd;;;;;
Gounden and Gounden CC;;;;;
Gourock Industries Ltd;;;;;
Gouvernement de Maurice;;;;;
gov.ci;;;;;
GOV.UK;;;;;
Govan Mbeki Municipality;;;;;
Govenland Co Ltd;;;;;
Governing Body Foundation (The);;;;;
Govern-IT;;;;;
Government College University Faisalabad;;;;;
Government Employees Medical Scheme;;;;;
Government Employees Medical Scheme (GEMS);;;;;
Government Employees Pension Fund;;;;;
Government Institutions Pension Fund;;;;;
Government of Botswana;;;;;
Government of Lesotho;;;;;
Government of Namibia;;;;;
Government Pensions Administration Agency;;;;;
Government Printing Works;;;;;
Government Technical Advisory Centre;;;;;
gowthpoint.co.za;;;;;
gpaa.gov.za;;;;;
gpfosa.org.za;;;;;
GPS Joint Venture Sarl;;;;;
GPS Tracking Solutions (Pty) Ltd;;;;;
GPT Concrete Products South Africa (Pty) Ltd;;;;;
gpw.gov.za;;;;;
Gqunube Sales and Marketing (Pty) Ltd;;;;;
GR Sutherland & Associates (Pty) Ltd;;;;;
Grabb Uniforms (Pty) Ltd;;;;;
Grace Kennedy Ghana Ltd;;;;;
grace-net.co.za;;;;;
Gracol Solutions (PTY);;;;;
Gradco South Africa (Pty) Ltd;;;;;
Grade 112 Clothing CC;;;;;
Gradidge Mahura Investments;;;;;
Graduate School of Business (Division of The University of Cape Town);;;;;
Graduate Training Institute;;;;;
Grafas Properties CC;;;;;
grafitti.co.za;;;;;
Grafton Furniture Manufacturers (Pty) Ltd;;;;;
Graham Beck Enterprises (Pty) Ltd;;;;;
Grahamstown Brick (Pty) Ltd;;;;;
Grain Carriers;;;;;
Grain South Africa;;;;;
Grainco (Pty) Ltd;;;;;
Grainflo Boerdery (Pty) Ltd;;;;;
Grainflow Investments (Pty) Ltd;;;;;
Grainfoods Bakeries (Pty) Ltd;;;;;
Grainvest Physicals (Pty) Ltd;;;;;
Grand Central Airport (Pty) Ltd;;;;;
Grand Central Airport Investments Share Block (Pty) Ltd;;;;;
Grand Cereals Ltd;;;;;
Grand Gaming Gauteng (RF) (Pty) Ltd;;;;;
Grand Gaming Hotslots (RF) (Pty) Ltd;;;;;
Grand Gaming KwaZulu-Natal (RF) (Pty) Ltd;;;;;
Grand Gaming KZN Slots (RF) (Pty) Ltd;;;;;
Grand Gaming Mpumalanga (RF) (Pty) Ltd;;;;;
Grand Gaming Western Cape (RF) (Pty) Ltd;;;;;
Grand Investment Capital SAE;;;;;
Grand Karavia SPRL;;;;;
Grand Oak Ltd;;;;;
Grand Parade Investments Ltd;;;;;
Grand Reinsurance Company (Pvt) Ltd;;;;;
Grand Skyline Trading (Pty) Ltd;;;;;
Grand Treasurers Ltd;;;;;
Grand Uniforms CC;;;;;
Grandé Verde Zambia;;;;;
grandfoods.co.za;;;;;
Grandmark International (Pty) Ltd;;;;;
Graniti Tecnica (Pty) Ltd;;;;;
Granor Passi (Langkloof) (Pty) Ltd;;;;;
Granor Passi (Pty) Ltd;;;;;
Granor Passi Letsitele (Pty) Ltd;;;;;
Grant Thornton LLP;;;;;
Grant Thornton Nigeria;;;;;
Grant Thornton South Africa (Pty) Ltd;;;;;
Grape Alliance Marketing (Pty) Ltd;;;;;
Grape Company (Pty) Ltd (The);;;;;
Grass ZA (Pty) Ltd;;;;;
Grassroots Group (Pty) Ltd;;;;;
gra-tech.co.za;;;;;
Gravel Karts CC;;;;;
Gravit8;;;;;
Graviton Financial Partners (Pty) Ltd;;;;;
Gray Training;;;;;
GrayfeatherHR;;;;;
Graylink;;;;;
Grays Distilling Ltd;;;;;
Grays Inc Ltd;;;;;
Grayston Elliot (Pty) Ltd;;;;;
GRC Island Share Block (Pty) Ltd;;;;;
grd.co.za;;;;;
Great Basin Gold Ltd;;;;;
Great Dyke Investments;;;;;
Great Kei Local Municipality;;;;;
Great Lakes Logistics (Pty) Ltd;;;;;
Great Nigerian Insurance Plc;;;;;
Great North Transport (SOC) Ltd;;;;;
Great Quest Fertilizer Ltd;;;;;
Great Wall Motors (SA) (Pty) Ltd;;;;;
Great Wall Textile CC;;;;;
GREATDYKE INVESTMENTS;;;;;
Greater Giyani Local Municipality;;;;;
Greater Kokstad Local Municipality;;;;;
Greater Letaba Municipality;;;;;
Greater Tubatse Local Municipality;;;;;
Greater Tzaneen Local Municipality;;;;;
Greatermans Stores (1979) (Pvt) Ltd;;;;;
Greatness electrical store;;;;;
GreatSoft;;;;;
Green Africa;;;;;
Green Building Council of South Africa (The);;;;;
Green Create;;;;;
Green Cross Manufacturers (Pty) Ltd;;;;;
Green Dome Trading CC;;;;;
Green Enterprise Solutions;;;;;
Green Exhibition Services CC;;;;;
Green Flash Prop Ltd;;;;;
Green Gate Property Investments (Pty) Ltd;;;;;
Green Gates Capital (Pty) Ltd;;;;;
GREEN HOME;;;;;
Green Home Products (Pty) Ltd;;;;;
Green Horizon Environment Rehabilitation Company;;;;;
Green Island Milling Ltd;;;;;
Green Mango Investments (Pty) Ltd;;;;;
Green Marble Investments 3 (Pty) Ltd;;;;;
Green Marketing International (Pty) Ltd;;;;;
Green Oak Capital (Pty) Ltd;;;;;
Green Office (Pty) Ltd;;;;;
Green Sweep Consortium (Pty) Ltd;;;;;
Green Tissue (Pty) Ltd;;;;;
Green Willows Properties 177 Share Block (Pty) Ltd;;;;;
Green Willows Properties 284 (Pty) Ltd;;;;;
green4sa.co.za;;;;;
Greenbay Properties Ltd;;;;;
Greenbridge Group (Pty) Ltd;;;;;
GreenCape;;;;;
Greencell;;;;;
Greencom;;;;;
Greenfield Developments Company (Pty) Ltd;;;;;
Greenfields Cafe Holdings CC;;;;;
Greenfields Tea Factory;;;;;
GreenInc (Pty) Ltd;;;;;
Greenlight Planet Kenya Limited;;;;;
Greenlight Solutions;;;;;
Greenpoint Capital;;;;;
Greenpoint Specialised Lending (Pty) Ltd;;;;;
Greensam Investments (Pty) Ltd;;;;;
Greenspoon Kenya;;;;;
Greenspoon Kenya ;;;;;
Greensprings School;;;;;
Greenstar Social Marketing;;;;;
Greg’s Motor Spares;;;;;
Gregory Knitting Mills (Pty) Ltd;;;;;
Greif Nigeria Plc;;;;;
Greif South Africa (Pty) Ltd;;;;;
Grey Advertising Africa (Pty) Ltd;;;;;
Grey East Africa Ltd;;;;;
Grey Group South Africa (Pty) Ltd;;;;;
Grey Guarding (Pty) Ltd;;;;;
Grey High School;;;;;
Grey Jade Trade and Invest 45 (Pty) Ltd;;;;;
Greyhound Coach Lines (Pty) Ltd;;;;;
Greymatter and Finch (Pty) Ltd;;;;;
Greystone Partners Ltd;;;;;
Greystone Trading 1035 CC;;;;;
Greystone Trading 6 CC;;;;;
Greystones Cargo Systems (Pty) Ltd;;;;;
GridCars;;;;;
GridCars (Pty) Ltd;;;;;
Griffin Holdings (Pty) Ltd;;;;;
Grifo Engineering (Pty) Ltd;;;;;
Grifo Foundry CC;;;;;
Grinaker Pieterse Housing (Pty) Ltd;;;;;
Grinaker-LTA Botswana (Pty) Ltd;;;;;
Grinaker-LTA Construction (Zambia) Ltd;;;;;
Grinaker-LTA Construction and Development (Pty) Ltd;;;;;
Grinaker-LTA Fair Construction Sarl;;;;;
Grinaker-LTA International Holdings Ltd;;;;;
Grinaker-LTA Properties (Pty) Ltd;;;;;
Grinding Techniques (Pty) Ltd;;;;;
Grindrod (Mozambique) Lda;;;;;
GRINDROD BANK;;;;;
Grindrod Corridor Management (Pty) Ltd;;;;;
Grindrod Freight Investments (Pty) Ltd;;;;;
Grindrod Freight Services (Pty) Ltd;;;;;
Grindrod Holdings (South Africa) (Pty) Ltd;;;;;
Grindrod Investments (Pty) Ltd;;;;;
Grindrod Limited;;;;;
Grindrod Locomotives (Pty) Ltd;;;;;
Grindrod Ltd;;;;;
Grindrod Management Services (Pty) Ltd;;;;;
Grindrod Mauritius Lda;;;;;
Grindrod Namibia Stevedoring (Pty) Ltd;;;;;
Grindrod Rail Operations (Pty) Ltd;;;;;
Grindrod Securities (Pty) Ltd;;;;;
Grindrod Shipping (South Africa) (Pty) Ltd;;;;;
Grindrod Ships Agencies Namibia (Pty) Ltd;;;;;
Grindrod Trading Lda (Mauritius);;;;;
grindrodbnak.co.za;;;;;
grindrodim.co.za;;;;;
Grindstone Accelerator (Pty) Ltd;;;;;
grintek.com;;;;;
Grit Real Estate Income Group Ltd;;;;;
Gritco (Pty) Ltd;;;;;
Gritty Minds Concepts Limited;;;;;
Grobank;;;;;
Grobir Medical Suppliers (Pty) Ltd;;;;;
GroCapital Financial Services (Pty) Ltd;;;;;
Grodata Systems CC;;;;;
Groeneveld Lubrication Solutions (Pty) Ltd;;;;;
Grohe Dawn Watertech Fitting Division (Pty) Ltd;;;;;
Grohe South Africa (Pty) Ltd;;;;;
Grolsch Brewery;;;;;
Gromor (Pty) Ltd;;;;;
Groot Bokpost Developments (Pty) Ltd;;;;;
Grootdraai Boerdery (Pty) Ltd;;;;;
Grootvlei Proprietary Mines Ltd (The);;;;;
Groovy Gears CC;;;;;
Grosskopff Lombart Huyberechts and Associates CC;;;;;
Grosvenor Tours (Pty) Ltd;;;;;
Groundglass (Pty) Ltd;;;;;
Group 5;;;;;
Group Africa Investments (Pty) Ltd;;;;;
Group Arno;;;;;
Group Five (Botswana) (Pty) Ltd;;;;;
Group Five (Mauritius) Ltd;;;;;
Group Five AP Developments (Pty) Ltd;;;;;
Group Five AP Investments (Pty) Ltd;;;;;
Group Five Brydens and Quomo Property Developments (Pty) Ltd;;;;;
Group Five Burkina Faso SARL;;;;;
Group Five Civil Engineering (Pty) Ltd;;;;;
Group Five Coastal (Pty) Ltd;;;;;
Group Five Construction (Ghana) Ltd;;;;;
Group Five Construction (Pty) Ltd;;;;;
Group Five Construction Ltd (Malawi);;;;;
Group Five Contractors (Namibia) (Pty) Ltd;;;;;
Group Five DRC SPRL;;;;;
Group Five Engineering (Pvt) Ltd;;;;;
Group Five Housing and Projects Development Services (Pty) Ltd;;;;;
Group Five Infrastructure Developments (Pty) Ltd;;;;;
Group Five International Ltd;;;;;
Group Five Ishnana (Pty) Ltd;;;;;
Group Five Lesotho (Pty) Ltd;;;;;
Group Five Ltd;;;;;
Group Five Mining (Pty) Ltd;;;;;
Group Five Motlekar (Pty) Ltd;;;;;
Group Five Oil and Gas (Pty) Ltd;;;;;
Group Five Pipe Joint Venture;;;;;
Group Five Plant and Equipment (Pty) Ltd;;;;;
Group Five Power International (Pty) Ltd;;;;;
Group Five Power Projects Ltd (Nigeria);;;;;
Group Five Property Developments (Pty) Ltd;;;;;
Group Five Sierra Leone Ltd;;;;;
Group Five Strategic Project Developments (Pty) Ltd;;;;;
Group Five Swaziland (Pty) Ltd;;;;;
Group Five Tanzania Ltd;;;;;
Group Five Zambia (Pty) Ltd;;;;;
Group Marketing Services;;;;;
Group Publishing;;;;;
Group R Mining;;;;;
Groupe ARNO Cameroon;;;;;
GROUPE BENLHOU;;;;;
Groupe Bureau Central;;;;;
Groupe Crit;;;;;
Groupe Défis et Stratégies;;;;;
Groupe Industriel SAIDAL SpA;;;;;
Groupe INOVA;;;;;
Groupe Jambo Sprl;;;;;
Groupe Lactalis;;;;;
GROUPE NSIA;;;;;
Groupe OZONE;;;;;
Groupe Prosuma;;;;;
GROUPE SNEDAI;;;;;
Groupe Tikida;;;;;
grouprisk.co.za;;;;;
Grove Group;;;;;
grovo;;;;;
Growanne Pty Ltd;;;;;
Growing Business CC (The);;;;;
GRowing Consulting Africa;;;;;
Growit Trading CC;;;;;
Grown4U (Pty) Ltd;;;;;
Growth in Motion;;;;;
Growthpad  Digital Consulting;;;;;
Growthpoint Properties;;;;;
Growthpoint Properties Ltd;;;;;
Growthpoint TPG (Pty) Ltd;;;;;
Growthstream Consulting;;;;;
grpmeridian.com;;;;;
GRS Southern Africa Tours CC;;;;;
GRUMETI RESERVES;;;;;
Grundfos (Pty) Ltd;;;;;
Grupo Antolin South Africa (Pty) Ltd;;;;;
Grupo UNGA SAC;;;;;
GRW Engineering (Pty) Ltd;;;;;
Gryphon Asset Management (Pty) Ltd;;;;;
Gryphon Collective Investments (RF) (Pty) Ltd;;;;;
GS Investments (Pvt) Ltd;;;;;
GS Power Installations (Pty) Ltd;;;;;
GS Telecom (Pty) Ltd;;;;;
gs2e.ci;;;;;
GSA Campbell;;;;;
gsa.co.za;;;;;
GSI Group Africa (Pty) Ltd (The);;;;;
GSM Trading (South Africa) Pty Ltd;;;;;
GSMA;;;;;
gstech.co.za;;;;;
GTAC - Government Technical Advisory Centre, SA;;;;;
GTC Derivatives (Pty) Ltd;;;;;
GTC Securities (Pty) Ltd;;;;;
GTconsult;;;;;
G-Traxx Equipment & Rental Ltd;;;;;
Gts-Ci;;;;;
gttsolutions.co.za;;;;;
Guano Sales (Cape) (Pty) Ltd;;;;;
Guaranty Trust Bank (Ghana) Ltd;;;;;
Guaranty Trust Bank (Liberia) Ltd;;;;;
Guaranty Trust Bank (Rwanda) Ltd;;;;;
Guaranty Trust Bank (Uganda) Ltd;;;;;
Guaranty Trust Bank Gambia Ltd;;;;;
Guaranty Trust Bank Kenya Ltd;;;;;
Guaranty Trust Bank Plc;;;;;
Guaranty Trust Bank Sierra Leone Ltd;;;;;
Guardian Forensic Services CC;;;;;
Guardiar;;;;;
Guardiar South Africa (Pty) Ltd;;;;;
guardoll.co.za;;;;;
Guardrisk Allied Products and Services (Pty) Ltd;;;;;
Guardrisk Group (Pty) Ltd;;;;;
Guardrisk Insurance Company Ltd;;;;;
Guardrisk Insurance Management Ltd (Mauritius);;;;;
Guardrisk Life International Ltd;;;;;
Guardrisk Life Ltd;;;;;
Guardrisk Life Namibia Ltd;;;;;
Guardvant Sub-Saharan Africa (Pty) Ltd;;;;;
GUD Filters;;;;;
Guelph General Hospital;;;;;
Guerbet South Africa (Pty) Ltd;;;;;
Guilri Consumer Goods Distribution CC;;;;;
Guinea Construction Company Ltd;;;;;
Guinea Insurance Plc;;;;;
Guinness Ghana Breweries Ltd;;;;;
Guinness Nigeria Plc;;;;;
Gulf Africa Marketing (Pty) Ltd;;;;;
Gulf African Bank Ltd;;;;;
Gulf Canadian Company for Arab Real Estate Investment SAE;;;;;
Gulf Contract Labour Hire-Cape;;;;;
Gulf Drug Company (Pty) Ltd;;;;;
Gulf Energy;;;;;
Gulf Energy Kenya;;;;;
Gulf Energy SA (Pty) Ltd;;;;;
Gulf Steel (Pty) Ltd;;;;;
Gulf Steel (Welkom) (Pty) Ltd;;;;;
Gulfstream Energy (Pty) Ltd;;;;;
Gulprops Investments (Pty) Ltd;;;;;
Guma Group (Pty) Ltd;;;;;
Gumtree South Africa;;;;;
Gundle Plastics Group (Pty) Ltd;;;;;
Gundo Resources (Pty) Ltd;;;;;
Gunnebo South Africa (Pty) Ltd;;;;;
Gunric Valve Manufacturing (Pty) Ltd;;;;;
GUPCO;;;;;
Guti;;;;;
gutridge.co.za;;;;;
Gutsche Components (Pty) Ltd;;;;;
Gutsche Family Investments (Pty) Ltd;;;;;
Gutsche Investment and Management Company (Pty) Ltd;;;;;
Guule;;;;;
Guvon Academy;;;;;
Guvon Hotels & Spas;;;;;
Guy Carpenter and Company (Pty) Ltd;;;;;
gvhv.com;;;;;
gvk.co.za;;;;;
GVK-Siyazama Construction;;;;;
gvpm.co.za;;;;;
Gwen To Oxford 2 (Pty) Ltd;;;;;
Gwen To Oxford 3 (Pty) Ltd;;;;;
GWK Beperk Limited;;;;;
GWK Vleis Meat (Pty) Ltd;;;;;
Gym;;;;;
Gyro Group;;;;;
GZ Industries;;;;;
H and M Roller Technologies (Pty) Ltd;;;;;
H C Heat Exchangers (Pty) Ltd;;;;;
H G Molenaar and Company (Pty) Ltd;;;;;
H H Durrheim (Pty) Ltd;;;;;
H Investments No 219 (Pty) Ltd;;;;;
H M E Golfing Enterprises (Pty) Ltd;;;;;
H Pistorius and Co (Pty) Ltd;;;;;
H Savy Insurance Company Ltd;;;;;
H Systems;;;;;
H&I Engineering;;;;;
H&M;;;;;
H&M South Africa;;;;;
H2C AFRICA;;;;;
H42 Property Administrators (Pty) Ltd;;;;;
Habesha Breweries S.C.;;;;;
Habesha Cement Share Company;;;;;
Habesha Construction Materials and Development SC;;;;;
Habib Overseas Bank Ltd;;;;;
Haco Industries Kenya Limited;;;;;
Haco Industries Kenya Ltd;;;;;
hagen.co.za;;;;;
Haggar Group;;;;;
Hagglunds Drives South Africa (Pty) Ltd;;;;;
Hai Telecommunications Ltd;;;;;
Hailo-Dar Boerdery Projekte (Pty) Ltd;;;;;
Hain Lifescience SA;;;;;
Halewood;;;;;
Half Angel Trading CC;;;;;
Hall Longmore (Pty) Ltd;;;;;
Halliburton;;;;;
Hall's Retail;;;;;
Halo Communications South Africa;;;;;
Halo Media CC;;;;;
Halogen;;;;;
Hambly Howard Properties (Pty) Ltd;;;;;
Hamburg Süd Group;;;;;
Hamilton Airship Company (Pty) Ltd (The);;;;;
Hamilton Brands (Pty) Ltd;;;;;
Hamilton Brush (Pty) Ltd;;;;;
Hamilton Meat Carriers (Pty) Ltd;;;;;
Hamilton Russell South Africa (Pty) Ltd;;;;;
Hammer Street Investments (Pty) Ltd;;;;;
Hammerson Plc;;;;;
Hammertone Fuels (Pty) Ltd;;;;;
Hammond Pole Attorneys;;;;;
Hampton Sportswear (Pty) Ltd;;;;;
Hamsa Consulting Engineers;;;;;
Hand in Hand Eastern Africa;;;;;
handl.co.za;;;;;
HandR South Africa (Pty) Ltd;;;;;
handsonproductions.co.za;;;;;
Hanes South Africa (Pty) Ltd;;;;;
Hangerpro (Pty) Ltd;;;;;
Hannah Viviers Media;;;;;
Hannah Way Concept Limited;;;;;
Hannibal Lease SA;;;;;
Hannover Life Reassurance Africa Ltd;;;;;
Hannover Reinsurance Africa Ltd;;;;;
Hannover Reinsurance Group Africa (Pty) Ltd;;;;;
hannover-re.co.za;;;;;
Hanrico CC;;;;;
Hans Merensky Holdings (Pty) Ltd;;;;;
Hansa Brauerei (Pty) Ltd;;;;;
Hansa Flex (SA) (Pty) Ltd;;;;;
hansoldt.com;;;;;
Hanspaul Group;;;;;
Hantam Reklame Vereniging;;;;;
Hapag-Lloyd Africa (Pty) Ltd;;;;;
Happy and sun;;;;;
Haram for Transpiration Tourism S.A.E;;;;;
Haram Transportation Company S.A.E;;;;;
Harambe Technology;;;;;
Harambee;;;;;
Harambee Sacco;;;;;
Harambee Youth Development;;;;;
Harbour Cruise Ltd;;;;;
Harbridge Hotel (Pty) Ltd;;;;;
Harcliff Mining Services (Pty) Ltd;;;;;
Harcourts Real Estate SA;;;;;
Harding Bakery (Pty) Ltd;;;;;
Harding Liquors (Pty) Ltd;;;;;
Hardware Warehouse Ltd;;;;;
Hardy Boys (Pty) Ltd (The);;;;;
Harefield Industrial Nigeria Ltd;;;;;
Harel Mallac & Company Ltd;;;;;
Harel Mallac (Tanzania) Ltd;;;;;
Harel Mallac Aviation Ltd;;;;;
Harel Mallac Bureautique Ltd;;;;;
Harel Mallac Distribution SARL;;;;;
Harel Mallac Engineering Ltd;;;;;
Harel Mallac Export Ltd;;;;;
Harel Mallac International Ltd;;;;;
Harel Mallac Leasing Ltd;;;;;
Harel Mallac Technologies Ltd;;;;;
Harel Mallac Travel & Leisure Ltd;;;;;
Hargraves Library Service (Pty) Ltd;;;;;
hargraves.co.za;;;;;
Hariss International;;;;;
Hariss International Ltd.;;;;;
Harith General Partners (Pty) Ltd;;;;;
Harith Investment Partners (Pty) Ltd;;;;;
Harlequin Duck Properties 204 (Pty) Ltd;;;;;
Harlequin Paint CC;;;;;
Harley-Davidson Africa (Pty) Ltd;;;;;
Harley's Ltd;;;;;
Harmony Gold Mining Company Ltd;;;;;
Harrack Automotive Air-Conditioning (Pty) Ltd;;;;;
Harrison and White Investments (Pty) Ltd;;;;;
Harry Gwala District Municipality;;;;;
Harsco Infrastructure South Africa (Pty) Ltd;;;;;
Harsco Metals South Africa (Pty) Ltd;;;;;
Harsco Metals SRH Mill Services (Pty) Ltd;;;;;
Harsco Metals SteelServ (Pty) Ltd;;;;;
Hart Homeware;;;;;
Hartebeestfontein Gold Mining Company Ltd;;;;;
Hartenberg Wine Estate;;;;;
HARTMANN-Vitamed (Pty) Ltd;;;;;
HartWood;;;;;
Haruya Soga Trading (Pty) Ltd;;;;;
Harvard Business Publishing;;;;;
Harvard University;;;;;
Harven Manufacturing Co (Pvt) Ltd;;;;;
Harvest Vale (Pty) Ltd;;;;;
Harvey Roofing Products (Pty) Ltd;;;;;
Harvey World Travel Southern Africa (Pty) Ltd;;;;;
has.co.za;;;;;
hasanet.co.za;;;;;
Hasbah Kenya;;;;;
Hashi Energy (Zimbabwe);;;;;
HASLAC;;;;;
Hass Petroleum (Kenya) Ltd;;;;;
Hatch Africa (Pty) Ltd;;;;;
Hatch Ltd;;;;;
Hatch Talent Solutions (Zimbabwe);;;;;
hatchery.earth;;;;;
Hatfield Christian School;;;;;
Hatfield Motors CC;;;;;
Hatfield VW Melrose;;;;;
Hathanay Investments (Pvt) Ltd;;;;;
Hausladen Fruchthandelsgesellschaft mbH;;;;;
Haute Performance (Pty) Ltd;;;;;
Haval Motors South Africa;;;;;
Have2Have Online Sales (Pty) Ltd;;;;;
Haven Way Invest (Pty) Ltd;;;;;
HaveYouHeard;;;;;
Haw and Inglis Civil Engineering (Pty) Ltd;;;;;
Hawker Siddeley Electric Africa (Pty) Ltd;;;;;
Hawk's Landing Investments 16 (Pty) Ltd;;;;;
HayGroup;;;;;
Haygrove (Pty) Ltd;;;;;
Haygrove Heaven;;;;;
Hazel Food CC;;;;;
Hazera Seeds South Africa (Pty) Ltd;;;;;
Hazra Properties (Two) (Pty) Ltd;;;;;
hbc.co.za;;;;;
HBS Aluminium Systems (Pty) Ltd;;;;;
HBZ Bank Ltd;;;;;
hc.co.za;;;;;
hcafrica.com;;;;;
HCI Invest3 Holdco (Pty) Ltd;;;;;
HCI Invest6 Holdco (Pty) Ltd;;;;;
HCI Treasury (Pty) Ltd;;;;;
hcicoal.co.za;;;;;
HCL;;;;;
HCL Axon (Pty) Ltd;;;;;
HCL Technologies South Africa (Pty) Ltd;;;;;
hcmaf.com;;;;;
hcmsa.co.za;;;;;
hcol.co.za;;;;;
HCS Affiliates Group;;;;;
HDI Global SA Ltd;;;;;
HDI Group;;;;;
Headboy Industries (Pty) Ltd;;;;;
Healing Hands Academy (Pty) Ltd;;;;;
Health & Other Services Personnel Trade Union of South Africa;;;;;
Health Adventures (Pty) Ltd;;;;;
Health and Welfare Sector Education and Training Authority;;;;;
Health Products Association of Southern Africa;;;;;
Health Professions Council of South Africa (The);;;;;
Health Strategic Inv Ltd;;;;;
Health System Technologies (Pty) Ltd;;;;;
Health Systems Trust;;;;;
HealthActiv;;;;;
Healthbridge;;;;;
HealthCare;;;;;
Healthcare Management Services (Pty) Ltd;;;;;
Healthcor (Pty) Ltd;;;;;
Healthi Choices;;;;;
HealthInSite;;;;;
healthix.co.ke;;;;;
HealthStrat;;;;;
Healthy Learners;;;;;
healthytransport.co.za;;;;;
Healy World;;;;;
Heartland Foods (Pty) Ltd;;;;;
Heartwood Properties Ltd;;;;;
Heat Gas (Pty) Ltd (Botswana);;;;;
Heavy Hauliers (Pvt) Ltd;;;;;
Heckett MultiServ (FS) (Pty) Ltd;;;;;
Hedgehog Capital (Pty) Ltd;;;;;
Hedgeley Investments (Pty) Ltd;;;;;
HEE Panelbeaters CC;;;;;
Heidelberg 1-Stop (Pty) Ltd;;;;;
Heidelberg Graphic Systems Southern Africa (Pty) Ltd;;;;;
Heidelberg Materials Egypt;;;;;
Heiden Grimaud (Africa) Ltd;;;;;
Heiden Grimaud Asset Management (Pty) Ltd;;;;;
Heiden Grimaud Insurance Brokers (Pty) Ltd;;;;;
HEIDENHAIN;;;;;
Heidi De Jager;;;;;
Heifer International Kenya;;;;;
Heineken;;;;;
Heineken Beverages South Africa (Pty) Ltd;;;;;
Heineken Breweries S.C.;;;;;
Heineken South Africa (Pty) Ltd;;;;;
Heinemann Publishers (Pty) Ltd;;;;;
Heirs Insurance Group;;;;;
Hela Construction Plc;;;;;
Helam Mining (Pty) Ltd;;;;;
Helderberg College;;;;;
Helen Lucre Resourcing;;;;;
Helicam;;;;;
Heliopolis Company for Housing and Development SAE;;;;;
Helios Investment Partners LLP;;;;;
Helios Towers Africa Ltd;;;;;
heliosits;;;;;
Hella Automotive South Africa (Pty) Ltd;;;;;
HellermannTyton (Pty) Ltd;;;;;
Hellmann Worldwide Logistics;;;;;
Hellmann Worldwide Logistics (Pty) Ltd;;;;;
Hellmann Worldwide Logistics SE & Co. KG;;;;;
Hello Computer;;;;;
Hello Group;;;;;
Hello Group  Pty Ltd;;;;;
HelloCoach;;;;;
Helukabel SA (Pty) Ltd;;;;;
Helwan Bags Company SAE;;;;;
Helwan Cement Company SAE;;;;;
Hematec Investment Ltd;;;;;
Hemingways Lifestyle Centre (Pty) Ltd;;;;;
Hemingways Shopping Centre (Pty) Ltd;;;;;
Hemisphere Consult;;;;;
HemoCue;;;;;
HemoCue South Africa (Pty);;;;;
HEMSLenmed1;;;;;
Henbase 3565 (Pty) Ltd;;;;;
Hendev (Pty) Ltd;;;;;
Heneways Freight Services (Pty) Ltd;;;;;
Henkel Kenya Ltd;;;;;
Henkel South Africa (Pty) Ltd;;;;;
Henkel Technologies (Pty) Ltd;;;;;
HENKES NOLTE IRONSIDE ATTORNEYS;;;;;
Henley Business School, Africa;;;;;
Hennie Stoetery (Pty) Ltd;;;;;
Henque 3386 CC;;;;;
Henque 4121 CC;;;;;
Henred Fruehauf (Pty) Ltd;;;;;
Henry Gould (Pty) Ltd;;;;;
HENSOLDT Optronics (Pty) Ltd;;;;;
Hentiq 2517 (Pty) Ltd;;;;;
Hentiq 2816 (Pty) Ltd;;;;;
her.co.za;;;;;
Heraeus Electro-Nite (Pty) Ltd;;;;;
Heraeus South Africa (Pty) Ltd;;;;;
Heraut Publiseerders (Pty) Ltd;;;;;
Herba Zone (Pty) Ltd;;;;;
Herbalife International South Africa Ltd;;;;;
Herbert Smith Freehills;;;;;
Hercules Cold Storage (Pty) Ltd;;;;;
Hereford Group;;;;;
Hereford Risk Management Services;;;;;
Heriot Properties (Pty) Ltd;;;;;
Heriot REIT Ltd;;;;;
Heritage Hotels;;;;;
Heritage Insurance Company (Tanzania) Ltd (The);;;;;
Heritage Railway Association of Southern Africa;;;;;
heritagemanagement.co.ke;;;;;
Hermans and Roman Property Solutions (Pty) Ltd;;;;;
Hermans Truck Accident Repairs;;;;;
Hermanus Clothing Manufacturing (Pty) Ltd;;;;;
Hermes;;;;;
Hermes Ship Chandler;;;;;
Hermis Transport Sprl;;;;;
Hermon Mozambique Lda;;;;;
Hernic Ferrochrome (Pty) Ltd;;;;;
Hero Nutritional Food Industries SAE;;;;;
Hero Telecoms (Pty) Limited;;;;;
HeronBridge College;;;;;
Herschel Association;;;;;
Hersol Manufacturing Laboratories (Pty) Ltd;;;;;
Hertex;;;;;
Hertz Rent a Car South Africa;;;;;
Herwieka CC;;;;;
Herzlia;;;;;
HESED Learning & Development Ltd;;;;;
Hessequa Abattoir (Pty) Ltd;;;;;
Hessequa Municipality;;;;;
Hesto Harnesses (Pty) Ltd;;;;;
Hetzner (Pty) Ltd;;;;;
Heunis Steel (Pty) Ltd;;;;;
Hewitt + Associates;;;;;
Hewlett-Packard South Africa (Pty) Ltd;;;;;
HF Administrative Services Ltd;;;;;
HF Development and Investment Ltd;;;;;
HF Group;;;;;
HF Group Plc;;;;;
HF Insurance Agency Ltd;;;;;
HF Investments Ltd;;;;;
HFC Bank (Ghana) Ltd;;;;;
HFC Ltd;;;;;
hfcfin.co.za;;;;;
HFP Engineering (Nigeria) Ltd;;;;;
HGF Plate Heat Exchangers (Pty) Ltd;;;;;
HHO Consulting Engineers;;;;;
Hi Fi & Electrical Warehouse (Pty) Ltd;;;;;
Hiab (Pty) Ltd;;;;;
hiachi-powergrids.com;;;;;
Hibiscus Coast Municipality;;;;;
High Fert (Pty) Ltd;;;;;
High power Equipment Africa (Pty) Ltd;;;;;
High Pressure Systems CC;;;;;
High River Gold Exploration Burkina SARL;;;;;
high5clothing.co.za;;;;;
Highbury Media (Pty) Ltd;;;;;
Highbury Preparatory School;;;;;
Higher Education Commission;;;;;
Higher Education Loan Board (HELB);;;;;
Higher Education Loans Board;;;;;
Highland Night Investments 93 (Pty) Ltd;;;;;
Highlands Drinks Limited;;;;;
Hightech Payment Systems S.A.;;;;;
Highway Business Park Property Association;;;;;
Highway Group (Pty) Ltd;;;;;
Highway Mail (Pty) Ltd (The);;;;;
Highway Printers (Pty) Ltd;;;;;
HIK Abalone Farm (Pty) Ltd;;;;;
Hileya - Management Consulting;;;;;
HIL-HOW Investments (Pty) Ltd;;;;;
Hill and Knowlton Strategies (South Africa) (Pty) Ltd;;;;;
Hillary Construction (Pty) Ltd;;;;;
Hillcrest Private Hospital (Pty) Ltd;;;;;
Hillcrest Retirement Country Estate (Pty) Ltd;;;;;
Hillebrand;;;;;
Hillebrand Kenya Limited;;;;;
Hill-Rom Holdings, Inc.;;;;;
Hillside Aluminium (Pty) Ltd;;;;;
Hilltop Asset Management (Pty) Ltd;;;;;
Hilti (South Africa) (Pty) Ltd;;;;;
Hilti Inc;;;;;
Hilton College;;;;;
Hilton Worldwide;;;;;
Hilton Worldwide Holdings Inc.;;;;;
Hima Cement Ltd;;;;;
Himalayas Trading (Pty) Ltd;;;;;
Hino South Africa;;;;;
Hinterland SA (Pty) Ltd;;;;;
Hiperdist;;;;;
Hippo Communications;;;;;
Hippo Comparative Services (Pty) Ltd;;;;;
Hippo Valley Estates Ltd;;;;;
Hi-Q Automotive (Pty) Ltd;;;;;
Hire All (Pty) Ltd;;;;;
Hire Solution (Pty) Ltd (The);;;;;
Hirschs;;;;;
Hirsch's Homestore;;;;;
Hirt and Carter (Pty) Ltd;;;;;
Hirt and Carter (South Africa) (Pty) Ltd;;;;;
Hirt and Carter Software Solutions (Pty) Ltd;;;;;
Hirtandcartergroup;;;;;
Hisense SA Sales Holdings (Pty) Ltd;;;;;
Historic Wines of the Cape (Pty) Ltd;;;;;
Historical Homes of South Africa Ltd;;;;;
Hitachi Construction Machinery Africa (Pty) Ltd;;;;;
Hitachi Construction Machinery Southern Africa Co (Pty) Ltd;;;;;
Hitachi Data Systems;;;;;
Hitachi Energy;;;;;
Hitachi Energy South Africa (Pty) Ltd;;;;;
Hitachi Power Africa;;;;;
Hitachi Vantara (Pty) Ltd;;;;;
Hitachi Zambia;;;;;
hitachi-powergrids.com;;;;;
Hitch Digital;;;;;
Hi-Tec Sports Distributors (Pty) Ltd;;;;;
Hi-Tec Sports S A (Pty) Ltd;;;;;
Hitech Construction Company Ltd;;;;;
Hi-Tech Lifts CC;;;;;
Hi-Tech Recruitment;;;;;
Hivcare International (Pty) Ltd;;;;;
HJS Blinds CC;;;;;
HKLM;;;;;
HKLM Living Lab;;;;;
HL Hall and Sons (Pty) Ltd;;;;;
Hlabisa Local Municipality;;;;;
Hlano Financial Services (Pty) Ltd;;;;;
Hlano Investments (Pty) Ltd;;;;;
Hlayisani Capital;;;;;
Hlconsulting;;;;;
Hli;;;;;
Hlokoloza Trading Agricultural Primary Co-operative Limited;;;;;
Hluhluwe Forestry Supplies (Pty) Ltd;;;;;
Hlumisa Industries;;;;;
Hlumisa Investment Holdings (RF) (Pty) Ltd;;;;;
Hlwekisa Property Services (Pty) Ltd;;;;;
HM Secretaries Ltd;;;;;
Hmail.com;;;;;
HMTS Motors CC;;;;;
HN Wenhold;;;;;
HNE Belleggings (Pty) Ltd;;;;;
Hnsgh;;;;;
Hobbs Sinclair;;;;;
Hoboyi and Associates CC;;;;;
HOCODECO;;;;;
Hoedspruit Platinum Exploration (Pty) Ltd;;;;;
Hoedspruit Platinum Holdings (Pty) Ltd;;;;;
Hoffmann International (Pty) Ltd;;;;;
Hoffmann Power (Pty) Ltd;;;;;
Hofmeyr Herbstein and Gihwala Inc;;;;;
Hogan Lovells (South Africa) Inc;;;;;
Hogarth Worldwide South Africa (Pty) Ltd;;;;;
Hoist-Tec (Pty) Ltd;;;;;
Holcim (Maroc) SA;;;;;
Holcim Limited;;;;;
holding.co.za;;;;;
Holdsport Ltd;;;;;
Hole-In-The-Wall Shareblock Ltd;;;;;
HOLIDAY BUNGALOWS CO. LTD;;;;;
HOLIDAY BUNGALOWS CO. LTD.;;;;;
Holiday Inn Accra Airport;;;;;
Holiday Inn Mauritius Airport;;;;;
Holistics Remedies (Pty) Ltd;;;;;
Hollard Insurance Company Ltd (The);;;;;
Hollard Life Assurance Company Ltd;;;;;
Hollard Life Insurance Botswana;;;;;
Hollard Life Namibia Ltd;;;;;
Hollard Mozambique;;;;;
Hollardnam;;;;;
Hollyberry Props 54 (Pty) Ltd;;;;;
Hollyland CC;;;;;
Hollyrood Investments (Pty) Ltd;;;;;
Hollywood Sportsbook Holdings;;;;;
Hologram HIDS;;;;;
Holomatrix;;;;;
Holstein Meats (Pty) Ltd;;;;;
Holtan East Africa Ltd;;;;;
Holy Rosary School;;;;;
HolyCow;;;;;
Holystic Approach;;;;;
Home;;;;;
Home Afrika Ltd;;;;;
Home Loan Guarantee Company;;;;;
Home Obligors Mortgage Enhanced Securities (RF) Ltd;;;;;
Home of Cut Rag (Pty) Ltd;;;;;
Home of Living Brands (Pty) Ltd;;;;;
Home of Living Brands Group Ltd;;;;;
Home of Origin Wine South Africa (Pty) Ltd;;;;;
Home Property (Pty) Ltd;;;;;
Homebrew Film Company (Pty) Ltd;;;;;
HomeChoice (Pty) Ltd;;;;;
HomeChoice Holdings Ltd;;;;;
HomeChoice International Plc;;;;;
HomeChoice Property Company (Pty) Ltd;;;;;
Homecoming Revolution;;;;;
Homeland Coal Mining SA (Pty) Ltd;;;;;
Homemakers Expo (Pty) Ltd;;;;;
Homemark (Pty) Ltd;;;;;
Homemed (Pty) Ltd;;;;;
Homsek (Pty) Ltd;;;;;
Homsek Ultra (Pty) Ltd;;;;;
Honda Motor Southern Africa (Pty) Ltd;;;;;
Honest Chocolate CC;;;;;
Honey Dew Farm (Pvt) Ltd;;;;;
Honey Ventures (Pty) Ltd;;;;;
Honeycomb BEE Ratings (Pty) Ltd;;;;;
honeycombsa.co.za;;;;;
Honeydew Dairies (Pty) Ltd;;;;;
HoneyGuide;;;;;
Honeywell Algeria;;;;;
Honeywell Automation and Control Solutions South Africa (Pty) Ltd;;;;;
Honeywell Europe NV (Corporate);;;;;
Honeywell Flour Mills Plc;;;;;
Honeywell Kenya;;;;;
Honeywell Southern Africa (Pty) Ltd;;;;;
Honeywell Superfine Foods Ltd;;;;;
Hong Yu Trading CC;;;;;
Hoopers Volkswagen;;;;;
Hopefield Wind Farm Local Community Company;;;;;
HopSol Solar Power (Namibia);;;;;
Horatio Properties Ltd;;;;;
Hords Ltd;;;;;
Horizon Fresh Fruit Export (Pty) Ltd;;;;;
Horizon Plantations Plc;;;;;
Hornby Farms CC;;;;;
Horsley's Marketing Services CC;;;;;
Horticultural Promotion Council of Zimbabwe;;;;;
Hortors SA;;;;;
Hortors Stationery;;;;;
Hortors Stationery (Pty) Ltd;;;;;
Horus Lte;;;;;
Horwath Dafinone;;;;;
Horwath in Southern Africa (Pty) Ltd;;;;;
hosaf.co.za;;;;;
Hosken Consolidated Investments Ltd;;;;;
Hosken Passenger Logistics and Rail Ltd;;;;;
Hosmed Medical Aid Scheme;;;;;
Hospital Association of South Africa;;;;;
Hospitality Industrial & Commercial Underwriting Managers (Pty) Ltd;;;;;
Hospitality Industry and Allied Workers Union;;;;;
Hospitality Partners Association of South Africa;;;;;
Hospitality Property Fund Ltd;;;;;
Hospitality, Catering and Farm Workers Union;;;;;
Hospitality, Industrial, Catering, Retail & Allied Workers Union;;;;;
Hostco (Pty) Ltd;;;;;
Hot Dip Galvanizers Association of Southern Africa;;;;;
Hot Dog Cafe (Pty) Ltd;;;;;
Hot October (Pty) Ltd;;;;;
Hot Sugar Style (Pty) Ltd;;;;;
Hotazel Manganese Mines (Pty) Ltd;;;;;
Hotel Amenities Suppliers;;;;;
Hotel Amenities Suppliers (Pty) Ltd;;;;;
Hotel Boulevard (Pty) Ltd;;;;;
Hotel Cardoso Sarl;;;;;
Hotel Company (Pty) Ltd (The);;;;;
Hotel Lima Whiskey CC;;;;;
Hotel Verde (Pty) Ltd;;;;;
Hotel, Liquor, Catering, Commerical and Allied Workers of South Africa;;;;;
Hotelest Ltd;;;;;
Hotelserve Holdings (Pvt) Ltd;;;;;
Hotpoint Appliances Limited;;;;;
House of Aloes (Pty) Ltd (The);;;;;
House of Busby (Pty) Ltd (The);;;;;
House of Hemp (Pty) Ltd;;;;;
House of Monatic (Pty) Ltd;;;;;
House of Print;;;;;
House of the Brave (Pty) Ltd;;;;;
HouseCheck Home Inspections;;;;;
Housing and Development Bank SAE;;;;;
Housing Development Agency;;;;;
Housing Finance Bank;;;;;
Housing Finance Bank Uganda;;;;;
Housing Finance Kenya;;;;;
Housing For HIV;;;;;
Housing Investment Partners (Pty) Ltd;;;;;
Hove.co.za;;;;;
Howden Africa (Pty) Ltd;;;;;
Howden Africa Holdings Ltd;;;;;
Howden Donkin (Pty) Ltd;;;;;
Howden Group South Africa Ltd;;;;;
Howden Projects (Pty) Ltd;;;;;
Howick Private Hospital (Pty) Ltd;;;;;
Howick Private Hospital Holdings Ltd;;;;;
Howie-Parker Investments (Pty) Ltd;;;;;
Hozzie's Plant Hire CC;;;;;
HP Labelling (Pty) Ltd;;;;;
HP South Africa (Pty) Ltd;;;;;
HPF Properties (Pty) Ltd;;;;;
HPZ Ltd;;;;;
HR Focus;;;;;
HR Future;;;;;
HR Planning;;;;;
HR Solutions for Tomorrow (Pty) Ltd;;;;;
HR Synthesis;;;;;
HR Talent Partner;;;;;
HR Xchange;;;;;
HRBEE Training (Pty) Ltd;;;;;
hrcel.com;;;;;
Hrdee;;;;;
HRG Rennies Travel & Foreign Exchange Malawi (Pty) Ltd;;;;;
HRG Rennies Zimbabwe (Pty) Ltd;;;;;
HRMOFFICE LTD;;;;;
HRworks;;;;;
HSA Debt Solutions (Pty) Ltd;;;;;
HSBC;;;;;
HSBC Bank Plc;;;;;
HSBC Group Management Services Limited;;;;;
HSBC INSURANCE;;;;;
HSCL;;;;;
HSRC Press (Division of Human Sciences Research Council);;;;;
HTC Stores (Pty) Ltd;;;;;
HTN Towers Ltd;;;;;
HTT Properties CC;;;;;
Huawei Kenya;;;;;
Huawei Mobile Zimbabwe;;;;;
Huawei Technologies Africa (Pty) Ltd;;;;;
Huawei Technologies Co. Ltd (Ghana);;;;;
Huawei Technologies Investment Co Ltd;;;;;
Huawei Technologies South Africa (Pty) Ltd;;;;;
huaxincom.com;;;;;
Huber Technology (Pty) Ltd;;;;;
Hubers CC;;;;;
HubSpot, Inc.;;;;;
Hudaco;;;;;
Hudaco Industries Ltd;;;;;
Hudaco Investment Company (Pty) Ltd;;;;;
Hudaco Trading (Pty) Ltd;;;;;
Hudson Park Schools;;;;;
Hudson Rubber Company (Pty) Ltd;;;;;
Huge Connect (Pty) Ltd;;;;;
Huge Group Ltd;;;;;
Huge Telecom (Pty) Ltd;;;;;
Hugo&Venter;;;;;
Huguenot Fine Chocolates CC;;;;;
Huguenot Investments (Pty) Ltd;;;;;
Huhtamaki South Africa (Pty) Ltd;;;;;
Hulamin;;;;;
Hulamin Extrusions (Pty) Ltd;;;;;
Hulamin Ltd;;;;;
Hulamin Operations (Pty) Ltd;;;;;
Hulamin Systems (Pty) Ltd;;;;;
Hulisani Ltd;;;;;
Hull Blyth Ghana Ltd;;;;;
Human Alliance Consulting;;;;;
Human Capital Advisory;;;;;
Human Capital Business Solutions;;;;;
Human Capital Life Coaching & Consulting;;;;;
Human Communications;;;;;
Human Resources Professional's Society- Botswana;;;;;
Human Sciences Research Council;;;;;
Humanix;;;;;
Humansdorpse Kooperasie Bpk (Die);;;;;
Humble Beginnings My Glass (Pty) Ltd;;;;;
Humming Learn;;;;;
Humulani Marketing (Pty) Ltd;;;;;
Hungry Lion;;;;;
Hunter Douglas (SA) (Pty) Ltd;;;;;
Huntley Holdings (Pty) Ltd;;;;;
Huntley Media Services (Pty) Ltd;;;;;
Huntsman P and A Africa (Pty) Ltd;;;;;
Hunyani Forests Ltd;;;;;
Hunyani Management & Secretarial Services (Pvt) Ltd;;;;;
Hunyani Paper and Packaging (Pvt) Ltd;;;;;
Hunyani Properties Ltd;;;;;
hurbans.com;;;;;
Hurter's City Taxis CC;;;;;
Husqvarna Motorcycles SA (Pty) Ltd;;;;;
Hussar Grill Advertising (Pty) Ltd (The);;;;;
Hutchings Biemer Ltd ;;;;;
Hutchison Port Holdings Trust;;;;;
Hutech International Group;;;;;
Huvest People Solutions Pty;;;;;
Huvitz Optics CC;;;;;
HV Test;;;;;
Hwange Colliery Company Limited;;;;;
Hwange Colliery Company Ltd;;;;;
HWFRL Investments Ltd;;;;;
Hyatt Hotels Corporation;;;;;
Hybrid Automation CC;;;;;
Hybrid Poultry Farm (Z) Limited;;;;;
Hychem (Pty) Ltd;;;;;
Hydac;;;;;
Hydra-Arc (Pty) Ltd;;;;;
Hydraform International (Pty) Ltd;;;;;
Hydrex (Pty) Ltd;;;;;
Hydrobox Kenya Limited;;;;;
hydroboxkenya.com;;;;;
Hydrocylinder (SA) (Pty) Ltd;;;;;
Hyflo Southern Africa;;;;;
Hygen Power S A (Pty) Ltd;;;;;
Hygiene Products Ltd;;;;;
Hyhold;;;;;
Hyland Software;;;;;
Hylton Ross Tours (Pty) Ltd;;;;;
Hyperclear Holdings SA (Pty) Ltd;;;;;
Hyperli (Pty) Ltd;;;;;
HyperOne;;;;;
Hyper-Psaro Sarl;;;;;
Hyphen Technology (Pty) Ltd;;;;;
hypower.co.za;;;;;
Hyprop Investments Ltd;;;;;
Hysacam;;;;;
Hytec Afripower;;;;;
Hytec Engineering (Pty) Ltd;;;;;
Hyundai Automotive Namibia (Pty) Ltd;;;;;
Hyundai Automotive South Africa (Pty) Ltd;;;;;
Hyve Mobile;;;;;
I Am App (Pty);;;;;
I C E insurance Claims Exchange (Pty) Ltd;;;;;
I choose life Africa;;;;;
I CHOOSE LIFE AFRICA;;;;;
I ESA Development (Pty) Ltd;;;;;
I G L (Pty) Ltd;;;;;
I Heart Market (Pty) Ltd;;;;;
I L Back Properties Aandeleblokmaatskappy (Pty) Ltd;;;;;
I L Molino CC;;;;;
I Lifestyle Global (Pty) Ltd;;;;;
I Love Midlands Market (Pty) Ltd;;;;;
I P S Group Holdings (Pty) Ltd;;;;;
I S Services (Pty) Ltd;;;;;
I T B Manufacturing (Pty) Ltd;;;;;
I Talk Cellular (Pty) Ltd;;;;;
I&i;;;;;
I&M Bank;;;;;
I&M Bank (Rwanda) Plc.;;;;;
I&M Bank (T) Ltd;;;;;
I&M Bank Kenya;;;;;
I&M Bank Ltd;;;;;
I&M Bank Uganda Limited;;;;;
I&M Holdings Ltd;;;;;
i4 Solutions in Building and Facilities (Pty) Ltd;;;;;
IA Bell and Company (Pty) Ltd;;;;;
IA Bell Equipment Company Namibia (Pty) Ltd;;;;;
IAATI;;;;;
iactive.co.za;;;;;
iAfrica;;;;;
Ialch;;;;;
Ian Dickie and Company (Pty) Ltd;;;;;
IB Maroc Com SA;;;;;
IBA - Institute of Business Administration;;;;;
IBA Group;;;;;
ibeconferences.com;;;;;
Iberdrola Engineering and Construction South Africa (Pty) Ltd;;;;;
Ibhayi Clearing and Logistics CC;;;;;
IBHUKUCOM;;;;;
IBL Asset Finance and Services Ltd;;;;;
IBL International Limited;;;;;
IBL Ltd;;;;;
iblengineering.com;;;;;
Ibllogistics;;;;;
iblseafood.com;;;;;
ibm;;;;;
IBM South Africa (Pty) Ltd;;;;;
ibprojects.co.za;;;;;
ibrand;;;;;
IBTC;;;;;
Ibutho Coal (Pty) Ltd;;;;;
Ibvglobal;;;;;
Icap;;;;;
ICAP Broking Services South Africa (Pty) Ltd;;;;;
ICAP Holdings South Africa (Pty) Ltd;;;;;
ICAP Securities South Africa (Pty) Ltd;;;;;
icapital.co.zm;;;;;
ICAS Employee and Organisation Enhancement Services Southern Africa (Pty) Ltd;;;;;
Icasa;;;;;
I-CAT;;;;;
icbm.ac.za;;;;;
Iccco;;;;;
iccgroup.co.za;;;;;
ICDL South Africa;;;;;
Ice Bay Investments (Pty) Ltd;;;;;
ICEA Lion;;;;;
ICEA LION Asset Management Uganda;;;;;
ICEA LION General Insurance Uganda;;;;;
ICEA LION Group Uganda;;;;;
ICEA Lion Group Uganda;;;;;
ICEA LION LIFE ASSURANCE COMPANY LIMITED;;;;;
ICEA LION Life Assurance Uganda;;;;;
ICEA LION Tanzania;;;;;
icea.co.ug;;;;;
icealion-tz.com;;;;;
Icecold Bodies (Pty) Ltd;;;;;
ICESA City Campus (Pty) Ltd;;;;;
ICF;;;;;
ICG Learning Solutions (Pty) Ltd;;;;;
Ichiban Tax & Business Advisory;;;;;
ICI Dulux (Pty) Ltd;;;;;
ICICI Bank Ltd;;;;;
ICLEI;;;;;
ICLEI - Local Governments For Sustainability - Africa;;;;;
Icon Media Group (Pty) Ltd;;;;;
iConnect Telecoms;;;;;
iConnectSA;;;;;
iContact BPO;;;;;
ICORE Information Systems;;;;;
icorpgroup.co.za;;;;;
Icoza Internet Company South Africa (Pty) Ltd;;;;;
ICP Advisors SA (Pty) Ltd;;;;;
ICP BEE SPV (Pty) Ltd;;;;;
ICS Academy (Pty) Ltd;;;;;
ICS Credit;;;;;
ICSC Communication & Engagement;;;;;
ICT Africa Consulting Services Limited;;;;;
ICT Authority;;;;;
ICT Choice;;;;;
ICT Diagnostics CC;;;;;
ICT4D (Solutions Provider) Cameroon;;;;;
ICT4D (University Yaounde 1);;;;;
ictministry.gov.zw;;;;;
ICTS - Build your future;;;;;
ICTS Tracing Services (Pty) Ltd;;;;;
ICT-WORKS PTY;;;;;
iCUBEFARM CAMEROON SARL;;;;;
ID Africa;;;;;
iDatasoft Development Limited;;;;;
iddiud.com;;;;;
Iddo Investment Ltd;;;;;
Idea Engineers;;;;;
Idea2market.org;;;;;
Ideafruit (Pty) Ltd;;;;;
Ideafruit Export (Pty) Ltd;;;;;
Ideal Patternmakers and Tooling (Pty) Ltd;;;;;
Ideal toys wholesaler;;;;;
Ideals;;;;;
Ideco Group Ltd;;;;;
Ideias Dinâmicas SGPS;;;;;
IDEMIA;;;;;
idem-sys.com;;;;;
Identifit (Pty) Ltd;;;;;
Identity Capital Partners (Pty) Ltd;;;;;
IDEO Factory;;;;;
Ideon Limited;;;;;
iDesign Communications;;;;;
IDEXX Laboratories, Inc.;;;;;
IDG Johannesburg (Pty) Ltd;;;;;
IDI;;;;;
IDI Technology Solutions;;;;;
IDinsight;;;;;
IDL Fresh South Africa (Pty) Ltd;;;;;
IDL Supply Chain South Africa (Pty) Ltd;;;;;
IDot Services Pty (Ltd);;;;;
IDS;;;;;
IDS Consultants;;;;;
IDS Fund Managers (Pty) Ltd;;;;;
IDS Management Company (RF) (Pty) Ltd;;;;;
IDtek Solutions (Pty) Ltd;;;;;
idu.co.za;;;;;
Idube Landscaping (Pty) Ltd;;;;;
Idwala Industrial Holdings Ltd;;;;;
IE INTERNATIONAL GROUP;;;;;
IE University;;;;;
IECONFIG;;;;;
IEFC Cameroon;;;;;
Iemas Financial Services Co-Operative Ltd;;;;;
Iemtech (Pty) Ltd;;;;;
IFA Hotels and Resorts Ltd;;;;;
IFA Zimbali Hotel and Resorts (Pty) Ltd;;;;;
IFA Zimbali Lodge (Pty) Ltd;;;;;
iFacts (Pty) Ltd;;;;;
Ifca Technologies Ltd;;;;;
IFFCO South Africa (Pty) Ltd;;;;;
Ifour Properties Ltd;;;;;
IFRC;;;;;
IFS;;;;;
IFS Consulting (Pty) Ltd;;;;;
IG Admin (Pty) Ltd;;;;;
IG Group;;;;;
IG Markets South Africa Ltd;;;;;
IG: Nissanclover;;;;;
IGAF Technologies;;;;;
IGI Investment Company Ltd;;;;;
IGL Properties (Pty) Ltd;;;;;
ignis.co.za;;;;;
Ignition Group;;;;;
Ignition Telecoms Investments (Pty) Ltd;;;;;
IGO Wireless Ltd;;;;;
igocorporate.co.za;;;;;
Igoda Coal (Pty) Ltd;;;;;
Igoda Projects;;;;;
Igolide (Pty) Ltd;;;;;
IGOTRAVEL;;;;;
igra.edu.pk;;;;;
iGraduate AppointmentsTM;;;;;
IH Cape Town;;;;;
IHG Hotels South Africa (Pty) Ltd;;;;;
IHM Southern Africa;;;;;
IHM Southern Africa Zambia;;;;;
IHS Nigeria Plc;;;;;
IHS Towers;;;;;
ihs.za.com;;;;;
IHT Hotel School;;;;;
iiberty.co.za;;;;;
iiDENTIFii;;;;;
IIE MSA;;;;;
IIIMPACT;;;;;
IK Worx;;;;;
ikalafeng.com;;;;;
ikamva-architects.co.za;;;;;
Ikapa Tours and Travel (Pty) Ltd;;;;;
Ikeja Hotel Plc;;;;;
Ikemiseng Systems and Projects CC;;;;;
Ikhala TVET College;;;;;
Ikhaya RMBS 1 (Pty) Ltd;;;;;
Ikhaya RMBS 2 (Pty) Ltd;;;;;
Ikhokha;;;;;
Ikhwezi Bus Service (Pty) Ltd;;;;;
IKM TeckChek;;;;;
Ikulileni Investments Plc;;;;;
Ikusaka Rail (Pty) Ltd;;;;;
Ikusasa;;;;;
Ikwezi Management Services (Pty) Ltd;;;;;
Ikwezi Mining (Pty) Ltd;;;;;
Ikwezi Mining Holdings (Pty) Ltd;;;;;
Ikwezi Resources (Pty) Ltd;;;;;
il;;;;;
il.co.za;;;;;
iLab;;;;;
Ilanga Travel (Pty) Ltd;;;;;
ilanziprojects.co.za;;;;;
Ilara Health;;;;;
Ilara Health Limited;;;;;
Ildc;;;;;
iLearn;;;;;
iLearn Corporate Services (Pty) Ltd;;;;;
iLembe District Municipality;;;;;
iLembe Technologies;;;;;
ILEX South Africa;;;;;
Iliad Africa Investments (Pty) Ltd;;;;;
Iliad Africa Ltd;;;;;
Iliad Africa Trading (Pty) Ltd;;;;;
Iliso Consulting (Pty) Ltd;;;;;
illov.co.za;;;;;
Illovo Distributors (Pty) Ltd;;;;;
Illovo Sugar (Malawi) Plc;;;;;
Illovo Sugar (South Africa) (Pty) Ltd;;;;;
Illovo Sugar Africa (Pty) Ltd;;;;;
Illovo Tanzania Ltd;;;;;
illovu.co.za;;;;;
Illprop (Pty) Ltd;;;;;
Illumination Engineering Society of South Africa;;;;;
ilovo.co.za;;;;;
IM Investments (Pty) Ltd;;;;;
Image Photo Services;;;;;
Image PSL;;;;;
Image Works Multimedia;;;;;
Imagemakers (Pty) Ltd;;;;;
Imaginet;;;;;
Imal Caterers (Pvt) Ltd;;;;;
Imali Click;;;;;
ImaliPay Kenya Limited;;;;;
Imana Foods (SA) (Pty) Ltd;;;;;
Imara Asset Management South Africa (Pty) Ltd;;;;;
Imara Capital Botswana (Pty) Ltd;;;;;
Imara Capital South Africa (Pty) Ltd;;;;;
Imara Capital Zambia Ltd;;;;;
Imara Energy Corporation;;;;;
Imara Global Fund Ltd;;;;;
Imara Holdings Ltd;;;;;
Imara Mondise Capital (Pty) Ltd;;;;;
Imara Trust Company (Mauritius) Ltd;;;;;
IMAS - Professional Accountancy Institution;;;;;
Imasfinance;;;;;
Imbabazane Local Municipality;;;;;
Imbali Props 21 (Pty) Ltd;;;;;
Imbalie Beauty Ltd;;;;;
Imbani Chrome Holdings (RF) (Pty) Ltd;;;;;
Imbani Holdings (Pty) Ltd;;;;;
Imbank;;;;;
imbank.co.rw;;;;;
Imbasa Platinum (Pty) Ltd;;;;;
Imbawula;;;;;
IMBC Investment (Pty) Ltd;;;;;
Imbizo Petroleum Traders (Pty) Ltd;;;;;
Imbumba Aganang Facilities Management (RF) (Pty) Ltd;;;;;
Imbumba Aganang Private Party (RF) (Pty) Ltd;;;;;
IMD Logistics (Pty) Ltd;;;;;
Imerys;;;;;
Imerys Refractory Minerals South Africa (Pty) Ltd;;;;;
imetatech.com;;;;;
Imex Industria Lda;;;;;
Imex International (Pty) Ltd;;;;;
Imexsar (Pty) Ltd;;;;;
IMFact;;;;;
IMFUNDO SPV Holdings (Pty) Ltd;;;;;
IMImobile South Africa (Pty) Ltd;;;;;
imimobile.co.za;;;;;
I-Min Rentals CC;;;;;
IMM Graduate School;;;;;
Immersiv Technologies;;;;;
IMP Calibration Services;;;;;
Impac Parts Sourcing (Pty) Ltd;;;;;
Impact Distributors (Pty) Ltd;;;;;
Impact Enterprises (Zambia);;;;;
Impact Financial Services (Pty) Ltd;;;;;
Impact Human Resources;;;;;
Impact power Innovations;;;;;
Impact Tech;;;;;
Impact Video;;;;;
Impacted;;;;;
impactfiul.co.za;;;;;
Impactful B2C - COD Clients FY2024 - 2025;;;;;
Impactful Specialist Solutions (Pty) Ltd;;;;;
impactmsp.co.za;;;;;
Impala Bolt and Nut (Pty) Ltd;;;;;
Impala Chrome (Pty) Ltd;;;;;
Impala Holdings Ltd;;;;;
Impala Platinum (Zimbabwe) (Pty) Ltd;;;;;
Impala Platinum BV;;;;;
Impala Platinum Holdings Ltd;;;;;
Impala Platinum Investments (Pty) Ltd;;;;;
Impala Platinum Limited (Head Office);;;;;
Impala Platinum Properties (Johannesburg) (Pty) Ltd;;;;;
Impala Platinum Properties (North West) (Pty) Ltd;;;;;
Impala Platinum Properties (Rustenburg) (Pty) Ltd;;;;;
Impala Refining Services Ltd;;;;;
Impala Stationery Manufacturers (Pty) Ltd;;;;;
Impax Business Solutions Limited;;;;;
impcargosolutions.co.za;;;;;
Impendle Municipalit;;;;;
Imperial;;;;;
Imperial Armour CC;;;;;
Imperial Auto Body (Pty) Ltd;;;;;
Imperial Aviation (Pty) Ltd;;;;;
Imperial Car Imports (Pty) Ltd;;;;;
Imperial Car Rental (Botswana) (Pty) Ltd t/a Europcar;;;;;
Imperial Car Rental (Pty) Ltd;;;;;
Imperial Cargo (Pty) Ltd;;;;;
Imperial Corporate Services (Pty) Ltd;;;;;
Imperial Daihatsu (Pty) Ltd;;;;;
Imperial Dealership Finance Products and Services (Pty) Ltd;;;;;
Imperial Financial Holdings Ltd;;;;;
Imperial Financial Services (Pty) Ltd;;;;;
Imperial Group Ltd;;;;;
Imperial Holdings Ltd;;;;;
Imperial Homes Mortgage Bank Ltd;;;;;
Imperial Logistics (Division of Imperial Group Ltd);;;;;
Imperial Logistics Consolidation Solutions (Pty) Ltd;;;;;
Imperial Logistics Group (Pty) Ltd;;;;;
Imperial Logistics South Africa Group (Pty) Ltd;;;;;
Imperial Managed Logistics (Pty) Ltd;;;;;
Imperial McCarthy (Pty) Ltd;;;;;
Imperial Motors (Pty) Ltd;;;;;
Imperial Retail Logistics (Pty) Ltd;;;;;
Imperial Sasfin Logistics (Pty) Ltd;;;;;
Imperial Truck Rental;;;;;
imperialbank.co.za;;;;;
imperialfnf.co.za;;;;;
Imperinet (Pty) Ltd;;;;;
Imperisecure (Pty) Ltd;;;;;
Imperium Franchise Holdings (Pty) Ltd;;;;;
Imphuphu Mills CC;;;;;
Impilo Consortium (RF) (Pty) Ltd;;;;;
ImportCompany24;;;;;
Impro Technologies;;;;;
Improchem (Pty) Ltd;;;;;
Improov Limited;;;;;
Improvair (KwaZulu Natal) (Pty) Ltd;;;;;
Impson Freight (Natal) (Pty) Ltd;;;;;
impson.co.za;;;;;
Impulse Getaways;;;;;
impulsinc.com;;;;;
Impumelelo Print Solutions (Pty) Ltd;;;;;
IMQS Software;;;;;
IMS Engineering (Pty) Ltd;;;;;
IMS Health (Pty) Ltd;;;;;
imtmining.co.za;;;;;
Imtrasel (Pty) Ltd;;;;;
Imuniti Holdings Ltd;;;;;
Imvelo Facilities Management (RF) (Pty) Ltd;;;;;
Imvuko Service and Supply CC;;;;;
iMvula Healthcare Logistics (Pty) Ltd;;;;;
iMvula Quality Protection (Africa) (Pty) Ltd;;;;;
Imvusa Trading 1520 CC;;;;;
In 2 Food Group (Pty) Ltd;;;;;
In Full Colour Consultancy;;;;;
In Line Trading 142 (Pty) Ltd;;;;;
In2Food Group(Pty) Ltd;;;;;
In2IT Technologies Private Limited;;;;;
INA Bearings (Pty) Ltd;;;;;
Ina Paarman's Kitchen (Pty) Ltd;;;;;
inavit iQ;;;;;
Inca Bond Rehabilitation Company (Pty) Ltd;;;;;
Inca Concrete Products (Pty) Ltd;;;;;
Inca Mining (Pty) Ltd;;;;;
INCA Portfolio Managers (Pty) Ltd;;;;;
Ince (Pty) Ltd;;;;;
Incentive Holdings Ltd;;;;;
Incentive Investment Consultants (Pty) Ltd;;;;;
Inchcape;;;;;
Inchcape Kenya;;;;;
Incledon Dpi (Pty) Ltd;;;;;
Incledon DPI (Pty) Ltd (Botswana);;;;;
Inclub Properties (Pty) Ltd;;;;;
Incobrands (Pty) Ltd;;;;;
Incolabs (Pty) Ltd;;;;;
Incontact Centre Solutions (Pty) Ltd;;;;;
Incredible Solutions (S A) (Pty) Ltd;;;;;
incrementum.co.za;;;;;
Incwala Platinum (Pty) Ltd;;;;;
Incwala Resources (Pty) Ltd;;;;;
Indaba Curios (Pty) Ltd;;;;;
Indaba Hotel;;;;;
indabatraining.co.za;;;;;
Indaka Local Municipality;;;;;
Indawo (Cape) (Pty) Ltd;;;;;
Indebank Ltd;;;;;
Indecon CC;;;;;
Indeni Petroleum Refinery Company Ltd;;;;;
Independent;;;;;
Independent Buying Consortium (Pty) Ltd;;;;;
Independent Commercial Hospitality and Allied Workers Union;;;;;
Independent Communications Authority of South Africa;;;;;
Independent Compliance Services (Pty) Ltd;;;;;
Independent consultant;;;;;
Independent Contact Centre Consultants Association;;;;;
Independent Crematoriums SA (Pty) Ltd;;;;;
Independent Dealer Association;;;;;
Independent Development Trust;;;;;
Independent Digital (SA) (Pty) Ltd;;;;;
Independent Financial Services Ld;;;;;
Independent Media (Pty) Ltd;;;;;
Independent Municipal and Allied Trade Union;;;;;
Independent Newspapers (Pty) Ltd;;;;;
Independent On-Line (Pty) Ltd;;;;;
Independent Online Property Joint Venture (Pty) Ltd;;;;;
Independent Producers Organisation;;;;;
Independent Regulatory Board for Auditors;;;;;
Independent Schools Association of Southern Africa;;;;;
Independent Securities (Pty) Ltd;;;;;
Independent Wire (Pty) Ltd;;;;;
independentminds.co.za;;;;;
Indequity Group Ltd;;;;;
Indequity Specialised Insurance Ltd;;;;;
Indexco Managers (Pty) Ltd;;;;;
Indhool Construction and Logistic Company;;;;;
Indian Ocean Export Company (Pty) Ltd;;;;;
Indiana Resources Ltd;;;;;
IndianOil (Mauritius) Ltd;;;;;
Indigenous Film Distribution (Pty) Ltd;;;;;
Indigenous Mineral Project Investments (Pty) Ltd;;;;;
Indigo Brands (Pty) Ltd;;;;;
Indigo Groove Clothing CC;;;;;
Indigo Hotels Mauritius;;;;;
Indigo Telecom Ltd;;;;;
indigocosmetics.com;;;;;
Indingenhle Cargo Trading CC;;;;;
INDINGLIZ ADVERTISING AND MARKETING;;;;;
Indiza Media (Pty) Ltd;;;;;
Indluplace Properties Ltd;;;;;
Indo Atlantic (Pty) Ltd (Namibia);;;;;
Indo Zambia Bank;;;;;
Indoco Remedies SA (Pty) Ltd;;;;;
Indonesia Communications Ltd;;;;;
Indo–Zambia Bank;;;;;
Indra Technology South Africa (Pty) Ltd;;;;;
Indusquip Marketing CC;;;;;
Industrial and Hotel Equipment Manufacturers Ltd;;;;;
Industrial Cable Suppliers (Pty) Ltd;;;;;
Industrial Commercial and Allied Workers Union;;;;;
Industrial Credit Company Africa Holdings Ltd;;;;;
Industrial Design Services CC;;;;;
Industrial Development Corporation of South Africa Limited;;;;;
Industrial Development Corporation of South Africa Ltd;;;;;
Industrial Development Corporation Zambia;;;;;
Industrial Engineering Company for Construction and Development SAE;;;;;
INDUSTRIAL LOCOMOTIVE SERVICES;;;;;
Industrial Metal Profiling CC;;;;;
Industrial Oleochemical Products (Pty) Ltd;;;;;
Industrial Partnership Investments (Pty) Ltd;;;;;
Industrial Promotion Services;;;;;
Industrial Pumping Systems Plant and Machinery CC;;;;;
Industrial Research and Development (Pty) Ltd;;;;;
Industrial Scrap Metals CC;;;;;
Industrial Timber Supplies (Pty) Ltd;;;;;
Industrial Training Centre (ITC);;;;;
Industrial Waste and Environmental Services (Pty) Ltd;;;;;
Industries Chimiques Du Fluor SA;;;;;
Industries Chimiques du Senegal SA;;;;;
Industro-Clean (Pty) Ltd;;;;;
Industro-Clean Botswana (Pty) Ltd;;;;;
Industry Association For Responsible Alcohol Use;;;;;
Industry Service and Plant Construction South Africa;;;;;
Industry Trading and Consulting for Automotive Body Repairers CC;;;;;
Indwa Investments (RF) Ltd;;;;;
Indwe Risk Services;;;;;
Indwe Risk Services (Pty) Ltd;;;;;
Indy Oil SA (Pty) Ltd;;;;;
Inercore Properties (Pty) Ltd;;;;;
Inertia Egypt;;;;;
INESOR;;;;;
INET BFA;;;;;
I-Net Bridge (Pty) Ltd;;;;;
Infantrust Parenting Solutions (Pty) Ltd;;;;;
Infectious Diseases Institute;;;;;
Infectious Diseases Institute (IDI);;;;;
Infestation;;;;;
Infigro Natural Technologies (Pty) Ltd;;;;;
Infinitas Building and Civil Engineering (Pty) Ltd;;;;;
Infinite Business Technology Solutions;;;;;
InfiniteEngineering co;;;;;
Infiniti Insurance Ltd;;;;;
Infinity Media Networks (Pty) Ltd;;;;;
Infinity Rewards (Pty) Ltd;;;;;
Infinity Trust Mortgage Bank Plc;;;;;
Infixion Media (Pty) Ltd;;;;;
Inflight Catering (Pty) Ltd;;;;;
Influential, Information and Communication Union of South Africa;;;;;
Info Blueprint;;;;;
Info Botswana Internet Services (Pty) Ltd;;;;;
Info Support;;;;;
Infobip Africa (Pty) Ltd;;;;;
INFOBIP LTD;;;;;
Infocom Ltd (Uganda);;;;;
Infocom SAS;;;;;
infodesign.co.za;;;;;
InfoGuardian;;;;;
Infonaligy Ltd;;;;;
infoprosuma.ci;;;;;
Infor;;;;;
Informa;;;;;
Informa Connect;;;;;
Informacanada;;;;;
informaconnectls.com;;;;;
Informal Settlement Water and Waste Services (Division of City of Cape Town);;;;;
Informatics Business Solutions Ltd;;;;;
Information and Technology Communications Authority (ICT);;;;;
Information Communication Technology Union;;;;;
Information Dynamics;;;;;
Information Kinetics;;;;;
Information Security Architects;;;;;
Information Technology Association (The);;;;;
InfoSlips;;;;;
Infosystems Business Technologies SARL;;;;;
Infovan (Pty) Ltd;;;;;
Infovault (Pty) Ltd;;;;;
Infracon Consulting (Pty) Ltd;;;;;
Infracon Group (Pty) Ltd;;;;;
Inframax Holdings (Pty) Ltd;;;;;
Inframax Investments (Pty) Ltd;;;;;
Infraset Zambia Ltd;;;;;
Infrasol (Pty) Ltd;;;;;
Infrasors Holdings (Pty) Ltd;;;;;
Infrastructure Concessions South Africa (Pty) Ltd;;;;;
Infrastructure Development Bank of Zimbabwe;;;;;
Infrastructure Finance Corporation Ltd;;;;;
Infrastructure Specialist Group (Pty) Ltd;;;;;
Infratel Zambia;;;;;
infratel.africa;;;;;
Infravision Ltd;;;;;
infuno.co.za;;;;;
InfyStrat;;;;;
Ingagane Colliery (Pty) Ltd;;;;;
ingearpromotions.co.za;;;;;
Ingelheim Pharmaceuticals (Pty) Ltd;;;;;
Ingelosi Trading 269 (Pty) Ltd;;;;;
Ingenious Evolution;;;;;
Ingenuity Property Investments Ltd;;;;;
Ingerop Mozambique Lda;;;;;
Ingerop South Africa;;;;;
Ingersoll Rand;;;;;
Ingersoll-Rand Company South Africa (Pty) Ltd;;;;;
ingkwazi.co.za;;;;;
Ingofield (Pty) Ltd;;;;;
Ingonyama Trust;;;;;
Ingplan Africa (Pty) Ltd ;;;;;
Ingquza Hill Mun;;;;;
Ingrainsa;;;;;
Ingram Micro (Pty) Ltd;;;;;
Ingugule Construction Services (Pty) Ltd;;;;;
Inguza Investments (RF) Ltd;;;;;
Ingwe Housing Association ;;;;;
Ingwe Local Municipality;;;;;
Ingwe Med (Pty) Ltd;;;;;
Ingwe Surface Holdings (Pty) Ltd;;;;;
ingwecollege.org.za;;;;;
Inhance Technology Solutions Pty (Ltd);;;;;
Inhep Electronics Holdings (Pty) Ltd;;;;;
Initiate International;;;;;
Initiates Plc (The);;;;;
Inkanyeli Properties;;;;;
Inkanyezi Chocs (Pty) Ltd;;;;;
Inkatha Freedom Party;;;;;
Inkbrite;;;;;
Inkho Capital;;;;;
Inknowvation Solutions;;;;;
Inkomoko Kenya;;;;;
Inkosi Langalibalele Municipality;;;;;
Inkosi Platinum (Pty) Ltd;;;;;
Inkotha Investments (RF) Ltd;;;;;
Inkululeko Hotels Ltd;;;;;
inl.co.za;;;;;
Inmac (Pty) Ltd;;;;;
Inmins SA (Pty) Ltd;;;;;
Inmins Trading (Pty) Ltd;;;;;
Innate Talent Discovery;;;;;
Innervation;;;;;
Innervation Rewards;;;;;
Innodis Ltd;;;;;
Innofert (Pty) Ltd;;;;;
InnoLead Consulting;;;;;
Innomatic Solar (Pty) Ltd;;;;;
Innov8 Consulting;;;;;
Innovate 24/7 Pty (Ltd);;;;;
Innovate Durban;;;;;
Innovation FSP (Pty) Ltd;;;;;
Innovation Government Software Solutions (Pty) Ltd;;;;;
Innovation Group;;;;;
Innovation Group Distribution (Pty) Ltd;;;;;
Innovation Group Ltd.;;;;;
innovationhub.co.za;;;;;
Innovative College Of Education Karu;;;;;
Innovative Dynamics;;;;;
Innovative Knowledge Worx;;;;;
Innovative Mining Products (Pty) Ltd;;;;;
Innovative Pharmaceutical Industry Association South Africa;;;;;
Innovative Power Equipment (Pty) Ltd;;;;;
Innovative Technology;;;;;
Innoven Consulting;;;;;
Innovent Foundation (The);;;;;
Innovent Investment Holdings (Pty) Ltd;;;;;
Innovent Rental and Asset Management Solutions (Pty) Ltd;;;;;
Innovito;;;;;
Innovo Networks (Pty) Ltd;;;;;
Innscor Africa Ltd;;;;;
Innscor Fast Foods Harare;;;;;
Inn-staff (Pty) Ltd;;;;;
InnStaff (Swaziland) (Pty) Ltd;;;;;
Inobits Consulting;;;;;
inolgroup.net;;;;;
iNova;;;;;
inovapharma;;;;;
INOVO Telecom PTY LTD;;;;;
Inoxico (Pty) Ltd;;;;;
Inpecafrica;;;;;
inq.;;;;;
inq. Holding Limited;;;;;
inQuba;;;;;
inroads-sa.co.za;;;;;
Insephe Construction Services (Pty) Ltd;;;;;
Inshare (Pty) Ltd;;;;;
Inshare Asset Finance Green Technologies (Pty) Ltd;;;;;
Inshare Asset Finance International (Pty) Ltd;;;;;
Inshare Asset Finance Partners (Pty) Ltd;;;;;
Inshare International (Pty) Ltd;;;;;
Inshare Link (Pty) Ltd;;;;;
Inside Job Productions (Pty) Ltd;;;;;
insidedara.co.za;;;;;
InsideData;;;;;
InsideData (Pty) Ltd;;;;;
Insight Actuaries & Consultants;;;;;
INSIGHT Business Solutions;;;;;
Insight Consulting;;;;;
Insight Secure;;;;;
Insights Learning & Development Limited;;;;;
Insika Industrial Services (Pty) Ltd;;;;;
Insimbi Refractory and Alloy Supplies Ltd;;;;;
Insite Landscape Architects CC;;;;;
InspectaCar (Pty) Ltd;;;;;
Inspection and Quality Services (Pty) Ltd;;;;;
Inspectorate M and L (Pty) Ltd;;;;;
Insperity;;;;;
Inspire Africa Group;;;;;
Inspire Furniture Rentals (Pty) Ltd;;;;;
Inspired Change Solutions;;;;;
Inspired Testing;;;;;
INSS - National Institute of Social Security;;;;;
inss.gov.mz;;;;;
Instacom;;;;;
Instaconnect Ltd;;;;;
Instant Grass Trend Forecasting CC;;;;;
Instavet Import and Export (Pty) Ltd;;;;;
Instit (Pty) Ltd;;;;;
Institut 2iE;;;;;
Institute for Commercial Forestry Research;;;;;
Institute for Landscape Architecture in South Africa;;;;;
Institute for Quality;;;;;
INSTITUTE FOR SECURITY STUDIES;;;;;
Institute for Timber Construction;;;;;
Institute for Work at Height;;;;;
Institute of Bankers In South Africa (The);;;;;
Institute of Cape Wine Masters;;;;;
Institute of Certified Bookkepers Ltd;;;;;
Institute of Chartered Accountants (Ghana);;;;;
Institute of Directors;;;;;
Institute of Directors in South Africa;;;;;
Institute of Directors Kenya;;;;;
Institute of Estate Agents of South Africa;;;;;
Institute of Event Management CC;;;;;
Institute of Information Technology Professionals South Africa (The);;;;;
Institute of Management Consultants and Master Coaches of South Africa (The);;;;;
Institute of Marketing Management;;;;;
Institute of Municipal Engineering of Southern Africa (The);;;;;
Institute of Packaging SA (The);;;;;
Institute of People Management;;;;;
Institute of Professional Engineering Technologists;;;;;
Institute of Retirement Funds Africa;;;;;
Institute of Waste Management of Southern Africa;;;;;
Institute Staff Association;;;;;
Instrotech (Pty) Ltd;;;;;
Instructure;;;;;
Instructure Global Ltd;;;;;
Instrumental Healthcare;;;;;
Instrumentation and Control Technologies (Pty) Ltd;;;;;
Insulated Build (Pty) Ltd;;;;;
Insulated Build Eastern Cape (Pty) Ltd;;;;;
Insurance and Banking Staff Association;;;;;
Insurance Institute of Botswana;;;;;
Insurance Institute of South Africa (The);;;;;
Insurance Regulatory Authority Of Uganda;;;;;
Insurance Sector Education & Training Authority;;;;;
insurance.co.za;;;;;
Insure Group Managers (Pty) Ltd;;;;;
Insure Group Managers Finance (Pty) Ltd;;;;;
Insure Group Managers Holdings Ltd;;;;;
Insure Group Managers Services (Pty) Ltd;;;;;
Insurisk Financial Consultants SA (Pty) Ltd;;;;;
InSync Solutions;;;;;
Inta Safety Corporation (Pty) Ltd;;;;;
Intaba Hotels (Pty) Ltd;;;;;
Intact Software Distribution (Pty) Ltd;;;;;
Intafact Beverages Ltd;;;;;
Intaka Footwear CC;;;;;
Intaka Holdings (Pty) Ltd;;;;;
Intaka Manage (Pty) Ltd;;;;;
Intaka Nutri (Pty) Ltd;;;;;
Intaka Tech (Pty) Ltd;;;;;
Intaprop (Pty) Ltd;;;;;
Intastor Controlled Environments (Pty) Ltd;;;;;
Intdev Internet Tech;;;;;
Intdev Internet Technologies (Pty) Ltd;;;;;
intebeko.com;;;;;
INTEC College (Pty) Ltd;;;;;
Integer Home Loans (Pty) Ltd;;;;;
Integr8 IT (Pty) Ltd;;;;;
Integr8It;;;;;
Integra BEE Solutions;;;;;
Integrated Payments Service Limited (IPSL);;;;;
Integrated Processing Solutions;;;;;
IntegriSure;;;;;
Integrisure Brokers (Pty) Ltd;;;;;
Integrity Control Systems;;;;;
Intekom;;;;;
Intel Corporation;;;;;
Intel South Africa Corporation;;;;;
Intelcia;;;;;
Intelichem (Pty) Ltd;;;;;
Intelleca Voice & Mobile (Pty) Ltd;;;;;
Intellect Design Arena Limited;;;;;
Intellient (Pty) Ltd;;;;;
intelliflex.co.za;;;;;
Intelligent Debt Management;;;;;
Intelligent Debt Management (Pty) Ltd;;;;;
intelligentgaming.co.za;;;;;
Intembeko;;;;;
Intendance Holding Ltd;;;;;
Intensive Agriculture South Africa;;;;;
Inter Maritime Services Ltd;;;;;
Interact Media Defined (Pty) Ltd;;;;;
Interaction Market Services (Coastlands) (Pty) Ltd;;;;;
Interaction Market Services Free State (Pty) Ltd;;;;;
Interaction Market Services Jo'burg (Pty) Ltd;;;;;
Interaction Market Services Tshwane (Pty) Ltd;;;;;
Interactive Advertising  Bureau of South Africa;;;;;
Interactive Market Systems (South Africa) (Pty) Ltd;;;;;
Interactive Solutions;;;;;
Inter-Active Telecom;;;;;
interbancos.co.mz;;;;;
Interbulk Egypt for Export SAE;;;;;
Intercab CC;;;;;
Intercape Ferreira Mainliner (Pty) Ltd;;;;;
Intercare Group;;;;;
InterCement;;;;;
Intercity Motors (Pty) Ltd;;;;;
Intercity Paint and Panel (Pty) Ltd;;;;;
Intercomm South Africa;;;;;
Interconnect Systems;;;;;
Interconnect Systems (Pty) Ltd;;;;;
Intercontinental Distillers Ltd;;;;;
InterContinental Hotels Group Plc;;;;;
Intercontinental Tobacco Company (Pty) Ltd;;;;;
Intercontinental Trust Ltd;;;;;
Intercorp Business Partners (Pty) Ltd;;;;;
Interdigitos - Tecnologias de Informação e Serviços;;;;;
Interfront SOC Ltd.;;;;;
Intergraph Systems Southern Africa (Pty) Ltd;;;;;
Intergrated Processing Solutions (Pty) Ltd;;;;;
interiorofficeconcepts.co.za;;;;;
Interlinked Technologies Plc;;;;;
Intermodal Shipping Agencies Ghana Ltd;;;;;
Internatio (Pty) Ltd;;;;;
International Academy;;;;;
International Air Transport Association;;;;;
International Association of Operative Millers - Mideast and Africa;;;;;
International Association of Ports and Harbors;;;;;
International Bag Buyers;;;;;
International Bank (Liberia), Limited;;;;;
International Bank Liberia;;;;;
International Belting and Marketing Corporation (Pty) Ltd;;;;;
International Breweries Plc;;;;;
International Card Processing Services Ltd;;;;;
International Center for Chemical & Biological Sciences;;;;;
International Center for Research on Women (ICRW) Africa;;;;;
International Centre of Insect Physiology and Ecology;;;;;
International Centre of Insect Physiology and Ecology (ICIPE);;;;;
International Ceramics SAE;;;;;
International Chromium Development Association;;;;;
International Colleges Group (Pty) Ltd;;;;;
International Colour Corporation (Pty) Ltd;;;;;
International Commercial Bank (Tz) Ltd;;;;;
International Company for Agricultural Crops SAE;;;;;
International Company for Investment and Development;;;;;
International Company For Leasing SAE;;;;;
International Container Terminal Services Inc;;;;;
International Distillers Kenya Ltd;;;;;
International Distillers Uganda Ltd;;;;;
International Energy Insurance Company Plc;;;;;
International Federation of Freight Forwarders Associations;;;;;
International Ferro Metals (SA) (Pty) Ltd;;;;;
International Finance Corporation;;;;;
International Harbour Masters' Association;;;;;
International Hotel Properties Ltd;;;;;
International Hotel School;;;;;
International Hotel School (The);;;;;
International House Cape Town;;;;;
International Housing Solutions (RF) (Pty) Ltd;;;;;
International Labour Organization;;;;;
International Lime Association;;;;;
International Live Events Association;;;;;
International Livestock Research Institute (ILRI);;;;;
International Maritime Organization;;;;;
International Meat Quality Assurance Services (Pty) Ltd;;;;;
International Mining;;;;;
International Project Finance Association;;;;;
International Publishers Association;;;;;
International Rescue Committee;;;;;
International Sales Training Institute - ISTI;;;;;
International SOS Pte Ltd;;;;;
International Trade Administration Commission of Southern Africa;;;;;
International Trade Agencies & Marketing Company S.A.E;;;;;
International Trade Projects (Pty) Ltd;;;;;
International Transport Corporation (Pty) Ltd;;;;;
International Travel and Tours CC;;;;;
International Trimmings and Labels SA (Pty) Ltd;;;;;
International Tube Technology (Pty) Ltd;;;;;
International Zinc Association Southern Africa;;;;;
Internet Express (Pty) Ltd;;;;;
Internet Filing (Pty);;;;;
Internet Options Botswana;;;;;
Internet Service Providers Association;;;;;
Internet Solution Security (Pty) Ltd (The);;;;;
Internet Solutions Kenya;;;;;
Internet Solutions Nigeria Ltd;;;;;
Internet Solutions pty;;;;;
Internet Visionary Systems (Pty) Ltd;;;;;
Interorg Ltd (Mauritius);;;;;
Interpark (South Africa) (Pty) Ltd;;;;;
Interpark Swaziland (Pty) Ltd;;;;;
Interpref Investments (RF) (Pty) Ltd;;;;;
Interpublic South Africa Holdings (Pty) Ltd;;;;;
Intersite Asset Investments (Pty) Ltd;;;;;
Interstate Clearing 040 (Pty) Ltd;;;;;
Interswitch East Africa;;;;;
Interswitch Group;;;;;
InterSystems Corporation;;;;;
Intertek Testing Services (South Africa) (Pty) Ltd;;;;;
Intertoll (Africa) (Pty) Ltd;;;;;
Intertoll (Pty) Ltd;;;;;
Intertoll Holdings (Pty) Ltd;;;;;
Intertoll Zimbabwe (Pty) Ltd;;;;;
Intertrading Ltd;;;;;
Intervet;;;;;
Intervet (Pty) Ltd;;;;;
Intervet South Africa (Pty) Ltd;;;;;
Inter-Waste (Pty) Ltd;;;;;
Interwaste Environmental Solutions (Pty) Ltd;;;;;
Interwaste Holdings Limited;;;;;
Interwaste Holdings Ltd;;;;;
Intex Construction Ltd;;;;;
Intimo Menswear CC;;;;;
IntoWeb;;;;;
IN-TPM Project Managers (Pty) Ltd;;;;;
Intra Africa Assurance Co.;;;;;
Intra International Holdings (Pty) Ltd;;;;;
Intra International Trading (Pty) Ltd;;;;;
INTRA Lda;;;;;
Intrachem;;;;;
Intrahealth International;;;;;
IntraHealth International;;;;;
intrasteed.co.za;;;;;
Intravenous Infusions Plc;;;;;
Intrepid Capital (Pty) Ltd;;;;;
Intrepid Printers (Pty) Ltd;;;;;
Introstat (Durban) (Pty) Ltd;;;;;
Introstat (Pty) Ltd;;;;;
Intrum;;;;;
Intshona Milk Products (Pty) Ltd;;;;;
intsika.co.za;;;;;
Intu Properties Plc;;;;;
Intuate Group;;;;;
Intuition;;;;;
Intune Systems Limited;;;;;
Inuka;;;;;
Inuka Fragrances;;;;;
inukafoundation.org;;;;;
Invata Solutions (Pty) Ltd / T/A Humming Learn;;;;;
Invent Consulting Limited;;;;;
Inventive Ways 113 CC;;;;;
Invesco International (Southern Africa) Ltd;;;;;
Invest in Africa;;;;;
Investage 91 (Pty) Ltd;;;;;
Investec Asset Management (Pty) Ltd;;;;;
Investec Assurance Ltd;;;;;
Investec Australia Property Fund;;;;;
Investec Bank (Mauritius) Ltd;;;;;
Investec Bank Ltd;;;;;
Investec Life Ltd;;;;;
Investec Ltd;;;;;
Investec Management Services Ltd;;;;;
Investec Plc;;;;;
Investec Private Banking;;;;;
Investec Property (Pty) Ltd;;;;;
Investec Property Fund Ltd;;;;;
Investec Securities (Pty) Ltd;;;;;
Investec Share Plan Services (Pty) Ltd;;;;;
investecmail.com;;;;;
Investment and Allied Assurance Plc;;;;;
Investment Consulting and Trustee Services (Pty) Ltd;;;;;
Investment Data Holdings (Pty) Ltd;;;;;
Investment Data Nominees (Pty) Ltd;;;;;
Investment Data Services (Pty) Ltd;;;;;
Investment Data Services Group (Pty) Ltd;;;;;
Investment Management Association of South Africa;;;;;
Investment Solutions Namibia Ltd;;;;;
Investment Solutions Offshore Funds (SA) Ltd;;;;;
Investrust Bank;;;;;
Investrust Bank Plc;;;;;
Invicast Telecom Limited;;;;;
Invicta Holdings Ltd;;;;;
Involys SA;;;;;
Invuya Institute of Learning;;;;;
Invuya Institute of Learning (Pty) Ltd;;;;;
Inyange Industries Ltd;;;;;
Inyatsi Construction Group;;;;;
Inyosi Coal (Pty) Ltd;;;;;
Inzalo EMS;;;;;
Inzalo Utility Systems;;;;;
iOCO Software Distribution (Pty) Ltd  (EOH Subsiduary);;;;;
IODSA;;;;;
IOM - UN Migration;;;;;
IOM BENIN;;;;;
ionconsulting.net;;;;;
Ionett Solutions CC;;;;;
iONLINE;;;;;
IoT.nxt;;;;;
IPDYNAMICS;;;;;
IPLAB Assurance Services;;;;;
iPlan Global;;;;;
IPM;;;;;
ipNX Nigeria Ltd;;;;;
IPP Mining;;;;;
IPP Projects;;;;;
IPPF Africa;;;;;
IPRO Growth Fund Ltd;;;;;
iProcure Limited;;;;;
IPS Cable Systems Ltd;;;;;
IPS CGRAE;;;;;
IPS CNAM;;;;;
IPS Power Investments Ltd;;;;;
IPSA Group Plc;;;;;
Ipsos;;;;;
Ipsos (Pty) Ltd;;;;;
Ipsum Consult;;;;;
IPT;;;;;
IPT Holdings (Pty) Ltd;;;;;
IPWA Plc;;;;;
IQ Academy (Pty) Ltd;;;;;
IQ Business;;;;;
IQ Business (Pty) Ltd;;;;;
Iqra University;;;;;
Iquad Group Ltd;;;;;
IQVIA Holdings,;;;;;
IRA;;;;;
IRD;;;;;
Irdeto South Africa (Pty) Ltd;;;;;
Ireland / Davenport;;;;;
Irembo;;;;;
Irembo Rwanda;;;;;
Irene At Smuts (Pty) Ltd;;;;;
Irene Estate Agencies (Pty) Ltd;;;;;
Irene Market (Pty) Ltd;;;;;
Iress;;;;;
Iress South Africa (Australia) (Pty) Ltd (Incorporated in Australia);;;;;
IREX;;;;;
Iritron (Pty) Ltd;;;;;
Irizar Southern Africa (Pty) Ltd;;;;;
IRMSA-Institute of Risk Management South Africa;;;;;
Iron Mineral Beneficiation Services (Pty) Ltd;;;;;
Iron Mountain South Africa (Pty) Ltd;;;;;
Iron Mountain South Africa Holdings (Pty) Ltd;;;;;
Iron Mountain South Africa Information Management (Pty) Ltd;;;;;
Iron Mountain South Africa Records Management (Pty) Ltd;;;;;
Iron Mountain, Inc.;;;;;
Irri Comm (Pty) Ltd;;;;;
Irvin and Johnson Ltd;;;;;
Irvineâ€™s Zimbabwe (Pvt) Ltd;;;;;
Irwing 37 CC;;;;;
IS Partners;;;;;
ISA Holdings Ltd;;;;;
Isaac and sons phamacy;;;;;
Isabella Garcia International (Pty) Ltd;;;;;
ISCA (Pty) Ltd;;;;;
iscarsa.co.za;;;;;
Iscmatla (Pty) Ltd;;;;;
Iscor Building System (Pty) Ltd;;;;;
Isegen South Africa (Pty) Ltd;;;;;
iServ Solutions;;;;;
Isicabucabu Franchising (Pty) Ltd;;;;;
Isihlangu Construction Services (Pty) Ltd;;;;;
Isikhonyane Cleaning (Pty) Ltd;;;;;
Isilo Steel (Pty) Ltd;;;;;
Isilumko ;;;;;
Isilumko Staffing (Pty) Ltd;;;;;
Isipho Capital Holdings (Pty) Ltd;;;;;
Isipingo Hospital Ltd;;;;;
Isivivana Health (Pty) Ltd;;;;;
Isivunguvungu Wind Energy Converter (Pty) Ltd;;;;;
ISKLEAD Consulting;;;;;
Islamic Relief SA;;;;;
Island Spares CC;;;;;
Island View (Pty) Ltd;;;;;
Island View Storage (Pty) Ltd t/a Bidvest Tank Terminals;;;;;
Island View Storage Limited;;;;;
Islandsite Investments 254 (Pty) Ltd;;;;;
Islandsite Investments 255 (Pty) Ltd;;;;;
Islandsite Investments One Hundred and Eighty (Pty) Ltd;;;;;
ISlices Manufacturing (Pty) Ltd;;;;;
Ismailia Misr Poultry Company SAE;;;;;
Ismailia National Food Industries SAE;;;;;
iSmart (Pty);;;;;
Ismarwa Investments Ltd - Supporting Information, Communication and Technology;;;;;
ISN Managed Services (Pty) Ltd;;;;;
ISO Leisure (Pty) Ltd;;;;;
Isoglo;;;;;
isogo.co.za;;;;;
isolutionskenya.com;;;;;
iSolv Technologies;;;;;
Isolve Business Solutions (Pty) Ltd;;;;;
IsoMetrix Software;;;;;
ISON Technologies;;;;;
iSON Xperiences;;;;;
Ison Xperiences;;;;;
Isospan (Pty) Ltd;;;;;
Isowall Southern Africa (Pty) Ltd;;;;;
Isoyi Lempilo Agricultural and Multi-Purpose Co-Operative (Pty) Ltd;;;;;
iSPACE ZA;;;;;
iSquared;;;;;
iSquared South Africa;;;;;
ISS Facility Services (Pty) Ltd;;;;;
ISSA - The Worldwide Cleaning Industry Association;;;;;
iStore;;;;;
istratgo.com;;;;;
istream.co.za;;;;;
Isulabasha Agricultural Co-operative Limited;;;;;
Isuzu East Africa;;;;;
Isuzu Kenya;;;;;
Isuzu Motors South Africa;;;;;
Isuzu Truck Centre (Pty) Ltd;;;;;
Isuzu Truck South Africa (Pty) Ltd;;;;;
IT;;;;;
IT Evolution;;;;;
It kyema;;;;;
IT Naledi;;;;;
IT Naledi Solution;;;;;
IT School Innovations;;;;;
IT Talent B2C - COD Clients FY2023 - 2024;;;;;
IT Web Ltd;;;;;
it.bw;;;;;
Itac;;;;;
Itakane Trading 222 (Pty) Ltd;;;;;
Italconstruct International Ltd;;;;;
ItalFrame Ltd;;;;;
Italgen Maroc SA;;;;;
Italian Textile Industries CC;;;;;
Italian-Thai Development Public Company Ltd;;;;;
Italmoto SA (Pty) Ltd;;;;;
Italpac (Pty) Ltd;;;;;
Italtile Ceramics (Pty) Ltd;;;;;
Italtile Ltd;;;;;
Italtile Mauritius (Pty) Ltd;;;;;
itas.co.za;;;;;
ITB Nigeria Ltd;;;;;
ITD;;;;;
itdtaps.co.za;;;;;
IT-Dynamics (Pty) Ltd;;;;;
Itec Cape Town;;;;;
ITEC Distribution (Pty) Ltd;;;;;
ITEC SA (Pty) Ltd;;;;;
Itec South Africa;;;;;
ITEX Integrated Services;;;;;
ITgility;;;;;
Ithala Development Bank;;;;;
Ithala Development Finance Corporation Ltd;;;;;
Ithala SOC Ltd;;;;;
Ithala Stock Limited;;;;;
Ithemba IT Services;;;;;
Ithuba Holdings (RF) (Pty) Ltd;;;;;
ITHUBA Lottery;;;;;
Ithuba Paints CC;;;;;
Itida;;;;;
Itissalat Al Maghrib SA;;;;;
itl-group.co.za;;;;;
iTMaster;;;;;
ITNewsAfrica.com;;;;;
ITNT Grant Colyn;;;;;
ITOO Special Risks;;;;;
Itopia Interactive;;;;;
ITPRO LDA;;;;;
ITQ Business Solutions;;;;;
ITT Inspirations Travel and Tours (Pty) Ltd;;;;;
Itumele Bus Lines (Pty) Ltd;;;;;
itwarehoursesl.com;;;;;
IUA;;;;;
Ivanhoe Mines Ltd;;;;;
Ivanplats (Pty) Ltd;;;;;
Iveco South Africa (Pty) Ltd;;;;;
Ivili Loboya (Pty) Ltd;;;;;
Ivoirel Lte;;;;;
ivoiretransport.com;;;;;
IvoirusBuyer;;;;;
Ivory Properties (Pty) ltd;;;;;
Ivuzi Investments (RF) Ltd;;;;;
Ivy Crest Trading (Pty) Ltd;;;;;
iwave Kenya Limited;;;;;
iWay;;;;;
iWay Africa (Tanzania) Ltd;;;;;
iWay Africa Cote d'Ivoire SARL;;;;;
iWay Africa Ghana Ltd;;;;;
iWay Africa Kenya Ltd;;;;;
iWay Africa Ltd (Mauritius);;;;;
iWay Africa Namibia (Pty) Ltd;;;;;
iWay Africa Swaziland (Pty) Ltd;;;;;
iWay Africa Uganda Ltd;;;;;
iWay Africa Zimbabwe (Pvt) Ltd;;;;;
IWC;;;;;
IWG;;;;;
iWYZE;;;;;
iX engineers;;;;;
iX Online Motoring (Pty);;;;;
Ixia Trading 210 (Pty) Ltd;;;;;
Ixoflo (Pty) Ltd;;;;;
Izak and Iris Investments (Pty) Ltd;;;;;
Izikathi Security (Pty) Ltd;;;;;
Iziko Museums;;;;;
Iziko Museums of Cape Town;;;;;
Izilwanyana Game Farm (Pty) Ltd;;;;;
Izimbiwa Coal (Pty) Ltd;;;;;
Izimor (Pty) Ltd;;;;;
Izimpondo Communications (Pty) Ltd;;;;;
Izingwe Cables (Pty) Ltd;;;;;
Izinkonjane Agricultural;;;;;
Izinyathi Game Ranch (Pty) Ltd;;;;;
Izo-solutions Pty Ltd;;;;;
Izwe;;;;;
Izwe Kenya;;;;;
Izwe Loans Ltd;;;;;
J and B Sportswear Manufacturers CC;;;;;
J C B Barokatshipi Tse Kgolo (Pty) Ltd;;;;;
J D O Directories CC;;;;;
J F Hillebrand South Africa (Pty) Ltd;;;;;
J Gross and Company (Pty) Ltd;;;;;
J J Bricks (Pty) Ltd;;;;;
J N Plumbing CC;;;;;
J P Morgan Equities South Africa (Pty) Ltd;;;;;
J P Morgan Securities South Africa (Pty) Ltd;;;;;
J R Nominees (Pty) Ltd;;;;;
J Ryan (Pty) Ltd;;;;;
J T Ross (Pty) Ltd;;;;;
J T Ross and Son (Pty) Ltd;;;;;
J T Ross Properties (Pty) Ltd;;;;;
J Walter Thompson Cape Town (Pty) Ltd;;;;;
J Walter Thompson Company South Africa (Pty) Ltd;;;;;
J Wollbrandt;;;;;
J&G Transport (Pty) Ltd (Lesotho);;;;;
J&J Transport Zambia Ltd;;;;;
J&J Vibes;;;;;
JA Delmas;;;;;
JA Engineering;;;;;
Jab Dried Fruit Products (Pty) Ltd;;;;;
Jabba Connect;;;;;
Jabu Clothing CC;;;;;
Jabulani Rural Health Foundation;;;;;
JABULANI RURAL HEALTH FOUNDATION;;;;;
Jacana Media (Pty) Ltd;;;;;
Jacaranda FM (Pty) Ltd;;;;;
Jacaranda Health;;;;;
Jacasser Investment and Holding (Pty) Ltd;;;;;
Jack Hammer;;;;;
Jack Tellor (International) Ltd;;;;;
jackmartin.co.za;;;;;
Jackpersad & Partners;;;;;
Jack's Paint and Hardware (Franchises) CC;;;;;
Jacksons Metals (Pty) Ltd;;;;;
Jackstadt South Africa (Pty) Ltd;;;;;
Jacob Bethel;;;;;
Jacobs Bros Boat Builders CC;;;;;
Jacobs Capital (Pty);;;;;
Jacobs Capital (Pty) Ltd;;;;;
Jacobs Douwe Egberts;;;;;
Jacobs Transport;;;;;
Jacobs Wines Ltd;;;;;
Jacobsbaai Sea Products (Pty) Ltd;;;;;
Jacobsocchealth;;;;;
Jacobsrust Boerderye (Pty) Ltd;;;;;
Jacolco (Pty) Ltd;;;;;
Jacos Engines - 031 3326096 / 082 728 7862 / info@jacosengines.co za;;;;;
Jacques Germanier (Pty) Ltd;;;;;
Jacques Hau (Pty) Ltd;;;;;
Jacques Malan Consultants and Actuaries (RSA) (Pty) Ltd;;;;;
Jade Corporate Clothing Concepts (Pty) Ltd;;;;;
Jade E-Services South Africa (Pty) Ltd;;;;;
Jadine House CC;;;;;
Jaff and Company (Pty) Ltd;;;;;
Jafprop (Pty) Ltd;;;;;
JAG Engineering (SA) (Pty) Ltd;;;;;
Jag Web Marketing (Pty) Ltd;;;;;
Jagersfontein Developments (Pty) Ltd;;;;;
Jagersfontein Investments (Pty) Ltd;;;;;
Jaguar Land Rover (South Africa) (Pty) Ltd;;;;;
JAGUAR LAND ROVER LIMITED;;;;;
Jaguar Metals (Pty) Ltd;;;;;
Jahaan CC;;;;;
JAIZ Bank Plc;;;;;
Jakaranda Kinderhuis;;;;;
JAM Clothing SA;;;;;
JAM South Africa;;;;;
Jamax Trust and Investment Company (Pty) Ltd;;;;;
Jambojet;;;;;
Jambojet Limited ;;;;;
Jameka Solutions;;;;;
James Howden Holdings (Pty) Ltd;;;;;
James Madison University;;;;;
James Walker;;;;;
Jamie;;;;;
Jamii Bora Bank;;;;;
Jamii Telecom;;;;;
Jamii Telecommunication Ltd;;;;;
Jan Silvis Nominees (Pty) Ltd;;;;;
Jane Furse Builders Supply;;;;;
Janizary Investments (Pty) Ltd;;;;;
Janssen Pharmaceutica (Pty) Ltd;;;;;
Janus Continental Group;;;;;
Japan Motors Trading Co. Ltd;;;;;
Japan Tobacco Inc.;;;;;
Japan Tobacco International (JTI);;;;;
Japan Tobacco International (Zambia);;;;;
Japanese Ships Suppliers (Pty) Ltd;;;;;
Japaul Oil & Maritime Services Plc;;;;;
Jardine Lloyd Thompson Group Ltd;;;;;
Jaroop Gardens (Pty) Ltd;;;;;
Jars Galore (Pty) Ltd;;;;;
Jarvie Holdings (Pty) Ltd;;;;;
Jarwil (Pty) Ltd;;;;;
JAS Forwarding S A (Pty) Ltd;;;;;
JAS Projects Forwarding S.A. (Pty) Ltd;;;;;
Jasco Converged Solutions (Pty) Ltd;;;;;
Jasco Distributors (Pty) Ltd;;;;;
Jasco Electronics Holdings Ltd;;;;;
Jasco Electronics Investments (Pty) Ltd;;;;;
Jasco Energy and Industry Solutions (Pty) Ltd;;;;;
Jasco Enterprise (Pty) Ltd;;;;;
Jasco ICT-Datafusion (Pty) Ltd;;;;;
Jasco Systems (Pty) Ltd;;;;;
Jasco Trading (Pty) Ltd;;;;;
Jasent (Pty) Ltd;;;;;
Jasper Power Company (RF) (Pty) Ltd;;;;;
Jaspers Restaurant CC;;;;;
Java Brands (Pty) Ltd;;;;;
Javing Textiles (Pty) Ltd;;;;;
javseal.co.za;;;;;
Jay and Jayendra (Pty) Ltd;;;;;
Jay Shelf 1 (Pty) Ltd;;;;;
jayden@.gmail;;;;;
Jay-Vac Interiors CC;;;;;
Jaz Marine (Pty) Ltd;;;;;
JB Marks Local Municipality;;;;;
jcbinc.co.za;;;;;
JCDeCaux South Africa (Pty) Ltd;;;;;
JCDeCaux South Africa Holdings (Pty) Ltd;;;;;
JCDeCaux South Africa Outdoor Advertising (Pty) Ltd;;;;;
JCDecaux SPG Outdoor Advertising (Pty) Ltd;;;;;
JCDeCaux SubSaharan Africa (Pty) Ltd;;;;;
JCDeCaux SubSaharan Africa Holdings (Pty) Ltd;;;;;
Jcgroup;;;;;
JCI Ltd;;;;;
JCM Consultants;;;;;
JD Consumer Electronics and Appliances (Pty) Ltd;;;;;
JD Financial Services (Namibia) (Pty) Ltd;;;;;
JD Group (Botswana) (Pty) Ltd;;;;;
JD Group (Lesotho) (Pty) Ltd;;;;;
JD Group (Namibia) (Pty) Ltd;;;;;
JD Group (Pty) Ltd / Pepkor Lifestyle;;;;;
JD Group International (Pty) Ltd;;;;;
JD Group Property Holdings (Pty) Ltd;;;;;
JD Group Swaziland (Pty) Ltd;;;;;
JDG Micro Insurance Ltd;;;;;
JDG Micro Life Ltd;;;;;
Jean and Ian Short CC;;;;;
Jeff Hamilton Kenya Ltd;;;;;
Jekeso Insights;;;;;
Jellyfish Online Marketing (SA) (Pty) Ltd;;;;;
Jemhr;;;;;
Jen Sportswear CC;;;;;
Jenda's Textiles (Pty) Ltd;;;;;
Jenge Chilambo;;;;;
Jenna Clifford Designs (Pty) Ltd;;;;;
Jenna Hills Coaching;;;;;
Jenny;;;;;
Jensen Belts (Pty) Ltd;;;;;
Jenst Investments (Pty) Ltd;;;;;
jepapers.co.za;;;;;
jephy-webmail.com;;;;;
Jeppe High School for Boys;;;;;
Jerry k da great Dj;;;;;
Jersey-Worx Suppliers CC;;;;;
JESA Farm Dairy;;;;;
JESA Group;;;;;
Jescan Construction Ltd;;;;;
JESEM Education Training and Services;;;;;
Jess and Megan Beauty Salon CC;;;;;
Jet Contractors SA;;;;;
Jet Education Services;;;;;
JET Education Services;;;;;
Jet Orientation Centre (Pty) Ltd;;;;;
Jet Supermarkets Botswana (Pty) Ltd;;;;;
Jetline Franchises (Pty) Ltd;;;;;
Jetmaster (Pty) Ltd;;;;;
Jetro;;;;;
Jetstar Tours (Pty) Ltd;;;;;
Jetstar Travel (Pty) Ltd;;;;;
Jetweb;;;;;
jeuneafrique-maroc.com;;;;;
Jewellers and Goldsmiths' Union;;;;;
Jewellery Council of South Africa (The);;;;;
JFM Construction Ltd;;;;;
jfpm.co.za;;;;;
jgicomms.co.za;;;;;
jglgroup.co.za;;;;;
JH Erasmus;;;;;
jhbcitypark.com;;;;;
JHC;;;;;
JHI Project Management (Pty) Ltd;;;;;
JHI Property Services Ghana Ltd;;;;;
JHI Retail (Pty) Ltd;;;;;
JHL CC;;;;;
Jhpiego Corporation;;;;;
Jibu Inc.;;;;;
JIC Engineering Services (Pty) Ltd;;;;;
Jikelele Steel Fabrication (Pty) Ltd;;;;;
Jinbei SA (Pty) Ltd;;;;;
Jindal Africa Investments (Pty) Ltd;;;;;
Jindal Energy (SA) (Pty) Ltd;;;;;
Jindal Mining SA (Pty) Ltd;;;;;
JinkoSolar (Pty) Ltd;;;;;
Jiradox (Pty) Ltd;;;;;
Jirah Group;;;;;
JJ Viljoen;;;;;
JJM Fashion Trading CC;;;;;
jjmaritz.co.za;;;;;
JLM Industries (South Africa) (Pty) Ltd;;;;;
JLP Securities (Pty) Ltd;;;;;
JLR International Trading (Pty) Ltd;;;;;
JM Busha Asset Managers (Pty) Ltd;;;;;
JM Busha Investment Group (Pty) Ltd;;;;;
JMD Fashions CC;;;;;
JMH Property Holdings (Pty) Ltd;;;;;
JMI;;;;;
JMR Software;;;;;
Jo Borkett Fashions (Pty) Ltd;;;;;
JOAT Group;;;;;
Joat Sales and Services (Pty) Ltd;;;;;
Job;;;;;
Job Club Fund (The);;;;;
Jobe Environmental Systems (Pty) Ltd;;;;;
Joburg Centre For Software Engineering;;;;;
Joburg Property;;;;;
Joburg Theatre;;;;;
Joburg Water;;;;;
JoburgParksZoo;;;;;
Joe;;;;;
Joe Gqabi District Municipality;;;;;
Joe Morolong Local Municipality;;;;;
Joe Public;;;;;
Joekels Tea Packers (Pty) Ltd;;;;;
Joest Kwatani (Pty) Ltd;;;;;
Johannesburg Chamber Of Commerce and Industry;;;;;
Johannesburg Development Agency (Pty) Ltd;;;;;
Johannesburg Insurance Holdings (Pty) Ltd;;;;;
Johannesburg International Motor Show (Pty) Ltd;;;;;
Johannesburg Metropolitan Bus Services SOC Ltd;;;;;
Johannesburg Road Agency;;;;;
Johannesburg Sewing Centre CC;;;;;
Johannesburg Social Housing;;;;;
Johannesburg Social Housing Company SOC Limited (JOSHCO);;;;;
Johannesburg Society of Advocates;;;;;
Johannesburg Timber and Box CC;;;;;
Johannesburg Water SOC Ltd;;;;;
Johannsburg Roads Agency;;;;;
John Bean Technologies (Pty) Ltd;;;;;
John Chapman (Pty) Ltd;;;;;
John Craig (Pty) Ltd;;;;;
John Crane Inc.;;;;;
John Deere;;;;;
John Dorys;;;;;
John Dory's Advertising (Pty) Ltd;;;;;
John Dory's Franchise (Pty) Ltd;;;;;
John F. Marshall Botswana (Pty) Ltd;;;;;
John Holt Plc;;;;;
John Moffat Prolock (Pty) Ltd;;;;;
John Player and Sons (Pty) Ltd;;;;;
John Sanei;;;;;
John T Essberger GmbH & Co KG;;;;;
John Taolo Gaetsewe District Municipality;;;;;
Johnnic Communications Ltd;;;;;
Johnnys Liquor;;;;;
John's organization;;;;;
Johnson & Johnson Services, Inc.;;;;;
Johnson and Johnson (Pty) Ltd;;;;;
Johnson and Johnson Medical (Pty) Ltd;;;;;
Johnson Controls Inc;;;;;
Johnson Controls Interiors East London (Pty) Ltd;;;;;
Johnson Crane Hire (Pty) Ltd;;;;;
Johnson Matthey (Pty) Ltd;;;;;
Johnson Matthey Research South Africa (Pty) Ltd;;;;;
Johnson Matthey Salts (Pty) Ltd;;;;;
Johnson Matthey South Africa;;;;;
JOINT AID MANAGEMENT INTERNATIONAL;;;;;
Joint Blast Extractive Metallurgy (Pty) Ltd;;;;;
Joint Distribution Investments (Pty) Ltd;;;;;
Joint Medical Holdings Ltd;;;;;
Joint Prosperity;;;;;
Joleys CC;;;;;
Jonah Coal Botswana Ltd;;;;;
Jonah Coal Indongo;;;;;
jonathanmann.biz;;;;;
Jones Lang LaSalle, IP, Inc.;;;;;
Jonet Outdoor Advertising (Pty) Ltd;;;;;
Jonga Entabeni Property Investments (Pty) Ltd;;;;;
Jonrac Trading (Pty) Ltd;;;;;
Jonsson Group;;;;;
Jonsson Workwear (Pty) Ltd;;;;;
Jonsson Workwear Depot;;;;;
Jordi B Clothing CC;;;;;
Jorobizo;;;;;
Jorum Property Investments (Pty) Ltd;;;;;
Jos International Breweries Plc;;;;;
Josh's DJ;;;;;
Jospong (Ghana);;;;;
Jost Transport Equipment;;;;;
Jovaro Investment Holdings (Pty) Ltd;;;;;
JOVENA;;;;;
Joy Global (Africa) (Pty) Ltd;;;;;
Jozi CMT (Pty) Ltd;;;;;
Jozi Hub;;;;;
Jozi Music (Pty) Ltd;;;;;
Jozini Local Municipality;;;;;
JPC;;;;;
JPMorgan Chase & Co;;;;;
JPMorgan Chase Bank NA;;;;;
JSE Clear (Pty) Ltd;;;;;
JSE Ltd;;;;;
JSE Trustees (Pty) Ltd;;;;;
JSW Energy Natural Resources South Africa (Pty) Ltd;;;;;
JT and T Agencies and Maintenance CC;;;;;
JT International South Africa (Pty) Ltd;;;;;
JT logistics;;;;;
JTC plc;;;;;
JTI Leaf Malawi;;;;;
Juanre Clothing Manufacturers CC;;;;;
Jubilee;;;;;
Jubilee Asset Management Limited ;;;;;
Jubilee Centre Burundi;;;;;
Jubilee Financial Services Limited (Kenya);;;;;
Jubilee Health Insurance Company of Uganda Limited;;;;;
Jubilee Health Insurance Limited (Kenya);;;;;
Jubilee Health Insurance Limited (Tanzania);;;;;
Jubilee Holdings Limited;;;;;
Jubilee Holdings Limited Properties (Kenya);;;;;
Jubilee Insurance (Mauritius) Ltd (The);;;;;
Jubilee Insurance Burundi SA (The);;;;;
Jubilee Insurance Company of Kenya Ltd (The);;;;;
Jubilee Insurance Company of Tanzania Ltd;;;;;
Jubilee Insurance Company of Uganda Ltd (The);;;;;
Jubilee Investments Burundi Ltd;;;;;
Jubilee Investments Company Ltd (Uganda);;;;;
Jubilee Investments Tanzania Ltd;;;;;
Jubilee Life Company of Burundi;;;;;
Jubilee Life Insurance Company of Uganda Limited;;;;;
Jubilee Life Insurance Corporation of Tanzania Ltd.;;;;;
Jubilee Life Insurance Limited (Kenya);;;;;
Jubilee Life Insurance Tanzania;;;;;
Jubilee Metals Group Plc;;;;;
Jubilee Processing (Pty) Ltd;;;;;
Jubilee Tailings Treatment Company (Pty) Ltd;;;;;
Judical Services Commission;;;;;
Judy's Pride Fashions (Pty) Ltd;;;;;
Juhayna Food Industries SAE;;;;;
Juhudi Kilimo;;;;;
juiceforafrica.co.za;;;;;
Juli Plc;;;;;
Juliana MATHEWS;;;;;
Julius Berger Investments Ltd;;;;;
Julius Berger Medical Services Ltd;;;;;
Julius Berger Nigeria Plc;;;;;
Julius Berger Services Nigeria Ltd;;;;;
Jumbo Brands;;;;;
Jumbo Cash & Carry (Windhoek);;;;;
Jumia Group;;;;;
Jumia Kenya;;;;;
JUMO;;;;;
Jumo World;;;;;
JumpCo (Pty) Ltd;;;;;
Jungheinrich South Africa;;;;;
Jungheinrich South Africa (Pty) Ltd;;;;;
juniorcolleges.co.za;;;;;
Junit Manufacturing CC;;;;;
Junk Mail Distribution (Pty) Ltd;;;;;
Jupicol (Pty) Ltd;;;;;
Jupicorp (Pty) Ltd;;;;;
Jupiter Container Property (Pty) Ltd;;;;;
Jupiter Drawing Room (Cape Town) (Pty) Ltd (The);;;;;
Jupiter Socks Business Enterprise CC;;;;;
Juran Consulting and Training SA (Pty) Ltd;;;;;
Jurgens CI (Pty) Ltd;;;;;
Jurgens Steelworx (Pty) Ltd;;;;;
Juris Tax;;;;;
Jurumani Solutions (Pty) Ltd;;;;;
Juspoint Nominees (RF) (Pty) Ltd;;;;;
Just Batteries (Pty) Ltd;;;;;
Just Donuts Franchising CC;;;;;
Just Dynamics Software Solutions;;;;;
Just Property Group Holdings (Pty) Ltd (The);;;;;
Just Sets (SA) (Pty) Ltd;;;;;
Justech;;;;;
justfabulous.co.za;;;;;
Justicia Investigations;;;;;
Justsolve;;;;;
JustSolve (Pty) Ltd;;;;;
justsolve.co.za;;;;;
Jusvest (Pty) Ltd;;;;;
Juta and Company (Pty) Ltd;;;;;
JUWI South Africa;;;;;
JVC freight carriers;;;;;
JVR Africa Group;;;;;
JW Seagon;;;;;
JW SEAGON & COMPANY LTD;;;;;
Jwater;;;;;
jwayelani.co.za;;;;;
jwc.co.za;;;;;
JWR Finansiele Dienste (Pty) Ltd;;;;;
JWR Risk Services (Pty) Ltd;;;;;
jyahoo.co.za;;;;;
Jyoti Structures Africa (Pty) Ltd;;;;;
K A V Panelbeaters CC;;;;;
K and J Property Investment (Pty) Ltd;;;;;
K B H Industrial (Pty) Ltd;;;;;
K Fashion Group (Pty) Ltd;;;;;
K G A Lewens Ltd;;;;;
K Line America;;;;;
K Line Shipping (South Africa) (Pty) Ltd;;;;;
K M C Manufacturing (Pty) Ltd;;;;;
K Marcus ;;;;;
K Plus S Africa (Pty) Ltd;;;;;
K V Art (Pty) Ltd;;;;;
K Wilson and Company (Pty) Ltd;;;;;
K2 Medical (Pty) Ltd;;;;;
K2011112934 (Pty) Ltd;;;;;
K2011126574 (Pty) Ltd;;;;;
K2011150081 (South Africa) (Pty) Ltd;;;;;
K2012069321 (South Africa) (Pty) Ltd;;;;;
K2012150042 (South Africa) (Pty) Ltd;;;;;
K2013137280 (Pty) Ltd;;;;;
K2014013403 (Pty) Ltd;;;;;
K2014018071 (RF) (Pty) Ltd;;;;;
K2014092573 (Pty) Ltd;;;;;
K2014144230 (Pty) Ltd;;;;;
K2014155265 (Pty) Ltd;;;;;
K2014263662 (South Africa) (Pty) Ltd;;;;;
K2015310081 (South Africa) (Pty) Ltd;;;;;
K2015388659 (South Africa) (Pty) Ltd;;;;;
K5 Business;;;;;
Kaalfontein Yard (Pty) Ltd;;;;;
Kaap Agri Bedryf Ltd;;;;;
Kaap Agri Beleggings Ltd;;;;;
Kaap Agri Ltd;;;;;
Kabega Christian School;;;;;
Kabo the math tutor;;;;;
Kabras;;;;;
Kadd Capital (Pty) Ltd;;;;;
Kadence Blue HR;;;;;
Kadimah Trading Corporation (Pty) Ltd;;;;;
Kaefer Energy Projects (Pty) Ltd;;;;;
Kaefer Thermal Contracting Services (Pty) Ltd;;;;;
Kaelo;;;;;
Kaelo Consulting (Pty) Ltd;;;;;
Kaelo Simply Healthcare Pty Ltd;;;;;
kaelotraining.co.za;;;;;
Kaffeine CRM;;;;;
Kafr El Zayat Pesticides & Chemicals Company SAE;;;;;
Kagera Sugar Ltd;;;;;
Kagiso Asset Management (Pty) Ltd;;;;;
Kagiso Broadcasting (Pty) Ltd;;;;;
Kagiso Capital (Pty) Ltd;;;;;
Kagiso Education (Pty) Ltd;;;;;
Kagiso Infrastructure Investments (Pty) Ltd;;;;;
Kagiso Integrated Services (Pty) Ltd;;;;;
Kagiso Interactive;;;;;
Kagiso Media (Pty) Ltd;;;;;
Kagiso Media Investments (Pty) Ltd;;;;;
Kagiso New Media (Pty) Ltd;;;;;
Kagiso Property Holdings (Pty) Ltd;;;;;
Kagiso Sizanani Capital (RF) (Pty) Ltd;;;;;
Kagiso Tiso Holdings;;;;;
Kagiso Tiso Holdings (Pty) Ltd;;;;;
Kagiso Treasury Solutions (Pty) Ltd;;;;;
Kagiso Trust Investments (Pty) Ltd;;;;;
Kagiso Trust Strategic Investments (RF) (Pty) Ltd;;;;;
Kahama Project Joint Venture;;;;;
Kahira Pharmaceuticals and Chemical Industries Company SAE;;;;;
Kahma Biotech (Pty) Ltd;;;;;
Kai !Garib Municipality;;;;;
Kairos Connect (Pty) Ltd;;;;;
Kairos Industrial Holdings (Pty) Ltd;;;;;
Kairos Trade & Consultancy Group;;;;;
Kaiser International (Pty) Ltd;;;;;
Kaiser, Maybach and Paschke;;;;;
Kaizer Chiefs;;;;;
Kajabimail;;;;;
Kajjansi small scale;;;;;
Kakira Sugar Limited;;;;;
Kakuzi Plc;;;;;
Kal Clothing CC;;;;;
Kal Tire Ltd.;;;;;
Kalagadi Investments (RF) (Pty) Ltd;;;;;
Kalagadi Manganese;;;;;
Kalagadi Manganese (Pty) Ltd;;;;;
Kalahari Energy Botswana;;;;;
Kalahari Film and Media Productions CC;;;;;
Kalahari Floor Tiles (Pty) Ltd;;;;;
Kalahari Holdings;;;;;
Kalahari Kid Corporation (Pty) Ltd;;;;;
Kalahari Spa (Pty) Ltd;;;;;
Kalaka Mining (Pty) Ltd;;;;;
Kalcon (Pty) Ltd (Botswana);;;;;
Kaleidoscope NeuroMarketing: email;;;;;
Kalem Property Holdings (Pty) Ltd;;;;;
Kalideck (Pty) Ltd;;;;;
Kalima Technology (Pty);;;;;
Kalkor (Pty) Ltd;;;;;
Kalkpoort Soutwerke CC;;;;;
Kalleo People Group;;;;;
Kalleo Technologies;;;;;
Kallos Exporters (Pty) Ltd;;;;;
Kalmar Industries South Africa (Pty) Ltd;;;;;
Kalon South Africa (Pty) Ltd;;;;;
Kalsaka Mining SA;;;;;
Kalundu Beverages Ltd, T/A Coca-Cola Beverages Zambia;;;;;
Kamassi Maritime (Pty) Ltd;;;;;
Kamersvol Geskenke CC;;;;;
Kammengo techical;;;;;
Kamo Placement CC;;;;;
Kamoeba;;;;;
Kampala International University;;;;;
Kamva;;;;;
Kamva Leadership CC;;;;;
Kangra Coal (Pty) Ltd;;;;;
Kanhym Estates (Pty) Ltd;;;;;
Kannaland Municipality;;;;;
Kano Electricity Distribution Company;;;;;
Kanoscape Investments (Pty) Ltd;;;;;
Kansai Plascon (Malawi) (Pty) Ltd;;;;;
Kansai Plascon (Pty) Ltd;;;;;
Kansai Plascon Africa Ltd;;;;;
Kansai Plascon Botswana (Pty) Ltd;;;;;
Kansai Plascon CMA (Pty) Ltd;;;;;
Kansai Plascon Kenya Ltd;;;;;
Kansai Plascon Mauritius (Pty) Ltd;;;;;
Kansai Plascon Namibia (Pty) Ltd;;;;;
Kansai Plascon Swaziland (Pty) Ltd;;;;;
Kansai Plascon Zambia Ltd;;;;;
kansaiplascon.co.ke;;;;;
Kansanshi Mining Plc (KMP);;;;;
Kantar Group;;;;;
Kantar Group Ltd.;;;;;
Kantar Millward Brown;;;;;
Kantar Retail (Pty) Ltd;;;;;
Kantar South Africa (Pty) Ltd;;;;;
Kanteys;;;;;
KAP Automotive (Pty) Ltd;;;;;
KAP Diversified Industrial (Pty) Ltd;;;;;
KAP Homeware (Pty) Ltd;;;;;
KAP Industrial Holdings Ltd;;;;;
Kapa Biosystems (Pty) Ltd;;;;;
Kapa Oil Refineries;;;;;
Kapa Oil Rifineries Ltd;;;;;
Kapama Game Reserve;;;;;
Kapchorua Tea Kenya Plc;;;;;
Kapesika Energy & Petroleum LTD;;;;;
Kapesika Group of Companies;;;;;
Kapico South Africa (Pty) Ltd;;;;;
Kapitan Trading CC;;;;;
Kaplan & Stratton Advocates;;;;;
Kaplian Trading (Pty) Ltd;;;;;
Kappa Engineering (Pty) Ltd;;;;;
kapsch.co.za;;;;;
Kapula Candles South Africa (Pty) Ltd;;;;;
Kaqala Media (Pty) Ltd;;;;;
Karan Beef (Pty) Ltd;;;;;
Kara's Transworld Import and Export CC;;;;;
Karbasso JV SARL;;;;;
Karbochem (Pty) Ltd;;;;;
Karcher (Pty) Ltd;;;;;
Kareeberg Municipality;;;;;
Kareevlei Mining (Pty) Ltd;;;;;
Karen Country Club;;;;;
karen.or.ke;;;;;
Kariba Minerals Ltd;;;;;
Karibib Mining & Construction Company (Namibia) Ltd;;;;;
Karibu Hospitality (Pty) Ltd;;;;;
karibunetworks;;;;;
Kariega Park (Pty) Ltd;;;;;
Kariki-Marginpar;;;;;
Karina International Ltee;;;;;
Karino Sitrus Co-Operative Ltd;;;;;
Karma Clothing (Pty) Ltd;;;;;
Karo Manufacturing (Pty) Ltd;;;;;
Karsten Boerdery;;;;;
Kasapreko Company Ltd;;;;;
Kasha;;;;;
Kasha Global;;;;;
Kasimira Trading 137 (Pty) Ltd;;;;;
Kaskade.Cloud;;;;;
KASNEB  (Kenya Accountants and Secretaries National Examination Board);;;;;
Kasubuya Exploration Company Ltd;;;;;
Kat Leisure (Pty) Ltd;;;;;
Kat Leisure Investments (Pty) Ltd;;;;;
Katanga Catering Services (Pty) Ltd;;;;;
Katanga Parking Services (Pty) Ltd;;;;;
Katanga Property Care (Pty) Ltd;;;;;
Katanga X Holdings (Pty) Ltd;;;;;
Katani Ltd;;;;;
Katfam Investments CC;;;;;
Kathy Vaughan;;;;;
Katz Breskal Insurance Brokers (Pty) Ltd;;;;;
Kauai;;;;;
Kawasaki Fourways (Pty) Ltd;;;;;
Kawasaki Kisen Kaisha Ltd;;;;;
Kaxu CSP O and M Company (Pty) Ltd;;;;;
KaXu Solar One (RF) (Pty) Ltd;;;;;
Kaya FM (Pty) Ltd;;;;;
Kaybon (Pty) Ltd;;;;;
Kaydav Group Ltd;;;;;
Kaydees Fashions 1 (Pty) Ltd;;;;;
kaye-and-kaye-;;;;;
Kaymac Group Management;;;;;
KAYODE FILANI & CO.;;;;;
Kazang;;;;;
Kazat services;;;;;
KBC Health and Safety;;;;;
KBD Management (Pty) Ltd;;;;;
KBD Retail Properties (Pty) Ltd;;;;;
KBR Inc;;;;;
KCB Bank Burundi Ltd;;;;;
KCB Bank Kenya Limited;;;;;
KCB Bank Rwanda Ltd;;;;;
KCB Bank South Sudan Ltd;;;;;
KCB Bank Tanzania Ltd;;;;;
KCB Bank Uganda Ltd;;;;;
KCB Group Ltd;;;;;
KCB Group Plc;;;;;
KCDM;;;;;
KCL Ltd;;;;;
KCRI;;;;;
KCSA Holdings (Pty) Ltd;;;;;
KDGC (Pty) Ltd;;;;;
Ke Nako GP II (Pty) Ltd;;;;;
Ke Nako Sportswear Manufacturers (Pty) Ltd;;;;;
Kearsney College;;;;;
Keaton Administrative and Technical Services (Pty) Ltd;;;;;
Keaton Energy Holdings Ltd;;;;;
Keaton Mining (Pty) Ltd;;;;;
Kebire Enterprise Plc;;;;;
Keboes Farms;;;;;
Keedo International (Pty) Ltd;;;;;
Keegor Group;;;;;
Keeley Granite (Pty) Ltd;;;;;
Keemo Consult;;;;;
Keep Investments (Pty) Ltd;;;;;
Kees Beyers Chocolate CC;;;;;
Kegomall;;;;;
kekeli.tg;;;;;
K-Electric Ltd;;;;;
Kelgran Ltd;;;;;
Kellen Maintenance Services CC;;;;;
Kellogg Company;;;;;
Kellogg Company - Malaysia;;;;;
Kelly Andrews Recruitment (Pty) Ltd;;;;;
Kelly Corporate Finance (RF) (Pty) Ltd;;;;;
Kelly Group Shared Services (Pty) Ltd;;;;;
Kelp Products (Pty) Ltd;;;;;
kelpack.co.za;;;;;
Kelvin Power (Pty) Ltd;;;;;
Kelvion Holding (Pty) Ltd;;;;;
Kelvion Services (Pty) Ltd;;;;;
Kelvion Thermal Solutions (Pty) Ltd;;;;;
Kelway Hotel;;;;;
Kemach Equipment (Pty) Ltd;;;;;
Kemklean (Pty) Ltd;;;;;
kempiski.com;;;;;
Kempster Sedgwick (Pty) Ltd;;;;;
Kempston Credit (Pty) Ltd;;;;;
Kempston Finance (Pty) Ltd;;;;;
Kempston Logistics (Pty) Ltd;;;;;
Kempston Motor Group Trust;;;;;
Kempston Outsourcing (Pty) Ltd;;;;;
Kempston Trading (Pty) Ltd;;;;;
Kemri;;;;;
Kena Media Communications (Pty) Ltd;;;;;
Kena Outdoor (Pty) Ltd;;;;;
KENAC Computer Systems;;;;;
Kenafric Industries;;;;;
Kenafric Industries Ltd;;;;;
Kenalb Training Solutions;;;;;
Kenbright;;;;;
Kenbright ;;;;;
Kenbro Industries Limited;;;;;
Kenchic Limited;;;;;
Kencom House Ltd;;;;;
Kendall Company of South Africa (Pty) Ltd (The);;;;;
Kendra Saint Pierre Ltd;;;;;
Kenergyserv;;;;;
kenerysen.co.za;;;;;
keneryserv.co.za;;;;;
Kenfreight East Africa Limited;;;;;
kenfreight.co.ke;;;;;
KenGen SRBS;;;;;
KenGen Staff Retirement Scheme;;;;;
kenilworthracing.com;;;;;
Kenindia Assurance Company Ltd;;;;;
Kenmeade (Pty) Ltd;;;;;
KenolKobil Ltd;;;;;
Kenrod Engineering (Pty) Ltd;;;;;
Kenru Fire Protection (Pty) Ltd;;;;;
Kensani Capital Investments (Pty) Ltd;;;;;
Kensil Green Property (Pty) Ltd;;;;;
Kenswitch - EFT Corporation;;;;;
Kent Motors;;;;;
Kentfield 2 (Pty) Ltd;;;;;
Kenton Eco Estate Ltd;;;;;
Kentucky Tobacco Corporation (Pty) Ltd;;;;;
Kentz Engineers and Constructors Lda;;;;;
Kenya;;;;;
Kenya  Tourism Board;;;;;
Kenya Airfreight Handling Ltd;;;;;
Kenya Airways Cargo Ltd;;;;;
Kenya Airways Plc;;;;;
Kenya Association of Manufacturers;;;;;
Kenya Bankers Association;;;;;
Kenya Breweries Ltd;;;;;
Kenya Cement Marketing Ltd (Kenya);;;;;
Kenya Civil Aviation Authority;;;;;
Kenya Climate Innovation Center;;;;;
Kenya Climate Innovation Centre (KCIC);;;;;
Kenya Commercial Bank (Tanzania) Limited;;;;;
Kenya Community Development Foundation;;;;;
Kenya Community Development Foundation (KCDF);;;;;
Kenya Distillers Ltd;;;;;
Kenya Electricity Generating Company Ltd;;;;;
Kenya Forest Service;;;;;
Kenya Institute for Curriculum Development (KICD);;;;;
Kenya Institute of Management (KIM);;;;;
Kenya Liquor Distributors Ltd;;;;;
Kenya Markets Trust;;;;;
Kenya Markets Trust NPO;;;;;
Kenya Medical Supplies Agency;;;;;
Kenya Medical Supplies Authority KEMSA;;;;;
Kenya National Library Service;;;;;
Kenya National Private Security Workers Union;;;;;
Kenya Nut;;;;;
Kenya Nut Company;;;;;
Kenya Orchards Ltd;;;;;
Kenya Orient Insurance Limited;;;;;
Kenya Petroleum Refineries Ltd;;;;;
Kenya Pipeline Company;;;;;
Kenya Plant Health Inspectorate Service (KEPHIS);;;;;
Kenya Police Sacco;;;;;
Kenya Ports Authority;;;;;
Kenya Power and Lighting Company Ltd;;;;;
Kenya Private Sector Alliance;;;;;
Kenya Private Sector Alliance (KEPSA);;;;;
Kenya Railways;;;;;
Kenya Red Cross Society;;;;;
Kenya Reinsurance Corporation Ltd;;;;;
Kenya Revenue Authority;;;;;
Kenya Roads Board;;;;;
Kenya School of Government;;;;;
Kenya School of Monetary Studies (KSMS);;;;;
Kenya Seed Company Ltd;;;;;
Kenya Space Agency;;;;;
Kenya Tea Packers (KETEPA) Ltd;;;;;
Kenya Tea Packers Limited;;;;;
Kenya Tourism Board;;;;;
Kenya Towers SA;;;;;
Kenya Trade Network Agency;;;;;
Kenya Utalii College;;;;;
Kenya Wine Agencies Ltd;;;;;
Kenya Women Microfinance Bank Ltd;;;;;
kenyaairways.com;;;;;
Kenyan Alliance Insurance Company Ltd;;;;;
Kenyatta University;;;;;
KEPHISKe;;;;;
KeplerCo;;;;;
Kepu Trading (Pty) Ltd;;;;;
Kerai Construction Ltd;;;;;
Keras Resources Plc;;;;;
Kerbyn 133 (Pty) Ltd;;;;;
Keren Kula Construction (Pty) Ltd;;;;;
Keritor Ltd;;;;;
Kermas Ltd;;;;;
Kerneos Southern Africa (Pty) Ltd;;;;;
Kerridge Commercial Systems Limited;;;;;
Kerry Inc;;;;;
Kerry Ingredients South Africa (Pty) Ltd;;;;;
kessa.co.za;;;;;
Ketani Resources;;;;;
KEVAAT Academy Mauritania;;;;;
Kevali Chemical Group (Pty) Ltd;;;;;
Kevalichemicals;;;;;
Kevro;;;;;
Kevura;;;;;
Kewberg Cables and Braids (Pty) Ltd;;;;;
Key Coach;;;;;
Key Distributors (Pty) Ltd;;;;;
Key Holdings (Pty) Ltd;;;;;
Key Motor Group (Pty) Ltd;;;;;
Keyhealth Medical Scheme;;;;;
Keyline;;;;;
Keymatrix (Pty) Ltd;;;;;
keymed.co.za;;;;;
Keynes Rational Corporate Service (Pty) Ltd;;;;;
Keypak (Pty) Ltd;;;;;
KEYRUS South Africa (Pty) Ltd;;;;;
Keystone Investments (Pty) Ltd;;;;;
Keystone Learning (Pty) Ltd;;;;;
Keywood (RF) (Pty) Ltd;;;;;
KFC;;;;;
KFML Holdings;;;;;
KG Fashions CC;;;;;
KGA Life;;;;;
Kgalagadi Breweries (Pty) Ltd;;;;;
Kgale Quarries (Pty) Ltd;;;;;
Kganya;;;;;
Kgare Broad Based Socio Economic Empowerment (Pty) Ltd;;;;;
kgblaw.co.za;;;;;
KGE Solar Pumps (Pty) Ltd;;;;;
KGE Technology Two Thousand CC;;;;;
Kgwerano Financial Services (Pty) Ltd;;;;;
Khabane Majestic Consulting;;;;;
khaflinsholdings.co.za;;;;;
Khal Amazi Ltd;;;;;
Khangelani Agricultural Primary Co-operative Limited;;;;;
Khano HR Solutions;;;;;
Khanya Africa Networks;;;;;
Khanyisa Real Systems;;;;;
Khanyisa Real Systems (Pty) Ltd;;;;;
Kharafi holdings (Pty) Ltd;;;;;
Kharafi Hospitality (Pty) Ltd;;;;;
Kharazmi University;;;;;
Khauleza;;;;;
Khaya Car Hire (Pty) Ltd;;;;;
Khayelitsha Cookies (Pty) Ltd;;;;;
Khewija Engineering and Construction (RF) (Pty) Ltd;;;;;
KHI CSP O and M Company (Pty) Ltd;;;;;
KHI Solar One (RF) (Pty) Ltd;;;;;
Khipu Networks;;;;;
Khoisan Tea Import and Export (Pty) Ltd;;;;;
Khoi-Sun Development (Pty) Ltd;;;;;
Khokhela Consulting;;;;;
Khonology;;;;;
KHS GmbH;;;;;
Khula Credit Guarantee Ltd;;;;;
Khula Fleet Management (Pty) Ltd;;;;;
Khula Institutional Support Services;;;;;
Khula Nathi Empowerment;;;;;
Khula Solutions;;;;;
KHULA!;;;;;
khulaholdings.co.za;;;;;
Khulisa;;;;;
Khululeka Grief Support;;;;;
Khumani Iron Ore;;;;;
Khumo Property Management (Pty) Ltd;;;;;
Khuphuka Kings Airways (Pty) Ltd;;;;;
Khusela Solutions;;;;;
Khwela Academy NPC;;;;;
Kia Motors South Africa;;;;;
Kia Motors South Africa (Pty) Ltd;;;;;
Kia NorthCliff;;;;;
Kibo Breweries Ltd;;;;;
Kibo Mining Plc;;;;;
Kibo Poultry Products Ltd;;;;;
KICD;;;;;
kicpa.kr;;;;;
Kid Zone (Pty) Ltd (The);;;;;
Kiddo Investments (Pty) Ltd;;;;;
Kidogo Innovations Limited;;;;;
Kid's Talk CC;;;;;
Kigali Cement Company Ltd;;;;;
Kiira Motors Corporation;;;;;
Kikambangwe Investment Management Company (Pty) Ltd;;;;;
Kikar Investments (Pty) Ltd;;;;;
Kilimo Trust;;;;;
Kilmun Holdings Ltd;;;;;
Kilombero Plantations Ltd;;;;;
Kilombero Sugar Company Ltd;;;;;
Kimberley Consolidated Mining Ltd;;;;;
Kimberley Engineering Works Foundries (Pty) Ltd;;;;;
kimberleyclark.co.za;;;;;
Kimberly-Clark;;;;;
Kimberly-Clark East Africa;;;;;
Kimberly-Clark Southern Africa (Holdings) (Pty) Ltd;;;;;
Kimfay;;;;;
Kimisitu Sacco;;;;;
Kimosource (Pty) Ltd;;;;;
Kin Avia Sprl;;;;;
Kinangop Dairy;;;;;
Kindeva Drug Delivery;;;;;
Kindoc Park (Pty) Ltd;;;;;
Kinetic;;;;;
Kinetic Digital;;;;;
Kineto Mobile;;;;;
King & Sons (Mozambique) Lda;;;;;
King David High School Linksfield;;;;;
King David High School Victory Park;;;;;
King David Schools;;;;;
King Edward VII School;;;;;
King George III (Pty) Ltd;;;;;
King James Advertising Cape Town (Pty) Ltd;;;;;
King James Digital;;;;;
King Pie Holdings (Pty) Ltd;;;;;
King Price Insurance Company Ltd;;;;;
King Sabata Dalindyebo Municipality;;;;;
Kingdom Bank Limited;;;;;
Kingdom Leadership Institute;;;;;
Kingdom Securities Ltd;;;;;
Kingdom Zephyr Africa Management (SA) (Pty) Ltd;;;;;
Kingfisher Close Property Investments (Pty) Ltd;;;;;
Kingfisher Homes 1 (Pty) Ltd;;;;;
Kingfisher Homes 5 (Pty) Ltd;;;;;
King's College;;;;;
Kings Function Hire CC;;;;;
Kingsbury Hospital Ltd;;;;;
Kingsdale Steam Laundry CC;;;;;
Kingsgate Clothing (Pty) Ltd;;;;;
Kingsley Beverage (Pty) Ltd;;;;;
Kingsmead Properties (Pty) Ltd;;;;;
Kingspark Manufacturers CC;;;;;
Kingsway Tyres Limited;;;;;
Kingswood College;;;;;
Kinross Clothing (Pty) Ltd;;;;;
Kinross Gold Corporation;;;;;
Kin-Tech Computers;;;;;
Kintetsu World Express South Africa (Pty) Ltd;;;;;
Kintru Truck Hire (Pty) Ltd T/A Emit Reversing Time;;;;;
Kinyara Sugar;;;;;
KIO Investment Holdings (Pty) Ltd;;;;;
kioltd.com;;;;;
Kipawa;;;;;
Kipkebe Estates Ltd;;;;;
Kipkebe Ltd;;;;;
KIPS Consulting;;;;;
Kiran Sales (Pty) Ltd;;;;;
Kiriri Women's University of Science and Technology;;;;;
Kiriri Women's University of Science and Technology (KWUST);;;;;
Kiron Interactive;;;;;
Kishugu Clothing (Pty) Ltd;;;;;
Kisii Bottlers Ltd;;;;;
Kisiii club;;;;;
Kismet Workwear CC;;;;;
Kit Kat  Group (Pty) Ltd;;;;;
Kitengela Hot Glass;;;;;
Kitengela Hot Glass Ltd.;;;;;
Kitgum technical institute;;;;;
Kiweb;;;;;
kiwebconferences.com;;;;;
Kjaer Group;;;;;
KJT Information Technology;;;;;
KK Engineering (Pty) Ltd;;;;;
Kk security;;;;;
KKS Daluxolo Food Services (Pty) Ltd;;;;;
Klatrade 200074 (Pty) Ltd;;;;;
KLB;;;;;
Kldtholdings;;;;;
Klee Investments (Pty) Ltd;;;;;
Klein Karoo (Pty) Ltd;;;;;
Klein Karoo International (Pty) Ltd;;;;;
Kleine Zalze Wines (Pty) Ltd;;;;;
klerksdorp.org;;;;;
KLF Computing;;;;;
Klinger (Pty) Ltd;;;;;
Klinger Mzansi (Pty) Ltd;;;;;
Klipfontein Lands Development Co (Pty) Ltd;;;;;
Kliphoek Soutwerke (Pty) Ltd;;;;;
kliwal.co.za;;;;;
KLM Setati Food Service CC;;;;;
Klomac;;;;;
Kluh Investments (Pty Ltd;;;;;
kmcapital.co.za;;;;;
kmds.co.za;;;;;
KMSA Distributors (Pty) Ltd;;;;;
KMSA Holdings (Pty) Ltd;;;;;
Knauf;;;;;
Knauf Tanzania;;;;;
Knife Capital (Pty) Ltd;;;;;
Knight Frank;;;;;
Knight Piésold Canada;;;;;
knightprincegroup.co.za;;;;;
Knittex  Shade Net;;;;;
Knn;;;;;
Knorr-Amabhiliki (Pty) Ltd;;;;;
Knorr-Bremse;;;;;
Knorr-Bremse (South Africa) (Pty) Ltd;;;;;
Knotion Consulting;;;;;
Knovation;;;;;
KnowHouse;;;;;
KnowHow;;;;;
Knowlead Consulting and Training;;;;;
knowledge capital africa;;;;;
Knowledge Factory (Pty) Ltd;;;;;
Knowledge Paradigm Business Solutions CC;;;;;
Knowledge Translation Unit;;;;;
KnowledgeSpace Training & Consulting;;;;;
KnowledgeSpace Training & Consulting Ltd;;;;;
Knowles Husain Lindsay Inc;;;;;
knowres.co.za;;;;;
Knox Printing Company (Pty) Ltd (The);;;;;
knoxdarcy.co.za;;;;;
KNR Flatrock (Pty) Ltd;;;;;
Knysna Local Municipality;;;;;
Knysna Yacht Company (Pty) Ltd;;;;;
Koala Shopping Centre Ltd;;;;;
Kobby Technologies Limited;;;;;
Kobil Burundi SA;;;;;
Kobil Ethiopia Ltd;;;;;
Kobil Petroleum Rwanda Ltd;;;;;
Kobil Rwanda SARL;;;;;
Kobil Tanzania Ltd;;;;;
Kobil Uganda Ltd;;;;;
Kobil Zambia Ltd;;;;;
koch-and-assoc.com;;;;;
Kodav Bulk Logistics (Pty) Ltd;;;;;
Kodav Logistic Solutions (Pty) Ltd;;;;;
KODO Drilling;;;;;
Kofi Annan International Peacekeeping Training Centre;;;;;
Kofi Annan International Peacekeeping Training Centre (KAIPTC);;;;;
KOG Fabricators (Pty) Ltd;;;;;
Kogi Iron Ltd;;;;;
Kohler Packaging Ltd;;;;;
Koidu Ltd;;;;;
Koka;;;;;
KOKO Networks;;;;;
Koliaangel ltd;;;;;
Kolok (Botswana) (Pty) Ltd;;;;;
Kolok (Namibia) (Pty) Ltd;;;;;
Kolok (Pty) Ltd;;;;;
Kolos Cement Ltd;;;;;
KOM Developments CC;;;;;
Komachis Construction (Pty) Ltd;;;;;
komatigroup.co.za;;;;;
Komatiland Forests (SOC) Ltd;;;;;
Komatsu Africa Holdings (Pty) Ltd;;;;;
Komatsu Ltd.;;;;;
Komatsu South Africa (Pty) Ltd;;;;;
Kombat (Pty) Ltd;;;;;
Komet Resources Inc;;;;;
Kommetjie Concrete Products CC;;;;;
KONE;;;;;
KONE Elevators South Africa (Pty) Ltd;;;;;
Kone Solutions;;;;;
Konecranes;;;;;
Konecranes (Pty) Ltd;;;;;
Kongsberg Gruppen;;;;;
Konica Minolta South Africa;;;;;
Konica Minolta South Africa a Division of Bidvest Office (Pty) Ltd;;;;;
konicaminoltaignite.co.za;;;;;
konicaminoltasa.co;;;;;
konicaminoltasouthafrica.com;;;;;
Konitek Training and Development (Pty) Ltd;;;;;
Konkola Copper Mines Plc;;;;;
Koolcon;;;;;
Koopkrag (Pty) Ltd;;;;;
Koornfontein Mines (Pty) Ltd;;;;;
Kopanong Local Municipality;;;;;
Kopo Kopo Inc;;;;;
Koppel Bacher and Co (Pty) Ltd;;;;;
Koppieview Property (Pty) Ltd;;;;;
Korbitec (Pty) Ltd;;;;;
Kore Potash Plc;;;;;
Kore Potash SA (Pty) Ltd;;;;;
Korhaan Hakkiesrus Landgoed CC;;;;;
Kori Engineering CC;;;;;
Korn Ferry (Pty) Ltd;;;;;
Korongo Airlines Sprl;;;;;
KOTO Housing Kenya Ltd;;;;;
Kouga Local Municipality;;;;;
Koukamma Municipality;;;;;
KPI Financial Solutions;;;;;
KPI Management Solutions;;;;;
KPI Management Solutions (Pty) Ltd;;;;;
KPI Management Training (Pty) Ltd;;;;;
KPL Aluminium Die Casting CC;;;;;
KPL Die Casting (Pty) Ltd;;;;;
K-Plats (Pty) Ltd;;;;;
KPMG Audit Services Limited;;;;;
KPMG East Africa;;;;;
KPMG Finance Company (Pty) Ltd;;;;;
KPMG Inc;;;;;
KPMG Services (Pty) Ltd;;;;;
KPN Drilling (Pty) Ltd;;;;;
Kpone Marine Services Ltd;;;;;
KRA;;;;;
Kraft Foods Egypt LLC;;;;;
Kraft Foods Maroc SA;;;;;
Kraft Foods Services South Africa (Pty) Ltd;;;;;
Krasnapolsky Hotels (Pty) Ltd;;;;;
krdbej.co.za;;;;;
Kreame Lifestyle Industry (Pty) Ltd;;;;;
Kriel & CO;;;;;
Kriel Colliery (Pty) Ltd;;;;;
Krispy Kreme;;;;;
Krok Brothers Holdings (Pty) Ltd;;;;;
Kromberg & Schubert do Brasil;;;;;
Krombert & Shubert Botswana;;;;;
Kromco (Pty) Ltd;;;;;
Krones;;;;;
KRONES Southern Africa (Pty) Ltd;;;;;
Kroondal Operations (Pty) Ltd;;;;;
Kroondal Operations Corporate Services (Pty) Ltd;;;;;
Krost Shelving (Pty) Ltd;;;;;
Kruger Gate Hospitality (Pty) Ltd;;;;;
Kruger Gate Property (Pty) Ltd;;;;;
Kruger Incorporated;;;;;
Krugkor Franchise (Pty) Ltd;;;;;
Kryti Gujadhur kokil;;;;;
KS Energy Africa;;;;;
KS Energy Services;;;;;
KSB Company;;;;;
KSB Pumps (S A) (Pty) Ltd;;;;;
KSB Pumps and Valves (Pty) Ltd;;;;;
KSI Holdings (Pty) Ltd;;;;;
KSMS;;;;;
KT Wash (Pty) Ltd;;;;;
ktandtg.com;;;;;
KTH Media Investments Ltd;;;;;
KTM Motorcycles SA (Pty) Ltd;;;;;
KUBA;;;;;
kubaprofit.com;;;;;
Kuboes Diamante (Pty) Ltd;;;;;
Kudumane Manganese Resources;;;;;
Kuehne and Nagel (Pty) Ltd;;;;;
Kuehne+Nagel Kenya;;;;;
kuenhe-nagel.com;;;;;
Kuipers Group (Pty) Ltd;;;;;
Kukama Diamonds Cameroon Ltd Sarl;;;;;
Kukama Mining & Exploration (Pty) Ltd;;;;;
Kukhanya Energy Services;;;;;
Kukua Digital;;;;;
kulaana.com;;;;;
Kulani Africa Gas (Pty) Ltd;;;;;
Kulula Air (Pty) Ltd;;;;;
kulula.com;;;;;
Kumanga Coal (Pty) Ltd;;;;;
Kumba;;;;;
Kumba BSP Trust;;;;;
Kumba Events;;;;;
Kumba Iron Ore Ltd;;;;;
Kunene Bros Holdings (Pty) Ltd;;;;;
Kunene Finance Company (Pty) Ltd;;;;;
Kunene Glenrand (Pty) Ltd;;;;;
Kunene Motor Holdings Ltd;;;;;
Kungwini Amalgamated Workers Union;;;;;
Kungwini Local Municipality;;;;;
Kuningi Trading CC;;;;;
K-Unity Sacco;;;;;
Kuntwela Enzansi Ventures (Pty) Ltd;;;;;
Kure;;;;;
Kurtosys Systems;;;;;
Kurwitu Ventures Ltd;;;;;
Kutal Investments (Pvt) Ltd;;;;;
Kutterlauget af 1992;;;;;
Kuyasa Fund (The);;;;;
Kuyasa Mining (Pty) Ltd;;;;;
KuzBiz Consultants;;;;;
KvN Publishing (Pty) Ltd;;;;;
KW Blasting;;;;;
Kwa - Umzinto Trading (Pty) Ltd;;;;;
Kwa Mikes Panel Beaters (Pty) Ltd;;;;;
Kwa Nokeng Oil;;;;;
Kwa Sani Local Municipality;;;;;
Kwabadala Residendial Care Facility;;;;;
Kwaden Investments (Pty) Ltd;;;;;
KwaDukuza Local Municipality;;;;;
Kwagga Gold (Pty) Ltd;;;;;
Kwa-Harding Trading (Pty) Ltd;;;;;
Kwame Nkrumah University of Science and Technology, Kumasi;;;;;
Kwa-Mount Currie Liquors (Pty) Ltd;;;;;
Kwango Investments (Pty) Ltd;;;;;
Kwanokeng;;;;;
Kwa-Nongoma Trading (Pty) Ltd;;;;;
Kwa-PMB Trading (Pty) Ltd;;;;;
Kwa-Port Shepstone Trading (Pty) Ltd;;;;;
Kwasa Agricultural Co-operative Limited;;;;;
K-Way Manufacturers (Pty) Ltd;;;;;
kwazartraining.co.za;;;;;
Kwazulu Natal Office Of The Premier;;;;;
KwaZulu Natal Property Development Holdings SOC Ltd;;;;;
KwaZulu-Natal Blind and Deaf Society;;;;;
KwaZulu-Natal Department of Arts & Culture - Library Services;;;;;
KwaZulu-Natal Department of Education;;;;;
KwaZulu-Natal Department of Health;;;;;
KwaZulu-Natal Furniture Manufacturers Association;;;;;
KwaZulu-Natal Gambling and Betting Board;;;;;
KwaZulu-Natal Law Society;;;;;
KwaZulu-Natal Legislature;;;;;
KwaZulu-Natal Nature Conservation Board;;;;;
KwaZulu-Natal Poultry Institute;;;;;
KwaZulu-Natal Provincial Government;;;;;
KwaZulu-Natal Provincial Treasury;;;;;
KwaZulu-Natal Sharks Board Maritime Centre of Excellence;;;;;
kwazulunatalfiim.co.za;;;;;
kwazulunatalfilm.co.za;;;;;
kwazulunatalifilm.co.za;;;;;
kwazuluuunatalfilm.co.za;;;;;
KwazuluWeavers.com;;;;;
Kwelaa Fleet Management CC;;;;;
Kwelenyoni (Pty) Ltd;;;;;
Kwezi Mining Exploration (Pty) Ltd;;;;;
Kwik Fit South Africa (Pty) Ltd;;;;;
Kwik Printing Works CC;;;;;
kwikfitglass.co.za;;;;;
Kwikot (Pty) Ltd;;;;;
Kwikpay SA (Pty) Ltd;;;;;
Kwikspace Modular Buildings;;;;;
kwscarriers.co.za;;;;;
KWV South Africa (Pty) Ltd;;;;;
Kyalami Schools;;;;;
Kyasa Project Management (Pty) Ltd;;;;;
Kynoch Kompos (Pty) Ltd;;;;;
KYOCERA Corporation;;;;;
Kyosk;;;;;
Kyosk Digital Services Limited;;;;;
Kypela enterprises;;;;;
KYS Investments (Pty) Ltd;;;;;
Kyta Industries (Pty) Ltd;;;;;
Kyte Capital;;;;;
KZN Bunkers (Pty) Ltd;;;;;
KZN Bus Services (Pty) Ltd;;;;;
KZN DARD;;;;;
KZN Film Commission;;;;;
KZN Growth Fund Trust;;;;;
KZN Human Settlements;;;;;
KZN Oceanview Developments (Pty) Ltd;;;;;
KZN Oils (Pty) Ltd;;;;;
KZN Reinforcing and Fixing Services (Pty) Ltd;;;;;
KZN Slots;;;;;
KZN Transport;;;;;
KZNCOGTA;;;;;
kznded.gov.za;;;;;
KZNDeptSport&Rec;;;;;
KZNDHC;;;;;
kzndoe.gov.za;;;;;
kzndotidms.org;;;;;
KZNDSAC;;;;;
Kznedtea;;;;;
kzngf.co.za;;;;;
kzniveco.co.za;;;;;
kznla.co.za;;;;;
kznleg.gov.za;;;;;
Kznlqa;;;;;
Kznpremier;;;;;
kznschools.gov.za;;;;;
Kznsocdev;;;;;
kzn-turntown.co.za;;;;;
kzntvet.edu.za;;;;;
kznworks.gov.za;;;;;
KZT Bus Services (Pty) Ltd;;;;;
KZT Country Cruiser (Pty) Ltd;;;;;
L A C S Glenanda Traders CC;;;;;
L A Group (Pty) Ltd;;;;;
L A Logistics CC;;;;;
L Anastasiadis;;;;;
L and G Luxury Life 1988 (Pty) Ltd;;;;;
L and G Tool and Machinery Distributors Ltd;;;;;
L and H Panelbeaters CC;;;;;
L C I (Overseas) Investments (Pty) Ltd;;;;;
L C I Group Sales CC;;;;;
L C O M Dispensary (Pty) Ltd;;;;;
L C Packaging (S A) (Pty) Ltd;;;;;
L E D Lighting South Africa (Pty) Ltd;;;;;
L Frezza;;;;;
L Greyling;;;;;
L K Brick and Block Manufacturers (Pty) Ltd;;;;;
La cedille;;;;;
La Concorde South Africa (Pty) Ltd;;;;;
LA LOYALE VIE;;;;;
LA LUCIA;;;;;
La Madia Ristorante (Pty) Ltd;;;;;
La Marina Foods;;;;;
La Marocaine Vie (SOCIÉTÉ GÉNÉRALE);;;;;
La Montanara Melkery (Pty) Ltd;;;;;
La Motte Wynlandgoed (Pty) Ltd;;;;;
La Palm Royal Beach Hotel;;;;;
La Pieus Aqua (Pty) Ltd;;;;;
La Poire;;;;;
La Poste Tunisienne;;;;;
La Salle;;;;;
La Sentinelle;;;;;
La Societe Tunisienne De Reassurance SA;;;;;
La Tour International Investments (Pty) Ltd;;;;;
Laba Pro;;;;;
Labadi Beach Hotel;;;;;
Labat Africa Ltd;;;;;
Label Vie SA;;;;;
Labelpak CC;;;;;
Labohlano Trading 46 (Pty) Ltd;;;;;
Labonte 3 (Pty) Ltd;;;;;
Labora Shoes (Pty) Ltd;;;;;
Laborex Angola SA;;;;;
Laborex Burkina SA;;;;;
Laborex Cameroun SA;;;;;
Laborex Congo SA;;;;;
Laborex Guinee SA;;;;;
Laborex Mali SA;;;;;
Laborex Mauritanie SA;;;;;
Laborex Senegal SA;;;;;
Laborex Tanzania Ltd;;;;;
Laborex Tchad SA;;;;;
Laborex Uganda Ltd;;;;;
Labotec (Pty) Ltd;;;;;
Labour;;;;;
Labour Supply Chain Botswana (Pty) Ltd;;;;;
Labour Supply Chain Namibia (Pty) Ltd;;;;;
LabourNet Pty Ltd;;;;;
Labware Africa (Pty) Ltd;;;;;
L'Accumulateur Tunisien Assad SA;;;;;
Lacey's;;;;;
Laclede Investments (Pvt) Ltd;;;;;
LACTALIS;;;;;
Lactalis Nestle;;;;;
Lactalis South Africa;;;;;
Lactolab (Pty) Ltd;;;;;
Ladismith Cheese Company (Pty) Ltd;;;;;
Ladlas Prince LLC;;;;;
LadyBugz;;;;;
Ladychin Investments (Pty) Ltd;;;;;
Laetoli;;;;;
Laeveld Agrochem (Pty) Ltd;;;;;
Lafarge;;;;;
Lafarge Africa Plc;;;;;
Lafarge Aggregates South Africa (Pty) Ltd;;;;;
Lafarge Cement Egypt SAE;;;;;
Lafarge Cement Kenya Ltd;;;;;
Lafarge Cement Malawi Ltd;;;;;
Lafarge Cement Zambia Plc;;;;;
Lafarge Cement Zimbabwe Ltd;;;;;
Lafarge Eco Systems Ltd;;;;;
Lafarge Gypsum (Pty) Ltd;;;;;
Lafarge Gypsum Holdings Southern Africa (Pty) Ltd;;;;;
Lafarge Industries South Africa (Pty) Ltd;;;;;
Lafarge Kenya;;;;;
Lafarge Mining South Africa (Pty) Ltd;;;;;
Lafarge Ready Mix Nigeria Ltd;;;;;
Lafarge South Africa Holdings (Pty) Ltd;;;;;
LafargeHolcim Maroc SA;;;;;
Lage Agro (Pty) Ltd;;;;;
Lage SA Investment Holdings (Pty) Ltd;;;;;
Lagetronix;;;;;
Lagoon Bay Lifestyle Estate (Pty) Ltd;;;;;
Lagos State Health Service Commission;;;;;
Laguna Clothing (Mauritius) Ltd;;;;;
LA-Health Medical Scheme;;;;;
Laingsburg Local (Central Karoo District);;;;;
Laingsburg Local Municipality;;;;;
Laitco Dairies (Pty) Ltd;;;;;
Lakato (Pty) Ltd;;;;;
Lake Bluff Investments (Pty) Ltd;;;;;
Lake International Technologies (Pty) Ltd;;;;;
Lake Victoria Mining Company Inc;;;;;
Lake, Smit & Partners;;;;;
Lakenvlei Boerdery (Pty) Ltd;;;;;
Lakeshore Trading 102 CC;;;;;
Lakeside City Trading 55 (Pty) Ltd;;;;;
LAM;;;;;
LAM Mozambique;;;;;
Lamelle Research Laboratories CC;;;;;
Lami Insurance Technology;;;;;
Lamula-Zim;;;;;
Lancashire Manufacturing Company (Pty) Ltd;;;;;
Lancaster Capital (Pty) Ltd;;;;;
Lancet Lab;;;;;
Lancet Laboratories (Pty) Ltd;;;;;
Lancewood Holdings (Pty) Ltd;;;;;
Land and Agricultural Development Bank of South Africa;;;;;
Land Bank Life Insurance Company SOC Ltd;;;;;
Land Securities Ltd;;;;;
Landa Petroleum (Pty) Ltd;;;;;
Landis and Gyr (Pty) Ltd;;;;;
Landis+Gyr;;;;;
Landmark Group;;;;;
Landmark Underwriting Agency (Pty) Ltd;;;;;
Landscape Irrigation Association of South Africa;;;;;
Landscope Mauritius;;;;;
LanDynamix;;;;;
Langa Lokulunga Investment Holdings (Pty) Ltd;;;;;
Langdon Organic Farms (Pty) Ltd;;;;;
Langeberg and Ashton Foods (Pty) Ltd;;;;;
Langeberg Holdings Ltd;;;;;
Langeberg Local Municipality;;;;;
Langeberg Municipality;;;;;
Langer Heinrich Mine Namibia;;;;;
Langkloof Steenwerwe (Pty) Ltd;;;;;
Lanham-Love Consulting;;;;;
lanham-love.co.za;;;;;
Lansan Investment Holdings (Pty) Ltd;;;;;
Lansdowne Corner Shopping Centre (Pty) Ltd;;;;;
Lanseria International Airport (Pty) Ltd;;;;;
Lanstar Technologies;;;;;
Lanstar Technologies Limited;;;;;
lantic.co.za;;;;;
lantic.net;;;;;
LANXESS;;;;;
LANXESS (Pty) Ltd;;;;;
LANXESS Chrome Mining (Pty) Ltd;;;;;
LANXESS CISA (Pty) Ltd;;;;;
Lanxess Mining (Pty) Ltd;;;;;
Lanzerac Estate Investments (Pty) Ltd;;;;;
Lanzerac Hotel and Spa (Pty) Ltd;;;;;
Lapack (Pty) Ltd;;;;;
Larsen and Toubro Infotech South Africa (Pty) Ltd;;;;;
Larsen and Toubro TandD SA (Pty) Ltd;;;;;
Lasaco Assurance Plc;;;;;
LASEC®;;;;;
Laser Ezothutho (RF) (Pty) Ltd;;;;;
Laser Group (Pty) Ltd (The);;;;;
Laser Insurance Brokers Ltd;;;;;
Laser Logistics (Pty) Ltd;;;;;
Laser Transport Group (Pty) Ltd (The);;;;;
LaserCom;;;;;
laserserv.co.za;;;;;
Lasher Tools (Pty) Ltd;;;;;
Lason Investments 18 (Pty) Ltd;;;;;
latalis.com;;;;;
Laterite Rwanda;;;;;
Lato Milk;;;;;
Laundry and Allied Workers' Union of South Africa;;;;;
Laurium Capital (Pty) Ltd;;;;;
Lavender Harvesting (Pty) Ltd;;;;;
Lavenderfield Investments (Pty) Ltd;;;;;
Lavenson Investments (Pvt) Ltd;;;;;
Lavic country resort;;;;;
Law Society of South Africa;;;;;
Law Society of the Free State (The);;;;;
Law Society of the Northern Provinces (The);;;;;
Law Union and Rock Insurance Plc;;;;;
Lawtons Africa;;;;;
Lawyers Access Web;;;;;
Lazarus Motor Company (Pty) Ltd;;;;;
LBA (Botswana) (Pty) Ltd;;;;;
lberty.co.za;;;;;
LBH Africa;;;;;
LBN Trading Anterprise (Pty) Ltd;;;;;
LCIBS Botswana;;;;;
LCM Trust;;;;;
LCS Financial Services (Pty) Ltd;;;;;
LCS Group;;;;;
LDM Quantity Surveyors Durban Incorporated;;;;;
LDP Chartered Accountants and Auditors Inc;;;;;
LE;;;;;
Le Caudan Waterfront Casino Ltd;;;;;
Le Fera (Pty) Ltd;;;;;
Le Lude MCC CC;;;;;
Le Meritt Holdings Ltd;;;;;
Le Petit Pain (Pty) Ltd;;;;;
Le Refuge Du Pecheur Ltd;;;;;
Le Roux Fruit Exporters (Pty) Ltd;;;;;
Lead Household Appliances (Pty) Ltd;;;;;
Lead Laundry and Catering (Pty) Ltd;;;;;
Leader Rubber Company SA (Pty) Ltd;;;;;
Leadhome;;;;;
Leadingedge;;;;;
Leadway Assurance Company Limited;;;;;
Leadway Pensure PFA Ltd;;;;;
Leaf Capital Growth Investments (Pty) Ltd;;;;;
Leaf Commercial Property Services (Pty) Ltd;;;;;
Leaf Investment Managers (Pty) Ltd;;;;;
Leaf Private Equity Management (Pty) Ltd;;;;;
Leal Communications & Informatics;;;;;
LEAP;;;;;
LEAP Science & Maths Schools;;;;;
Leapfrog Global;;;;;
Leapfrog Property Group (Pty) Ltd;;;;;
Lear Corporation;;;;;
Lear Sewing (Pty) Ltd;;;;;
Learn Africa Plc;;;;;
Learn App (Pty) Ltd;;;;;
Learn to Lead;;;;;
Learning & Growth Consultants;;;;;
Learning Channel (Pty) Ltd;;;;;
Learning Technologies Group Inc.;;;;;
learning.africa;;;;;
learning-and-growth.com;;;;;
learnvx.co.za;;;;;
Leasafric Ghana Ltd;;;;;
Lebelo Capital (Pty) Ltd;;;;;
Lebonix (Pty) Ltd;;;;;
Lecico Egypt SAE;;;;;
Lecico for Ceramics Industries SAE;;;;;
Lecico for Financial Investments SAE;;;;;
Lecico for Trading & Distribution of Ceramics SAE;;;;;
Lecico Plus for Trading SAE;;;;;
Lectra;;;;;
Ledaine Trading (Pty) Ltd;;;;;
Ledvance (Pty) Ltd;;;;;
Lee Chem Laboratories (Pty) Ltd;;;;;
Lee Construction Ltd;;;;;
Lee Engineering & Construction Company Ltd;;;;;
Leemek Capital Partners (Pty) Ltd;;;;;
Leeuw Braakfontein Colliery (Pty) Ltd;;;;;
Leeuw Holding Company (Pty) Ltd;;;;;
Leeuw Mining and Exploration (Pty) Ltd;;;;;
leeuwenhof.co.za;;;;;
Lefase Logistics (Pty) Ltd;;;;;
Lefika Readymix Concrete (Pty) Ltd;;;;;
Lefika Securities (Pty) Ltd;;;;;
Legacy Africa Capital Partners;;;;;
Legacy Hotels and Resorts (Pty) Ltd;;;;;
Legacy Life Solutions (Pty) Ltd;;;;;
Legacy Lifestyle;;;;;
Legacy Marine (Pty) Ltd;;;;;
Legacy Motor Group;;;;;
Legacy Nominees (Pty) Ltd;;;;;
Legacy Parks (Pty) Ltd;;;;;
Legacy Pension Managers Ltd;;;;;
Legacy Pet Crematorium (Pty) Ltd;;;;;
Legacy Planet Limited;;;;;
legacyhotel.co.za;;;;;
Legae Securities (Pty) Ltd;;;;;
Legal Aid South Africa;;;;;
Legal Defender / Constantia Group;;;;;
Legal Expenses Insurance Southern Africa Ltd;;;;;
Legal Resources Centre;;;;;
Legal&Tax Services;;;;;
legalaid.co.za;;;;;
Legalfundi;;;;;
legalinc.co.za;;;;;
LegalPerfect Software Solutions (Pty) Ltd;;;;;
Legalsuite;;;;;
LegalWise South Africa (Pty) Ltd;;;;;
Legand Hospitality school;;;;;
Legendary Retail Brands (Pty) Ltd;;;;;
Lehlaka Property Development (Pty) Ltd;;;;;
Lehlogonolo HR Consulting;;;;;
Lehman Transformers CC;;;;;
Lehotsa Holdings (Pty) Ltd;;;;;
Leisure Lounge;;;;;
Leisure Options (Pty) Ltd / Dream Vacation Club;;;;;
Leisure Portfolio Management Association;;;;;
Leitchlandscapes;;;;;
Lejweleputswa District Municipality;;;;;
Lekki Gardens Power Ltd;;;;;
Lekoko Consulting (Pty) Ltd;;;;;
lekokoconsulting.co.za;;;;;
Lektratek Watertegnologie (Pty) Ltd;;;;;
Lekwa Local Municipality;;;;;
Lekwa-Teemane Local Municipality;;;;;
lekwa-teemane.co.za;;;;;
Leliefontein Boerdery (Pty) Ltd;;;;;
LEM Consulting;;;;;
Lemon Tree Fuel Services (Pty) Ltd;;;;;
Lemon Tree Holdings (Pty) Ltd;;;;;
Lemon Tree Organics and Innovations (Pty) Ltd;;;;;
Lemon Zest Consulting;;;;;
Lendable;;;;;
Lenkrad Invest (Pty) Ltd;;;;;
Lenmed Health (Pty) Ltd;;;;;
LENMED HEALTH RANDFONTEIN PRIVATE HOSPITAL;;;;;
Lenmed Investments Ltd;;;;;
Lennards (Nigeria) Plc;;;;;
Lennings Rail Services (Pty) Ltd;;;;;
Lennoxley Investment Holdings (Pty) Ltd;;;;;
Lenovo (South Africa) (Pty) Ltd;;;;;
Lenovo Financial Services (Pty) Ltd;;;;;
Lentaba Meat (Pty) Ltd;;;;;
Lentas International (Pty) Ltd;;;;;
Len-Tech;;;;;
Leon du Plessis Arborcare CC;;;;;
Leon Katz (Pty) Ltd;;;;;
Leonard Dingler (Pty) Ltd;;;;;
Leoni;;;;;
Leoni Maroc;;;;;
Leopan Boerdery CC;;;;;
Leopard Forklifts Pty Ltd;;;;;
Leopard Line Haul (Pty) Ltd;;;;;
Leopard Transport (Pty) ltd;;;;;
Leopards Leap Wines (Pty) Ltd;;;;;
Lepelle Northern Water;;;;;
Lepelle-Nkumpi Local Municipality;;;;;
Lephalale Coal Mines (Pty) Ltd;;;;;
Lephalale Local Municipality;;;;;
Leralla Development Company (Pty) Ltd;;;;;
Lereko Investments (Pty) Ltd;;;;;
Lereko Mobility (Pty) Ltd;;;;;
Lereko Motors (Pty) Ltd;;;;;
Leroy Merlin;;;;;
Leroy Merlin South Africa;;;;;
Les Allees d'Helvetia Commercial Centre Ltd;;;;;
Les Ciments De Bizerte SA;;;;;
Les Domaines Agricoles;;;;;
Les Domaines de Mauricia Lte;;;;;
Les Eaux Minerales d' Oulmes SA;;;;;
Les Ecuries Beach Club Ltd;;;;;
Les Gaz Industriels Ltd;;;;;
LES LABORATOIRES SERVIER;;;;;
Les Moulins de la Concorde Ltee;;;;;
Les Villas De Bel Ombre Lte;;;;;
Lesaka Technologies;;;;;
Leschaco (Pty) Ltd;;;;;
Lesco Manufacturing (Pty) Ltd;;;;;
LESCO Manufacturing (PTY) Ltd;;;;;
Lesedi Cultural Village (Pty) Ltd;;;;;
Lesedi Food Enterprises (Pty) Ltd;;;;;
Lesedi Local Municipality;;;;;
Lesedi Nuclear Services (Pty) Ltd;;;;;
Lesedi Tracks (Pty) Ltd;;;;;
lesedi.gov.za;;;;;
lesedidrilling.com;;;;;
lesedipv.com;;;;;
Lesego Platinum Mining (Pty) Ltd;;;;;
Le-Sel Research (RF) (Pty) Ltd;;;;;
Lesieur Cristal SA;;;;;
Lesieur-Cristal;;;;;
Lesoba Difference;;;;;
lesoff.co.za;;;;;
Lesotho Carriers (Pty) Ltd;;;;;
Lesotho Communications Authority;;;;;
Lesotho Electricity and Water Authority (LEWA);;;;;
LESOTHO ELECTRICITY COMPANY;;;;;
Lesotho National Development;;;;;
Lesotho National General Insurance Company Ltd;;;;;
Lesotho National Life Assurance Company Ltd;;;;;
Lesotho Post Bank;;;;;
Lestrim (Pty) Ltd;;;;;
Letacla (Pty) Ltd;;;;;
L'Etangs Wholesale Chemist (Pty) Ltd;;;;;
Lethabo Milling (Pty) Ltd;;;;;
Lethabong Housing Institute;;;;;
Letimart (Pty) Ltd;;;;;
Letlole La Rona Ltd;;;;;
letsatsipv.com;;;;;
Letsema;;;;;
letshago.com;;;;;
Letshego Bank Namibia;;;;;
Letshego Financial Services (Pty) Ltd (Botswana);;;;;
Letshego Financial Services Lesotho Ltd;;;;;
Letshego Financial Services Mozambique SA;;;;;
Letshego Financial Services Namibia (Pty) Ltd;;;;;
Letshego Financial Services Swaziland (Pty) Ltd;;;;;
Letshego Holdings Ltd;;;;;
Letshego Kenya Ltd;;;;;
Letshego Tanzania Ltd;;;;;
Letshego Uganda Ltd;;;;;
Levain (Pty) Ltd;;;;;
Levcar Trading (Pty) Ltd;;;;;
Levego;;;;;
Leventis Foods Ltd;;;;;
Leventis Power Systems Ltd;;;;;
Leverage Point;;;;;
Levi Strauss Mauritius Ltd;;;;;
Levi Strauss South Africa (Pty) Ltd;;;;;
Levingers Franchising (Pty) Ltd;;;;;
Levi's;;;;;
levisstore.co.za;;;;;
Lewis Group Ltd;;;;;
Lewis Management Services (Botswana) (Pty) Ltd;;;;;
Lewis Management Services (Namibia) (Pty) Ltd;;;;;
Lewis Stores (Lesotho) (Pty) Ltd;;;;;
Lewis Stores (Namibia) (Pty) Ltd;;;;;
Lewis Stores (Pty) Ltd;;;;;
Lewis Stores (Swaziland) (Pty) Ltd;;;;;
Lewis Stores Botswana (Pty) Ltd;;;;;
lewmak.co.za;;;;;
lexconsult.na;;;;;
LexerB;;;;;
LexisNexis Academic (Pty) Ltd;;;;;
LexisNexis Risk Management (Pty) Ltd;;;;;
LexisNexis Risk Solutions;;;;;
LexisNexis South Africa (Pty) Ltd;;;;;
Lexlines Press (Pty) Ltd;;;;;
Lexmark International, Inc.;;;;;
Lexpub 15 Investments Ltd;;;;;
Lexpub 53 Investments (Pty) Ltd;;;;;
Lexshell 280 Investments (Pty) Ltd;;;;;
Lexshell 572 Investments (RF) (Pty) Ltd;;;;;
Lexshell 624 Investments (Pty) Ltd;;;;;
Lexshell 704 Investments (RF) (Pty) Ltd;;;;;
Lexshell 723 Investments (RF) (Pty) Ltd;;;;;
Lexshell 724 Investments (RF) (Pty) Ltd;;;;;
Lexshell 750 Investments (RF) (Pty) Ltd;;;;;
Lexshell 753 Investments (RF) (Pty) Ltd;;;;;
Lexshell 825 Investments (RF) (Pty) Ltd;;;;;
Lexshell 844 Investments (Pty) Ltd;;;;;
Lexshell 849 Investments (RF) (Pty) Ltd;;;;;
Lexus South Africa;;;;;
Lexxon Adhesives (Pty) Ltd;;;;;
leyland.co.ke;;;;;
leza.co.za;;;;;
LFHP;;;;;
lfhplaw.com;;;;;
LFP Group;;;;;
LFP Training Consultants Pty Ltd;;;;;
LFS Assets (Pty) Ltd;;;;;
LG Electronics;;;;;
LG Electronics North Africa;;;;;
LG Electronics SA (Pty) Ltd;;;;;
LG Electronics Service Kenya Ltd;;;;;
lgb.co.za;;;;;
lgitsmart.co.za;;;;;
LGR Telecommunications;;;;;
LGSETA;;;;;
LH Marthinusen;;;;;
lhc.co.za;;;;;
lhda.org.ls;;;;;
LHM Repairs and Services (Pty) Ltd;;;;;
Lhotse Investments CC;;;;;
L'Huguenot Vineyards (Pty) Ltd;;;;;
lhupl.com;;;;;
Li Feng Textiles (Pty) Ltd;;;;;
Liaison Group;;;;;
Liaison Group (I.B) Ltd;;;;;
libcare.co.za;;;;;
libeberty.co.za;;;;;
Liberated Metalworkers Union of South Africa;;;;;
Libertas General Insurance Co;;;;;
libertty.co.za;;;;;
Liberty Active (Pty) Ltd;;;;;
Liberty Group Limited;;;;;
Liberty Group Ltd;;;;;
Liberty Group Properties (Pty) Ltd;;;;;
Liberty Health;;;;;
Liberty Holdings Botswana (Pty) Ltd;;;;;
Liberty Holdings Ltd;;;;;
Liberty Holdings Namibia (Pty) Ltd;;;;;
Liberty Holdings Swaziland (Pty) Ltd;;;;;
Liberty Holdings Zambia Ltd;;;;;
Liberty Kenya Holdings Ltd;;;;;
Liberty Life Assurance Kenya Limited;;;;;
Liberty Life Assurance Uganda Ltd;;;;;
Liberty Life Botswana (Pty) Ltd;;;;;
Liberty Life Namibia Ltd;;;;;
Liberty Life Swaziland Ltd;;;;;
Liberty Life Zambia;;;;;
Liberty Liquors;;;;;
Liberty Medical Scheme;;;;;
Liberty Properties Swaziland (Pty) Ltd;;;;;
Liberty Properties Zambia Ltd;;;;;
Liberty Two Degrees;;;;;
Liberty Wealth Consultancy (Pty) Ltd;;;;;
liberty.com.zm;;;;;
libertylife.co.ke;;;;;
libery.co.za;;;;;
LIBFIN (Pty) Ltd;;;;;
Libint (Pty) Ltd;;;;;
Liblink;;;;;
Libra Bathrooms (Pty) Ltd;;;;;
Library and Information Association of South Africa;;;;;
Libstar Holdings Ltd;;;;;
Libstar Manufacturing Solutions (Pty) Ltd;;;;;
Libstar Operations (Pty) Ltd;;;;;
Libuyile Farming Services (Pty) Ltd;;;;;
Libya;;;;;
Libya Oil Kenya Ltd;;;;;
Lido Electrical (East Rand) (Pty) Ltd;;;;;
Lidwala Consulting Engineers;;;;;
LiebenGroup;;;;;
Liebherr-Africa (Pty) Ltd;;;;;
Liehei Clothing Manufacturers CC;;;;;
Life Bayview Hospital (Pty) Ltd;;;;;
Life Breweries Company Ltd;;;;;
Life Claremont Opthalmology (Pty) Ltd;;;;;
Life Cosmos Hospital (Pty) Ltd;;;;;
Life Cosmos Hospital Doctors (Pty) Ltd;;;;;
Life Doctor Investments Ltd;;;;;
Life East London Private Hospital (Pty) Ltd;;;;;
Life Esidimeni (Pty) Ltd;;;;;
Life Esidimeni Group Holdings (Pty) Ltd;;;;;
Life Faerie Glen Hospital (Pty) Ltd;;;;;
Life Form Taxidermy CC;;;;;
Life Garments Ltd;;;;;
Life Healthcare Finance (RF) (Pty) Ltd;;;;;
Life Healthcare Group (Pty) Ltd;;;;;
Life Healthcare Group Holdings Ltd;;;;;
Life Healthcare International (Pty) Ltd;;;;;
Life Hilton Private Hospital (Pty) Ltd;;;;;
Life Mosselbay Properties (Pty) Ltd;;;;;
Life Offices Association of South Africa;;;;;
Life Piet Retief Hospital (Pty) Ltd;;;;;
Life Poortview (Pty) Ltd;;;;;
Life Pretoria North Day Clinic (Pty) Ltd;;;;;
Life Pretoria North Docco (RF) (Pty) Ltd;;;;;
Life Underwriters Association of South Africa;;;;;
Life Vincent Pallotti Hospital (Pty) Ltd;;;;;
Life Vincent Pallotti Oncology (Pty) Ltd;;;;;
Life Vincent Pallotti Orthopaedic Centre (Pty) Ltd;;;;;
Life VP Oncology Docco (RF) (Pty) Ltd;;;;;
Life Wilgers Docco (RF) (Pty) Ltd;;;;;
Life Wilgers Hospital (Pty) Ltd;;;;;
Life Wise (Pty) Ltd;;;;;
Lifecare International;;;;;
Lifecare Properties (Pty) Ltd;;;;;
lifehelathcare.co.za;;;;;
Lifeplus Integrated Farms and Agro Services;;;;;
Lifestyle Hotel Rewards;;;;;
Lifestyle Vacations Club Management Association;;;;;
lifestyleautomations.co.za;;;;;
Lift Airline;;;;;
Light and Dark Films CC;;;;;
Lighthouse Developments (Pty) Ltd;;;;;
Lighthouse Square (Pty) Ltd;;;;;
Lighting Innovations (Pty) Ltd;;;;;
Lighting Innovations Africa (Pty) Ltd;;;;;
Lightnet (Pty) Ltd;;;;;
Lightstone;;;;;
Lightstone (Pty) Ltd;;;;;
Lightstone Consumer (Pty) Ltd;;;;;
Ligitprops 109 (Pty) Ltd;;;;;
Lignes Maritimes Congolaises SA;;;;;
Lilian Ihema;;;;;
Lilitha Resources (Pty) Ltd;;;;;
Lil-Lets South Africa (Pty) Ltd;;;;;
Lily Capital (Pty) Ltd;;;;;
Lily Pond House CC;;;;;
Lim 368 Local Municipality;;;;;
Lima Bean;;;;;
Limarco 62 (Pty) Ltd;;;;;
Limbik;;;;;
limco.co.za;;;;;
Lime Distributors (Pty) Ltd;;;;;
Lime Sales Ltd;;;;;
Lime-Chem Resources (Pty) Ltd;;;;;
Limelight Clothing (Pty) Ltd;;;;;
Limited Electronics South Africa (Pty) Ltd;;;;;
Limpopo;;;;;
Limpopo Advice Centres Association;;;;;
Limpopo Department of Agriculture and Rural Development;;;;;
Limpopo Department of Cooperative Governance, Human Settlements and Traditional Affairs;;;;;
Limpopo Department of Education;;;;;
Limpopo Department of Health;;;;;
Limpopo Department of Sport, Arts and Culture;;;;;
Limpopo Economic Development Agency;;;;;
Limpopo Fablab | SA FabLab Network;;;;;
Limpopo Gambling Board;;;;;
Limpopo Office of the Premier;;;;;
Limpopo Provincial Government;;;;;
Limpopo Tobacco Processors (Pty) Ltd;;;;;
Limpopodairy;;;;;
LimpopoLEDET;;;;;
Limuru Tea Plc;;;;;
Linacre Investments (Pty) Ltd;;;;;
Linatex Africa (Pty) Ltd;;;;;
Linbro Village (Pty) Ltd;;;;;
Linchpin ?;;;;;
Lincoln Lubrication S A (Pty) Ltd;;;;;
Lincroft Books (Pty) Ltd;;;;;
Linde Engineering South Africa  (Pty) Ltd;;;;;
Linde Material Handling (Pty) Ltd;;;;;
lindsayafrica.co.za;;;;;
Lindt;;;;;
Lindt and Sprungli (South Africa) (Pty) Ltd;;;;;
Linedata;;;;;
Linedate Services Tunisie;;;;;
Linic Liners (Pty) Ltd;;;;;
Linic Long Life Linings CC;;;;;
Link Africa;;;;;
Link Africa (Pty) Ltd;;;;;
Link Dot Net SAE;;;;;
Link Investment Trust;;;;;
Link Market Services South Africa (Pty) Ltd;;;;;
Link Seed (Pty) Ltd;;;;;
Linkage Assurance Plc;;;;;
Linked Investment Service Providers Association;;;;;
LinkedIn;;;;;
Linkqage;;;;;
Linksat Technologies;;;;;
Linkway Trading (Pty) Ltd;;;;;
Linmere Real Estate (Pty) Ltd;;;;;
Lino;;;;;
LINPAC Senior Holdings Ltd;;;;;
Lintco Zambia Ltd;;;;;
Linton Projects (Pty) Ltd;;;;;
Lintons Beauty World;;;;;
Linuxsa;;;;;
Linvar (Pty) Ltd;;;;;
Linx Holdings (Pty) Ltd;;;;;
Lion Assurance Company Ltd;;;;;
Lion Match Products (Pty) Ltd;;;;;
Lion Microfinance Ltd;;;;;
Lion of Africa Insurance Company Ltd;;;;;
Lion of Africa Life Assurance Company Ltd;;;;;
Lion of Tanzania Insurance Company Ltd;;;;;
Lion Petroleum Corporation;;;;;
Lionheart Brand Holding Company (Pty) Ltd (The);;;;;
Lions Head Curios (Pty) Ltd;;;;;
Lions Rugby;;;;;
Lions Sightfirst Eye Hospital;;;;;
Lionsteel South Africa (Pty) Ltd;;;;;
Liozio;;;;;
Lipa Later;;;;;
LIPCO Recruitment;;;;;
Lippstreu Motor Centre (Pty) Ltd;;;;;
Lipthong (Pvt) Ltd;;;;;
Liptonteas;;;;;
Liquefied Petroleum Gas Safety Association of Southern Africa (The);;;;;
Liquid Cloud;;;;;
Liquid Edge Solutions;;;;;
Liquid Intelligent Technologies;;;;;
Liquid Intelligent Technologies (Pty) Ltd;;;;;
Liquid Intelligent Technologies Kenya;;;;;
Liquid Intelligent Technologies Uganda;;;;;
Liquid Sky Technologies (Pty) Ltd;;;;;
Liquid Studio Video Take-Off CC;;;;;
Liquid Telecom Kenya Ltd;;;;;
Liquid Telecommunications Holdings Limited;;;;;
Liquid Telecoms Zimbabwe;;;;;
Liquidbox;;;;;
LiquidCapital (Pty) Ltd;;;;;
liquitelecom.co.za;;;;;
Liquor City-The Liquor Boys CC;;;;;
Lira Van Rooy;;;;;
Lireas Holdings (Pty) Ltd;;;;;
Lisa Smit Enterprises CC;;;;;
Listio Labs;;;;;
Litetues Investments CC;;;;;
Litha Communications (Pty) Ltd;;;;;
Litha Healthcare Group (Pty) Ltd;;;;;
Litha Healthcare Group SSC (Pty) Ltd;;;;;
Litha Pharma (Pty) Ltd;;;;;
Lithotech;;;;;
Lithotech (Pty);;;;;
Little Biz Hub Trading Enterprise CC;;;;;
Little Eden Share Block (Pty) Ltd;;;;;
Little Gowrie Property Investment (Pty) Ltd;;;;;
Little Green Beverages (Pty) Ltd;;;;;
Little Swift Investments 288 (Pty) Ltd;;;;;
Little Swift Investments 435 (Pty) Ltd;;;;;
Little Swift Investments 47 (Pty) Ltd;;;;;
Liuch Trading CC;;;;;
LIV;;;;;
Live Plus Marketing (Pty) Ltd;;;;;
livebydesign.co.za;;;;;
LivelyHoods;;;;;
Livelyhoods Kenya;;;;;
LivePerson, Inc.;;;;;
Livesey Trading CC;;;;;
Livestock Feed Ltd;;;;;
Livestock Feeds Plc;;;;;
Livestock Wealth;;;;;
Livestock Welfare Co-Ordinating Committee;;;;;
Liviero Building (Pty) Ltd;;;;;
Liviero Group;;;;;
Living Dynamics CC;;;;;
Living Goods;;;;;
Living Goods Inc;;;;;
Livingston Leandy Inc;;;;;
LIXIL Corporation;;;;;
Lizalor Investments CC;;;;;
Lk company;;;;;
LKDA Strategic Creative Advertising;;;;;
lliberty.co.za;;;;;
Lloyd Joinery (Pty) Ltd;;;;;
Lloyd Lounge (Pty) Ltd;;;;;
Lloyds Register Group Ltd;;;;;
Lltcmw;;;;;
lltds.co.za;;;;;
Llumar Films (Pty) Ltd;;;;;
LMC Express;;;;;
lmsco.co.za;;;;;
LMT Holdings SOC Ltd;;;;;
LNM Technologies;;;;;
Loadtech Load cells;;;;;
Lobster Ink Africa (Pty) Ltd;;;;;
Local Enterprise Authority;;;;;
Local Enterprise Authority Botswana;;;;;
Local Government Sector Education Training Authority;;;;;
Local government Zambia;;;;;
localbulk.co.za;;;;;
Loch Logan Waterfront (Pty) Ltd;;;;;
Lochs 18 Lodge (Pty) Ltd;;;;;
LociAfrica Limited;;;;;
Lococo4 (Pty) Ltd;;;;;
Locomute (Pty) Ltd;;;;;
Lodestone Brands (Pty) Ltd;;;;;
Lodestone Namibia;;;;;
Lodestone REIT Ltd;;;;;
Lodge Stock and Barrel (Pty) Ltd ;;;;;
Lodox Systems (Pty) Ltd;;;;;
logalis.com;;;;;
Logicalis Group;;;;;
Logicalis South Africa (Pty) Ltd;;;;;
Logicalis South America Inc;;;;;
Logicom Public;;;;;
Logidis Ltd;;;;;
Logima Ltee;;;;;
Logimeter;;;;;
Logistics Engineering Ltd;;;;;
LogMeIn;;;;;
Logwin Air and Ocean South Africa (Pty) Ltd;;;;;
Loisirs des Iles Ltee;;;;;
Loja Gourmet de Belas Lda;;;;;
Lokian Trading and Investment (Pty) Ltd;;;;;
LOLC Finance Zambia;;;;;
loliwerail.co.za;;;;;
Lombard Insurance Company Ltd;;;;;
Lomberg Landbou (Pty) Ltd;;;;;
LomHold (Pty) Ltd;;;;;
LomVest (Pty) Ltd;;;;;
Lona Citrus (Pty) Ltd;;;;;
LONACI;;;;;
LonAgro Equipamentos Agricolas Lda;;;;;
LonAgro Mozambique Lda;;;;;
Loncin Bikes SA CC;;;;;
Londolozi;;;;;
London and Dominion Trust Ltd;;;;;
London Commodity Brokers (Pty) Ltd;;;;;
London Finance & Investment Group Plc;;;;;
London Mining Company Ltd;;;;;
London School of Hygiene & Tropical Medicine;;;;;
London Stock Exchange Group (LSEG);;;;;
Lonehill Trading (Pty) Ltd;;;;;
Lonestar Cell MTN;;;;;
LONESTAR CELL MTN MOBILE MONEY, Inc;;;;;
Lonestar Communications Corporation LLC;;;;;
Long Beach IHS Ltd;;;;;
Long4Life Ltd;;;;;
Longhorn Publishers (Tanzania) Ltd;;;;;
Longhorn Publishers (Uganda) Ltd;;;;;
Longhorn Publishers Ltd;;;;;
Longmeadow 1-Stop (Pty) Ltd;;;;;
Longmeadow Home Farm (Pty) Ltd;;;;;
Longyear South Africa (Pty) Ltd;;;;;
Lonmin Plc;;;;;
lonplats.com;;;;;
Lonrho Fresh (Pty) Ltd;;;;;
Lonrho Johannesburg (Pty) Ltd;;;;;
Lonrho Logistics (Pty) Ltd;;;;;
Lonrho Ltd;;;;;
Lonrho MES Limited;;;;;
Lonrho MES Ltd;;;;;
Lonrho Springs Angola Lda;;;;;
Lontana Manufacturing CC;;;;;
Lonza;;;;;
Look and Listen Group (Pty) Ltd;;;;;
Look-Alike Training 11 (Pty) Ltd;;;;;
Lookopen;;;;;
looktech.co.za;;;;;
looogicode;;;;;
Loot Online (Pty) Ltd;;;;;
Lor Technologies (Pty) Ltd;;;;;
Loreal;;;;;
LO'real  East Africa;;;;;
L'Oréal East Africa;;;;;
L'Oreal East Africa Ltd;;;;;
L'Oreal Manufacturing Midrand (Pty) Ltd;;;;;
L'Oreal South Africa (Pty) Ltd;;;;;
L'Oreal South Africa Holdings (Pty) Ltd;;;;;
Lorenzo Chain (Pty) Ltd;;;;;
Lorge;;;;;
Lori Systems;;;;;
Lorinda;;;;;
Lorraine Efune (Pty) Ltd;;;;;
Lorraine Nel Inc;;;;;
Lothlorien (Pty) Ltd;;;;;
LottoStar;;;;;
Lottotech Ltd;;;;;
Lottotech Management Ltd;;;;;
Lotus Beta Analytics;;;;;
Lotwin Capital Ltd;;;;;
Lotwin Holdings Ltd;;;;;
Lotwin Investments Ltd;;;;;
Louberg Services CC;;;;;
Loud Crowd Media Pty.;;;;;
Loughton Investments Ltd;;;;;
Louis Dreyfus;;;;;
Louis Dreyfus Company Africa (Pty) Ltd;;;;;
Lounic's Timber World (Pty) Ltd;;;;;
loveLife;;;;;
lovelyangels.org;;;;;
Lovemore Bros;;;;;
Lower Sundays River Water User Association;;;;;
Lowmer Investments (Pty) Ltd;;;;;
LPConsultancy (Louis Paul de Froberville);;;;;
LPG Employees SPV (RF) (Pty) Ltd;;;;;
LRA;;;;;
lrc.co.za;;;;;
LRJ Steel;;;;;
LRMG;;;;;
LRMG (Mauritius) Proprietary Limited;;;;;
LRMG (Pty) Ltd;;;;;
LRMG Africa Proprietary Limited;;;;;
LRMG Corporate - 080;;;;;
LRMG DLX;;;;;
LRMG East Africa;;;;;
LRMG Finance by Design - 095;;;;;
LRMG Group Marketing - 073;;;;;
LRMG Group Sales - 550;;;;;
LRMG Growth Enablement;;;;;
LRMG HR - 085;;;;;
LRMG Information by Design - 090;;;;;
LRMG IT Talent;;;;;
LRMG LearnTech;;;;;
LRMG LXP;;;;;
LRMG Pula - 400;;;;;
LRMG Sales Optimisation;;;;;
LRMG SmartUp;;;;;
LRMG SRE;;;;;
LRMG Support by Design - 100;;;;;
LRMG Talent Advisory - 545;;;;;
LRMG Talent Development - 513;;;;;
LRMG Talent Technology - 079;;;;;
LRMG Talentek  BU;;;;;
LRMG Talentek (Pty) Ltd;;;;;
LRMG Technology By Design - 060;;;;;
LRMG Transformation - 076;;;;;
lrmgtest.co.za;;;;;
LS Structures (Pty) Ltd;;;;;
lsbgroup.co.za;;;;;
LSD Information Technology;;;;;
LSG Integrated;;;;;
LSG Lufthansa Service Cape Town (Pty) Ltd;;;;;
LSG Sky Chefs South Africa (Pty) Ltd;;;;;
LSM Distributors (Pty) Ltd;;;;;
LSP Properties and Products (Pty) Ltd;;;;;
LSS - Laundry Services and Supplies CC;;;;;
LTA Construction (Tanzania) Ltd;;;;;
LTA Mali SA;;;;;
LTG Logistics Transport Globally;;;;;
LTS CONSULTING;;;;;
LTS Group;;;;;
ltsa.co.za;;;;;
Luba Freeport Ltd;;;;;
Lubambe;;;;;
Lubambe Copper Mine Plc;;;;;
Lubesol Kenya Ltd;;;;;
Lubricants Supplies Botswana Group;;;;;
Lubrication Specialists (Pty) Ltd;;;;;
Lubritene (Pty) Ltd;;;;;
Lucara Diamond Corporation;;;;;
Lucara Diamond Holdings (I) Inc;;;;;
lucarabotswana.co.bw;;;;;
Lucas Ash;;;;;
Lucchini South Africa (Pty) Ltd;;;;;
Lucidity Technical Production Services (Pty) Ltd;;;;;
Lucille;;;;;
Lucille DE;;;;;
Luck At It KZN (Pty) Ltd;;;;;
Luck At It Mpumalanga (Pty) Ltd;;;;;
Luck Holdings (Pty) Ltd;;;;;
luckstar.co.za;;;;;
Lucky Bean Media CC;;;;;
Lucky Star Ltd;;;;;
Lucky's restaurant;;;;;
Luderitz Bay Shipping and Forwarding (Pty) Ltd;;;;;
Ludgate Investments Ltd;;;;;
Ludgate Property Ltd;;;;;
Lufthansa Cargo AG;;;;;
Lugubhu Carriers (Pty) Ltd;;;;;
Luke;;;;;
Lukhanji Health Services (Pty) Ltd;;;;;
Lukhanji Local Municipality;;;;;
Lukhanyo Transport and Logistics (Pty) Ltd;;;;;
Lulalend;;;;;
lulamaprince.co.za;;;;;
Lulaway;;;;;
LuLu Group International;;;;;
Luma Animation (Pty) Ltd;;;;;
Lumico;;;;;
Lumina Learning;;;;;
Lumotech (Pty) Ltd;;;;;
LUMS;;;;;
Lungisa-VRG Telecommunications and Projects (Pty) Ltd;;;;;
Lunsemfwa Hydro Power Company;;;;;
Lunsemfwahydro;;;;;
Luo vibes generation;;;;;
Luomo Atlantis Manufacturing (Pty) Ltd;;;;;
Lupiya Zambia;;;;;
Lurand Investments (Pty) Ltd;;;;;
Lurio Green Resources SARL;;;;;
Lusan Premium Wines (Pty) Ltd;;;;;
Lusitania Marketing Services (Pty) Ltd;;;;;
Lusovinhos Lda;;;;;
Lutheran World Federation (LWF);;;;;
Lutzville Vineyards;;;;;
Lux Island Resorts Ltd;;;;;
Luxe Holdings;;;;;
luxeholdings.co.za;;;;;
luxholdings.co.za;;;;;
Luxor Paints (Pty) Ltd;;;;;
luxottica.co.za;;;;;
LuxTile Installations (Pty) Ltd;;;;;
Luxury Hotel Leasing South Africa (Pty) Ltd;;;;;
Luxury Hotels Cape Town (Pty) Ltd;;;;;
Luxury Hotels International OR Tambo (Pty) Ltd;;;;;
Luxury Hotels International South Africa (Pty) Ltd;;;;;
Lwf;;;;;
LYA D FIRST Pty Ltd;;;;;
Lycée Lyautey;;;;;
Lyceum College (Pty) Ltd;;;;;
Lycopodium ADP (Pty) Ltd;;;;;
Lydec SA;;;;;
lydec.co.ma;;;;;
lyeejulesverne-jhb.net;;;;;
lylalex.co.za;;;;;
Lymae CC;;;;;
Lynhazel Properties CC;;;;;
Lynnaur Investments (Pty) Ltd;;;;;
Lynx Transport Underwriting Managers (Pty) Ltd;;;;;
Lynxwear (Pty) Ltd;;;;;
Lyraphon Investments (Pty) Ltd;;;;;
LYT Architecture (Pty) Ltd;;;;;
Lyttelton Dolomite (Pty) Ltd;;;;;
M A D Technology (Pty) Ltd;;;;;
M and D House Motors CC;;;;;
M and F Giuricich Developments (Pty) Ltd;;;;;
M and L Laboratory Services (Pty) Ltd;;;;;
M and M Hiring CC;;;;;
M and M Quality Choice (Pty) Ltd;;;;;
M and T Residential Fund (Pty) Ltd;;;;;
M Barbisotti & Sons Ltd;;;;;
M Benjamin Investments CC;;;;;
M C E Fabrication and Construction (Pty) Ltd;;;;;
M Cel;;;;;
M Cubed Holdings Ltd;;;;;
M Dolley CC;;;;;
M E M Marketing (Pty) Ltd;;;;;
M F De Castro and Sons Panelbeaters and Spraypainters (Pty) Ltd;;;;;
M FiTEC International Ltd;;;;;
M G Pasta CC;;;;;
M H F Properties (Pty) Ltd;;;;;
M I B Technology (Pty) Ltd;;;;;
M I S Engineering (Pty) Ltd;;;;;
M Miller;;;;;
M Oriental Bank Ltd;;;;;
M Pilz Investments (Pty) Ltd;;;;;
M Squared Consulting MSP (Pty) Ltd;;;;;
M&C Saatchi Abel;;;;;
M&G Investments Southern Africa;;;;;
M&G Media Ltd;;;;;
M&T;;;;;
M.E. Personnel Consultants;;;;;
M+R Spedag Group AG;;;;;
M1 Capital Investments (Pty) Ltd;;;;;
M1 Latex Products (Pty) Ltd;;;;;
M2006036181 (Pty) Ltd;;;;;
M2M Group SA;;;;;
M3 Cosmetic Labs South Africa (Pty) Ltd;;;;;
M4JAM;;;;;
M5 Developments Cape (Pty) Ltd;;;;;
MA Automotive South Africa (Pty) Ltd;;;;;
MA Automotive Tool and Die (Pty) Ltd;;;;;
Ma Baker Foods (Pty) Ltd;;;;;
Ma-Afrika Films (Pty) Ltd;;;;;
Maamba Collieries Ltd;;;;;
Mabalingwe Nature Reserve Share Block (Pty) Ltd;;;;;
Mabandla;;;;;
Mabany Edris For Real Estate Investment;;;;;
Mabele Fuels (RF) (Pty) Ltd;;;;;
Mabengela Investments (Pty) Ltd;;;;;
Mabiza Resources Limited;;;;;
Mabona Mining (Pty) Ltd;;;;;
Maby Corporate Clothing (Pty) Ltd;;;;;
MAC Carpet Mills;;;;;
Mac Consulting;;;;;
MAC Consulting;;;;;
Macadams International (Pty) Ltd;;;;;
Macand Enterprises 008 (Pty) Ltd;;;;;
macbricks.co.zw;;;;;
Maccaferri;;;;;
Maccauvlei Learning Academy;;;;;
Maccauvlei Learning Academy (Pty) Ltd;;;;;
Maccs;;;;;
MacDonald Steel SA (Pty) Ltd;;;;;
MacDonald's Transport;;;;;
macdonalds.co.za;;;;;
macdonaldsteelsa.com;;;;;
Mace Management Services (Pty) Ltd;;;;;
Mace Projects (Pty) Ltd;;;;;
Mace Projects (South Africa) Ltd;;;;;
Machaus (Pty) Ltd;;;;;
Macintosh Property Holding Company (Pty) Ltd;;;;;
MacLabour;;;;;
maclearel.co.za;;;;;
Macleary Investments 456 (Pty) Ltd;;;;;
Macmillan South Africa (Pty) Ltd;;;;;
MacNeil (Pty) Ltd;;;;;
MacNeil Durban (Pty) Ltd;;;;;
MacNeil Eastern Cape (Pty) Ltd;;;;;
MacNeil George (Pty) Ltd;;;;;
MacNeil JHB (Pty) Ltd;;;;;
MacNeil Plastics (Pty) Ltd;;;;;
Macnificent Online (Pty) Ltd;;;;;
Macphail (Pty) Ltd;;;;;
Macquarie Securities South Africa Ltd;;;;;
MacRobert;;;;;
Macrocomm Telecommunications (Pty) Ltd;;;;;
MacroLan;;;;;
macrologicsys.com;;;;;
Macrotec (Pty) Ltd;;;;;
MACS Maritime Carrier Shipping (Pty) Ltd;;;;;
MACS Maritime Carrier Shipping GmbH;;;;;
Macsteel Bright Bar (Pty) Ltd;;;;;
Macsteel Cape Town (Pty) Ltd;;;;;
Macsteel Coil Processing (Pty) Ltd;;;;;
Macsteel Coreprop (Pty) Ltd;;;;;
Macsteel Exports (Pty) Ltd;;;;;
Macsteel Flanges (Pty) Ltd;;;;;
Macsteel Genprop (Pty) Ltd;;;;;
Macsteel Holdings (Pty) Ltd;;;;;
Macsteel International -;;;;;
Macsteel International South Africa (Pty) Ltd;;;;;
Macsteel Malawi Limited;;;;;
Macsteel Roofing (Pty) Ltd;;;;;
Macsteel Service Centres SA (Pty) Ltd;;;;;
Macsteel Trading (Pty) Ltd;;;;;
Macsteel Tube and Pipe (Pty) Ltd;;;;;
Madagascar Towers SA;;;;;
Madarail SA;;;;;
Made Steel Manufacturing South Africa (Pty) Ltd;;;;;
Madelise;;;;;
Madhivan;;;;;
Madibeng Local Municipality;;;;;
Madinet Nasr for Housing & Development SAE;;;;;
Madison Financial Services Plc;;;;;
Madison Insurance Company Ltd;;;;;
MAE Properties Ltd;;;;;
Maendeleo Bank Plc;;;;;
Maersk;;;;;
Maersk Ghana Ltd;;;;;
Maersk Kenya Limited;;;;;
Maersk South Africa (Pty) Ltd;;;;;
maersk.co.za;;;;;
Maerua Mall (Pty) Ltd;;;;;
Maerua Park Properties (Pty) Ltd;;;;;
Mafikeng Hospital (Pty) Ltd;;;;;
mafonline.co.za;;;;;
Mafried Beesboerdery (Pty) Ltd;;;;;
Mafube Coal Mining (Pty) Ltd;;;;;
Mafube Local Municipality;;;;;
Mafube Risk and Insurance Consultants (Pty) Ltd;;;;;
Magalies Water;;;;;
Magaliesberg Sitrus Maatskappy (Pty) Ltd;;;;;
Magareng Local Municipality;;;;;
Magauta Trading 16 (Pty) Ltd;;;;;
Magazine Publishers Association of South Africa;;;;;
Magetz Electrical CC;;;;;
Maghreb Oxygene SA;;;;;
Maghrebail SA;;;;;
Magic Software;;;;;
Magic Tissues (Pty) Ltd;;;;;
magicmaic.co.za;;;;;
MagIndustries Corporation;;;;;
Magistrate Court KhayelitshaDept. of Justice and Correctional Services;;;;;
Magna BC;;;;;
Magna Carta Reputation Management Consultants (Pty) Ltd;;;;;
Magnaboard SA (Pty) Ltd;;;;;
Magnador;;;;;
Magnate Technology & Services Ltd;;;;;
Magnate Ventures Limited;;;;;
Magna-Thomson International Movers (Pty) Ltd;;;;;
Magnavolt Trading 168 (Pty) Ltd;;;;;
Magnet Electrical Supplies (Pty) Ltd;;;;;
Magnet Group;;;;;
Magnetic Software;;;;;
Magnette Event Management CC;;;;;
Magnificent Mile Trading 16 (Pty) Ltd;;;;;
Magnitech (Pty) Ltd;;;;;
Magnlease (Pty) Ltd;;;;;
Magnolia Ridge Properties 24 (Pty) Ltd;;;;;
Magnum Freight (Pty) Ltd;;;;;
Magnum Sand & Stone CC;;;;;
Magnus Penny Associates CC;;;;;
Mago Resources (Pty) Ltd;;;;;
Magwa Enterprise Tea (Pty) Ltd;;;;;
magwai center;;;;;
Mahala Loyalty Program (Pty) Ltd;;;;;
Mahalo Dealers (Pty) Ltd;;;;;
Mahareng Publishing (Pty) Ltd;;;;;
Maharishi Invincibility Institute;;;;;
maharishinstitute.org;;;;;
Mahikeng Local Municipality;;;;;
Mahindra and Mahindra South Africa (Pty) Ltd;;;;;
MAHLE Behr South Africa (Pty) Ltd;;;;;
MAHLE GmbH;;;;;
mahle.co.za;;;;;
Mail;;;;;
Mail Blaze;;;;;
MailGenius;;;;;
mailrez.com;;;;;
mailtandgroup.co.za;;;;;
Main Street 1000 (RF) (Pty) Ltd;;;;;
Main Street 1013 (Pty) Ltd;;;;;
Main Street 1131 (RF) (Pty) Ltd;;;;;
Main Street 1252 (RF) (Pty) Ltd;;;;;
Main Street 1279 (Pty) Ltd;;;;;
Main Street 1310 (Pty) Ltd;;;;;
Main Street 1314 (Pty) Ltd;;;;;
Main Street 1315 (Pty) Ltd;;;;;
Main Street 1425 (Pty) Ltd;;;;;
Main Street 1505 (Pty) Ltd;;;;;
Main Street 227 (Pty) Ltd;;;;;
Main Street 333 (Pty) Ltd;;;;;
Main Street 551 (Pty) Ltd;;;;;
Main Street 554 (RF) (Pty) Ltd;;;;;
Main Street 57 (Pty) Ltd;;;;;
Main Street 580 (RF) (Pty) Ltd;;;;;
Main Street 736 (Pty) Ltd;;;;;
Main Street 754 (Pty) Ltd;;;;;
Main Street 917 (Pty) Ltd;;;;;
Main Street 939 (Pty) Ltd;;;;;
Mainland Cargo Options Ltd;;;;;
Mainland Real Estate Ltd;;;;;
Mainmast Traders 14 CC;;;;;
MainOne Cable Company Nigeria Ltd;;;;;
Mainstream Renewable Power;;;;;
Mainstreet Bank Insurance Brokers Company Ltd;;;;;
Mainstreet Bank Registrars Ltd;;;;;
Mainstreet Bank Securities Ltd;;;;;
Mainstreet Bank Trustees & Asset Management Company Ltd;;;;;
Mainstreet Microfinance Bank;;;;;
Mairakids;;;;;
Maisha Meds;;;;;
Maison Rouge (Pty) Ltd;;;;;
Maitland Group South Africa Ltd;;;;;
Maitland Hedge Fund Services (Pty) Ltd;;;;;
maitlandgroup.co.za;;;;;
Maitlands Zimbabwe (Pvt) Ltd;;;;;
Maizey Plastics (Pty) Ltd;;;;;
Maizey's (Pty) Ltd;;;;;
Maj-Chemie Ltd;;;;;
Majegu Media;;;;;
Majestic Silver Trading 212 (Pty) Ltd;;;;;
Majesty Oil Mills (Pty) Ltd;;;;;
Majid Al Futtaim Holding LLC;;;;;
Majiholdings;;;;;
Majorel Kenya;;;;;
majorel.ma;;;;;
Majormatic 194 (Pty) Ltd;;;;;
Majuba College;;;;;
Majuba TVET College;;;;;
Majwe Mining Joint Venture (Pty) Ltd;;;;;
Makalani Holdings (Pty) Ltd;;;;;
Makalani Management Company (Pty) Ltd;;;;;
Makana Local Municipality;;;;;
Make A Difference Leadership Foundation;;;;;
Makgatho Skills Development and Training;;;;;
Makgomo Chrome (Pty) Ltd;;;;;
Makhado Local Municipality;;;;;
Makhaotse;;;;;
Makhubu Logistics (Pty) Ltd;;;;;
Makhuduthamaga Local Municipality;;;;;
Makhugiso Investments (Pty) Ltd;;;;;
Makhulong Multi Finance (Pty) Ltd;;;;;
Maki's Diva Cleaning Service CC;;;;;
Mako Marine CC;;;;;
Makon Group;;;;;
Makosi;;;;;
Makro South Africa;;;;;
Maktech & Tel;;;;;
Makwande Energy Trading (Pty) Ltd;;;;;
Malabar International Ltd;;;;;
malahlenicoal.co.za;;;;;
Malaika;;;;;
Malaria Consortium;;;;;
Malas Drive Style Centre;;;;;
Malawi College Of Accountancy;;;;;
Malawi Posts Corporation;;;;;
Malawi Revenue Authority;;;;;
Malawi Telecommunication Limited;;;;;
Malawi Telecommunications Limited;;;;;
Malawi Towers Ltd;;;;;
malawipost.post;;;;;
Malbak Ltd;;;;;
Malbros (Mjengo Ltd);;;;;
malcanter.co.za;;;;;
Malelane Lodge (Pty) Ltd;;;;;
Malesela Taihan Electric Cable (Pty) Ltd;;;;;
Maletchaba Human Capital;;;;;
Maletswai Local Municipality;;;;;
Malherbe Resort CC;;;;;
Malherbe Trading and Investment Company (Pty) Ltd;;;;;
Malibongwe Platinum SPV (Pty) Ltd;;;;;
malikgroup.co.za;;;;;
Malinga Scaffolding and Formowork (Pty) Ltd;;;;;
Maliza Kaali;;;;;
Malking Guest House CC;;;;;
Mall of Africa;;;;;
Mallards Boating International CC;;;;;
Malls Tiles (Pty) Ltd;;;;;
MALOMA;;;;;
Maloma Colliery Ltd;;;;;
Malteser International;;;;;
Malteser International Uganda;;;;;
Malu Aviation;;;;;
Maluti Mountain Brewery (Pty) Ltd;;;;;
Maluti-A-Phofung IDZ SOC RF;;;;;
Malvern Engineering Works (Pty) Ltd;;;;;
Mama Money (Pty) Ltd;;;;;
Mama She's Waste Recyclers (Pty) Ltd;;;;;
mamaliadis.com;;;;;
Mamatwan Manganese (Pty) Ltd;;;;;
Mamba Cement Company (RF) (Pty) Ltd (The);;;;;
Mamba Media (Pty) Ltd;;;;;
MAMCA;;;;;
Mammoet Southern Africa (Pty) Ltd;;;;;
Mamphela Mamphela Holdings ;;;;;
Mamuda group;;;;;
Mamusa Local Municipality;;;;;
MAN Automotive (South Africa) (Pty) Ltd;;;;;
MAN Bus and Coach (Pty) Ltd;;;;;
MAN Diesel & Turbo;;;;;
MAN Energy Solutions;;;;;
MAN Family Wines;;;;;
MAN Truck & Bus Deutschland GmbH Servicebetrieb und Verkaufsbüro;;;;;
MAN Truck & Bus SE;;;;;
MAN Truck and Bus (Hong Kong) Limited;;;;;
MAN Truck and Bus (S A) (Pty) Ltd;;;;;
manaeitafrica.com;;;;;
Managed Integrity Evaluation (Pty) Ltd;;;;;
Managed People Solutions;;;;;
Managem SA;;;;;
Management and Development Company Ltd;;;;;
Management International;;;;;
Managit Laundry Services CC;;;;;
Manaka Property Investments (Pty) Ltd;;;;;
Mancosa (Pty) Ltd;;;;;
Mandarin Motors (Pty) Ltd;;;;;
Mandarin Motors Three (Pty) Ltd;;;;;
Mandate Molefi;;;;;
Mandel Training Centre (Pvt) Ltd;;;;;
Mandela Mining Precinct;;;;;
Mandeni Local Municipality;;;;;
Mandevco Consultants;;;;;
mandibcom.com;;;;;
Man-Dirk (RF) (Pty) Ltd;;;;;
Mandla-Matla Publishing (Pty) Ltd;;;;;
mandulo.co.za;;;;;
MANE;;;;;
Manet International Company Ltd;;;;;
Manganese Metal Company (Pty) Ltd;;;;;
Mangaung Local Municipality;;;;;
Mangaung Metropolitan Municipality;;;;;
Mangaung Society for the Care of the Aged;;;;;
Mangaung Sun (PTY) Ltd t/a Windmill Casino;;;;;
Mango 5;;;;;
Mango Airlines SOC Ltd;;;;;
Mango ginger Bakery and Coffee Shop (Pty) Ltd;;;;;
mango.zw;;;;;
Mangosuthu University of Technology;;;;;
Mangwanani Group (Pty) Ltd;;;;;
Manhattan Mining Equipment (Pty) Ltd;;;;;
Manica Botswana (Pty) Ltd;;;;;
Manica congo (Pty) Ltd;;;;;
Manica Group Namibia (Pty) Ltd;;;;;
Manica Malawi Ltd;;;;;
Manica South Africa (Pty) Ltd;;;;;
Manica Zimbabwe Ltd;;;;;
Manistructure (Pty) Ltd;;;;;
Manitou Southern Africa (Pty) Ltd;;;;;
Manlak Waste Recovery (Pty) Ltd;;;;;
Manline;;;;;
man-ma.com;;;;;
manmagnum.co.za;;;;;
Manna Boerdery CC;;;;;
Mannheim Global Securities (Pty) Ltd;;;;;
Manoa Holdings (Pty) Ltd;;;;;
Manong and Associates (Pty) Ltd;;;;;
Manpower (SA) (Pty) Ltd;;;;;
Manpower Professional Reunion;;;;;
ManpowerGroup Global Inc;;;;;
Manroland Southern Africa (Pty) Ltd;;;;;
Manser Saxon Contracting;;;;;
Mansour Group;;;;;
Mansoura Poultry Company SAE;;;;;
Mantis Investment Holdings (Pty) Ltd;;;;;
Mantis Management (Pty) Ltd;;;;;
Mantrac Group;;;;;
Mantrac Kenya Limited;;;;;
Mantrac Uganda;;;;;
Mantsopa Local Municipality;;;;;
Mantu Business School;;;;;
Manuchar;;;;;
Manufacturing Circle;;;;;
Manufacturing Engineering & Related Services Seta;;;;;
Manutention Africaine Cote d'Ivoire;;;;;
Manzi Monate Country Club Share Block (Pty) Ltd;;;;;
manzifinances.com;;;;;
MAP;;;;;
Map 102 Fund GP (Pty) Ltd;;;;;
Map 107 Fund GP (Pty) Ltd;;;;;
Map 117 Fund GP (Pty) Ltd;;;;;
Map 160 Fund GP (Pty) Ltd;;;;;
Map 170 Fund GP (Pty) Ltd;;;;;
Map 220 Fund GP (Pty) Ltd;;;;;
Map 250 Fund GP (Pty) Ltd;;;;;
Map 301 Fund GP (Pty) Ltd;;;;;
Map 310 Fund GP (Pty) Ltd;;;;;
Map 311 Fund GP (Pty) Ltd;;;;;
Map 402 Fund GP (Pty) Ltd;;;;;
Map 502 Fund GP (Pty) Ltd;;;;;
MAPC Trading (Pty) Ltd;;;;;
Mapei South Africa Pty Ltd;;;;;
Mapfura-Makhura Incubator;;;;;
Maphumulo Local Municipality;;;;;
maptec.co.za;;;;;
Mapula Investments (Pty) Ltd;;;;;
Mapula Solutions (Pty) Ltd;;;;;
Maputo Car Terminal Lda;;;;;
Maputo Port Development Company Sociedade de Desenvolviment Maputo SARL;;;;;
Mapz Trading (Pty) Ltd;;;;;
Mara Kenya;;;;;
Maragra Acucar SA;;;;;
MaraMedia (Pty) Ltd;;;;;
Maranatha Record Company CC;;;;;
Maranda Mines (Pty) Ltd;;;;;
Marang (Southern Highveld) Gaming Investments (Pty) Ltd;;;;;
Marang Processing (Pty) Ltd;;;;;
Marathon Consulting;;;;;
Maravedi Group (Pty) Ltd (The);;;;;
Marble Gold Motor Group;;;;;
Marbley Business Solutions;;;;;
MARC Group (Pty) Ltd;;;;;
March.com;;;;;
Marcom Plastics (Pty) Ltd;;;;;
Marconi Communications South Africa (Pty) Ltd;;;;;
Marcopolo South Africa (Pty) Ltd;;;;;
MarcusBrewster CC;;;;;
maredit.co.za;;;;;
Marenica Energy Ltd;;;;;
margafrique.ma;;;;;
Margarb Holdings (Pty) Ltd;;;;;
Margarine Industries Ltd;;;;;
Margot-Swiss International (Pty) Ltd;;;;;
Mariana Carroll Consulting;;;;;
Marico Chrome Corporation (Pty) Ltd;;;;;
Marico South Africa (Pty) Ltd;;;;;
Maridive and Oil Services SAE;;;;;
Marie Stopes;;;;;
Marie Stopes Kenya;;;;;
Marie Stopes Uganda;;;;;
Marikana Ferrochrome Ltd;;;;;
Marikana Housing Development Company;;;;;
Marina Landscaping (Pty) Ltd;;;;;
MARINA VILLAGE HOTEL LIMITED;;;;;
Marine Biotechnology Products;;;;;
Marine Biotechnology Products Limited;;;;;
Marine Crew Services (South Africa) (Pty) Ltd;;;;;
Marine Data Solutions (Pty) Ltd;;;;;
Marine Finfish Farmers Association of South Africa;;;;;
Marine Lime (Pty) Ltd;;;;;
Marine Services Company Ltd;;;;;
Marine West (Pty) Ltd;;;;;
marinegroup.co.za;;;;;
Maringo Communications (Pty) Ltd;;;;;
Mario Bozzone Film Productions CC;;;;;
Mario Levi Manufacturing South Africa (Pty) Ltd;;;;;
Maris Stella;;;;;
Maritime and Port Authority of Singapore;;;;;
Maritime Motors (Pty) Ltd;;;;;
Maritz Electrical;;;;;
Maritzburg Quarries (Pty) Ltd;;;;;
Marius;;;;;
Mark J Peters;;;;;
Mark1;;;;;
MARK1;;;;;
Market Demand Trading 113 (Pty) Ltd;;;;;
Market Demand Trading 22 (Pty) Ltd;;;;;
Market demand Trading 507 (Pty) Ltd;;;;;
Market Demand Trading 597 (Pty) Ltd;;;;;
Market On Main CC;;;;;
Market Traders (Pty) Ltd;;;;;
Marketforce;;;;;
MarketForce;;;;;
MarketForce Kenya;;;;;
Marketforce Technologies;;;;;
Marketing Federation of South Africa;;;;;
Marketing Science (Pty) Ltd;;;;;
MARKETINGPROFS;;;;;
market-insights.co.za;;;;;
Markham;;;;;
Markinor (Pty) Ltd;;;;;
Marled Nominees (Pty) Ltd;;;;;
Marley (S A) (Pty) Ltd;;;;;
Marley Holdings (Pty) Ltd;;;;;
Marley Pipe Systems (SA) (Pty) Ltd;;;;;
Marleyps;;;;;
marlijooste.co.za;;;;;
Marlin Holdings (Pty) Ltd;;;;;
Maroc Leasing SA;;;;;
Maropeng a'Afrika Leisure (Pty) Ltd;;;;;
Maroun's Auto Paint Centre (KZN) (Pty) Ltd;;;;;
Marown Limited;;;;;
Marown USA Inc;;;;;
Marqott (Pty) Ltd;;;;;
Marqott Holdings (Pty) Ltd;;;;;
Marquis Finance;;;;;
Marriot Hotel Group ;;;;;
Marriott Asset Management (Pty) Ltd;;;;;
Marriott International Inc;;;;;
Marriott International, Inc.;;;;;
Marriott Retirement Fund Administrators (Pty) Ltd;;;;;
Marriott Unit Trust Management Company (RF) (Pty) Ltd;;;;;
Mars;;;;;
Mars Consumer Products Africa (Pty) Ltd;;;;;
Mars Incorporated;;;;;
Marsa Maroc;;;;;
Marsa Marsa Alam for Tourism Development SAE;;;;;
MARSH & MCLENNAN COMPANIES, INC.;;;;;
Marsh (Pty) Ltd;;;;;
Marsh Africa (Pty) Ltd;;;;;
Marsh Associates (Pty) Ltd;;;;;
Marsh Holdings (Pty) Ltd;;;;;
Marsh IConnect (Pty) Ltd;;;;;
Marsh Inc.;;;;;
Marshall Monteagle Plc;;;;;
Marshall Security;;;;;
Marshalls East Africa Ltd;;;;;
Marshalls Group (Pty) Ltd;;;;;
Marshalls Internal Ltd;;;;;
Marshalls Parking (Pty) Ltd;;;;;
Marshalls World of Sport CC;;;;;
marshauls.co.za;;;;;
Marsing & Co Africa;;;;;
Marston Moor Technologies CC;;;;;
Marstret Real Estate Ltd;;;;;
Martin and Martin (Pty) Ltd;;;;;
Martin Bulk Handling Solutions (Pty) Ltd;;;;;
Martin Stabrey;;;;;
Martindale Trading (Pvt) Ltd;;;;;
Martin's Funeral Franchising (Pty) Ltd;;;;;
Martins of London (Pty) Ltd;;;;;
Maru Asset Managers (Pty) Ltd;;;;;
Maru Human Capital;;;;;
Marubeni Corporation;;;;;
Marula Platinum (Pty) Ltd;;;;;
Marula Staffing (Pty) Ltd;;;;;
Maruleng;;;;;
Maruleng Municipality;;;;;
Marulo Comercio E Distribuicao Lda;;;;;
Marvan Precision Engineering Works (Pty) Ltd;;;;;
Marx Delwery CC;;;;;
Maryll Consulting;;;;;
Mary's Meals;;;;;
Marys Meals Zambia;;;;;
MAS Real Estate Inc;;;;;
Masa Chrome Company (Pty) Ltd;;;;;
Masa Limited;;;;;
Masa Mzantsi Cement (Pty) Ltd;;;;;
masa.co.za;;;;;
Masakhane Billboard CC;;;;;
Masakhisane Investment (Pty) Ltd;;;;;
Masana Clothing CC;;;;;
Masana Petroleum Solutions (Pty) Ltd;;;;;
Masawara;;;;;
MASC Solutions;;;;;
Mascom Wireless Botswana (Pty) Ltd;;;;;
Maseehah Ismail Trading CC;;;;;
Maseleng Investments (Pty) Ltd;;;;;
Maseru Cash and Carry (Pty) Ltd;;;;;
Mashabane Rose and Associates CC;;;;;
Mashiya Beef Studs CC;;;;;
Mashonaland Holdings Ltd;;;;;
Mashova Plant (Pty) Ltd;;;;;
Masilonyana Local Municipality;;;;;
Masimba Holdings Ltd;;;;;
Masimong Resource Solutions Pty Ltd;;;;;
Masimong Resource Solutions Talent Sourcing (Pty) Ltd;;;;;
MASINDE MULIRO UNIVERSITY OF SCIENCE AND TECHNOLOGY;;;;;
Masingita Property Investment Holdings (Pty) Ltd;;;;;
Masisebenze Farmers Primary Co-operative Ltd;;;;;
Masiza Mussel Farm (Pty) Ltd;;;;;
Maskew Miller Longman (Pty) Ltd;;;;;
Masma Online;;;;;
masmaonline.co.za;;;;;
Mason Office Solutions (Pty)Ltd;;;;;
Masonite (Africa) Ltd;;;;;
Masonite Africa;;;;;
Mass Staffing Projects;;;;;
Mass Telecom Innovation Plc;;;;;
Massage Therapy Association of South Africa;;;;;
Massbuild (Pty) Ltd t/a Builders Warehouse;;;;;
massbuild.co.za;;;;;
Masscash (Pty) Ltd;;;;;
Masscash Holdings (Pty);;;;;
Masslift Africa (Pty) Ltd;;;;;
Massmart Fresh Supplies;;;;;
Massmart Holdings Ltd;;;;;
Massmart Management and Finance Company (Pty) Ltd;;;;;
Mass-Measuring Systems (Pty) Ltd;;;;;
Masstores (Pty) Ltd;;;;;
Masstores (Pty) Ltd t/a Makro;;;;;
Massy group;;;;;
Master Builders and Allied Trades Association Western Cape;;;;;
Master Builders KwaZulu-Natal;;;;;
Master Builders South Africa;;;;;
Master Drilling Exploration (Pty) Ltd;;;;;
Master Drilling Group Ltd;;;;;
Master Farmer Feeds (Pty) Ltd;;;;;
Master Farmer Zambia Ltd;;;;;
Master Guard Fabric Protection Africa (Pty) Ltd;;;;;
Master Meats (Ghana) Ltd;;;;;
Master Meats and Agro Production Company of Nigeria Ltd;;;;;
Master Plastics;;;;;
Master Plastics Ltd;;;;;
Master Pork Ltd;;;;;
Masterbatch South Africa (Pty) Ltd;;;;;
Mastercard Foundation;;;;;
Mastercard Southern Africa (Pty) Ltd;;;;;
Masterdrive (Pty) Ltd;;;;;
Mastermind Tobacco;;;;;
Mastermind Tobacco Kenya Limited;;;;;
Masterpack Manufacturing (Pty) Ltd;;;;;
Masterparts (Pty) Ltd;;;;;
Masters Automotive Company S.A.E;;;;;
masters.co.za;;;;;
MasterStart International Ltd;;;;;
Mastertons Coffee and Tea Specialists (Pty) Ltd;;;;;
Mastrantonio;;;;;
Mata Holding Plc;;;;;
Matador Enterprises (Pty) Ltd;;;;;
Matanuska Distribution Private Ltd;;;;;
Matas Import and Export CC;;;;;
Matase Industrial Solutions (Pty) Ltd;;;;;
Matasis Investment Holdings (Pty) Ltd;;;;;
Matasis Investments (Pty) Ltd;;;;;
Matat Bakery (Pty) Ltd;;;;;
Matat Liquors (Pty) Ltd;;;;;
Matat Wholesalers (Pty) Ltd;;;;;
Matatiele Local Municipality;;;;;
MATelec (Pty) Ltd;;;;;
Maternal;;;;;
Mather + Platt (Kenya) Ltd;;;;;
Mathomo Group Ltd;;;;;
Mathomo Manufacturing CC;;;;;
Matikwana Hospital (Pty) Ltd;;;;;
Matinje Exploration Ltd;;;;;
Matjhabeng;;;;;
Matjhabeng Local Municipality;;;;;
Matkovich & Hayes (Pty) Ltd;;;;;
Matla Steel Connections (Pty) Ltd;;;;;
Matlala Group;;;;;
Matlapeng Chrome (Pty) Ltd;;;;;
Matomo Engineering Namibia (Pty) Ltd;;;;;
Matomo Technologies (Pty) Ltd;;;;;
Matreal Property Services (Pty) Ltd;;;;;
Matrix Corporate and Theatre Sound CC;;;;;
Matrix Fund Managers (Pty) Ltd;;;;;
Matrix Investments No 16 (Pty) Ltd;;;;;
Matrix Investments No 2 (Pty) Ltd;;;;;
Matrix Yachts (Pty) Ltd;;;;;
Matrixvtrack Nigeria Ltd;;;;;
matshingana.co.za;;;;;
Matsitama Minerals (Pty) Ltd;;;;;
Matthew Goniwe School of Leadership & Governance;;;;;
Matume Sawmill CC;;;;;
Matupunuka ICT;;;;;
Matus hardworking Brands;;;;;
Matzikama Local Municipality;;;;;
MauBank Ltd;;;;;
mau-dalecarnegie.com;;;;;
Maude Mining and Exploration (Pty) Ltd;;;;;
Maudot Kengal and Associates (Pty) Ltd;;;;;
Mauerberger Lift Services (Pty) Ltd;;;;;
Maureva;;;;;
Mauricia Lte;;;;;
Maurilot Investments Ltd;;;;;
Mauritanienne des Batiments et Routes SA;;;;;
Mauritano-Francaise des Ciments SA;;;;;
Mauritian Clothing CC;;;;;
Mauritian Eagle Insurance Company Ltd;;;;;
Mauritian Eagle Leasing Company Ltd;;;;;
Mauritius Chemical and Fertilizer Industry Ltd (The);;;;;
Mauritius Commercial Bank (Madagascar) S.A. (The);;;;;
Mauritius Computing Services Ltd;;;;;
Mauritius Cosmetics Ltd;;;;;
Mauritius Development Investment Trust Company Ltd (The);;;;;
Mauritius Farms Ltd;;;;;
Mauritius Housing Company;;;;;
Mauritius Institute of Directors;;;;;
Mauritius Institute of Training and Development;;;;;
Mauritius Oil Refineries Ltd;;;;;
Mauritius Ports Authority;;;;;
Mauritius Revenue Authority;;;;;
Mauritius Secondary Industries Ltd;;;;;
Mauritius Telecom;;;;;
Mauritius Telecom Ltd;;;;;
Mauritius Union Assurance Company Ltd;;;;;
Mauritius Union Group;;;;;
Mauritiuspost;;;;;
Mauvilac Industries Ltd;;;;;
Maven;;;;;
Maverick Trading 420 CC;;;;;
Maverick Yachts (Pty) Ltd;;;;;
Mavico Alien Plants (Pty) Ltd;;;;;
MAVUKANI TRADING ENTERPRISE CC;;;;;
Mavuno Fertilizer Ltd;;;;;
Mawe Exploration & Technical Services Ltd;;;;;
Maweni Limestone Ltd;;;;;
Mawingu;;;;;
Max Arcus and Son (Pty) Ltd;;;;;
Max Motorcycle Parts SA (Pty) Ltd;;;;;
Max On Top;;;;;
Max Power Services (Pty) Ltd;;;;;
Max T Solutions (Pty) Ltd;;;;;
Maxam Dantex South Africa (Pty) Ltd;;;;;
Maxe Pty;;;;;
Maxi Drivers Association;;;;;
Maxima Silica (Pty) Ltd;;;;;
Maximex Solutions Limited;;;;;
Maximize Office Solutions (Pty) Ltd;;;;;
Maxion Wheels South Africa (Pty) Ltd;;;;;
Maxiprest Africa Operations (Pty) Ltd;;;;;
Maxiprest Manufacturing Botswana;;;;;
Maxiprest Manufacturing Swaziland;;;;;
Maxiprest Properties (Pty) Ltd;;;;;
Maxiprest Tyres Wholesale Warehouse Swaziland;;;;;
Maxiprest Tyres Zambia t/a Max T Solutions;;;;;
Maxi's Grill Marketing (Pty) Ltd;;;;;
Maxitrade 102 General Trading (Pty) Ltd;;;;;
Maxmart Ltd;;;;;
Maxprop Holdings (Pty) Ltd;;;;;
Maxshell 33 Investments (Pty) Ltd;;;;;
Maxtec;;;;;
Maxxor;;;;;
May & Baker Nigeria Plc;;;;;
Maya Naidoo Communications (Pty) Ltd;;;;;
Maya Prass Clothing CC;;;;;
Maybeernick Investments (Pty) Ltd;;;;;
Maydon Wharf Fruit Terminals;;;;;
Mayer International Machines South Africa Pty Ltd;;;;;
Mayfair Insurance Company Ltd;;;;;
Mayibuye Group (Pty) Ltd;;;;;
Mayibuye Transport Corporation;;;;;
Mayittah Group;;;;;
Mayo Macs KZN (Pty) Ltd;;;;;
Mayumba technical construction company limited;;;;;
Mazagan Beach & Golf Resort;;;;;
Mazars in Kenya;;;;;
Mazars Inc;;;;;
Mazars Support Services (Pty) Ltd;;;;;
Mazars Tunisie;;;;;
Mazda Southern Africa;;;;;
Mazda Southern Africa (Pty) Ltd;;;;;
Maze Clothing CC;;;;;
Mazera boy mix;;;;;
Mazi Asset Management (Pty) Ltd;;;;;
Mazi Capital (Pty) Ltd;;;;;
Mazista Tiles (Pty) Ltd;;;;;
Maziya Group;;;;;
Mazon Investments (Pty) Ltd;;;;;
Mazor Aluminium (Pty) Ltd;;;;;
Mazor Group Ltd;;;;;
Mazor Steel (Pty) Ltd;;;;;
Mazwe;;;;;
MB Plant SA (Pty) Ltd;;;;;
MB Workwear (Pty) Ltd;;;;;
Mbali Nkabinde;;;;;
Mbasa Sea Farms (Pty) Ltd;;;;;
mbasa.org;;;;;
Mbasane Enterprises;;;;;
mbassoc.co.za;;;;;
MBAT;;;;;
Mbatini CMIS CC;;;;;
MBC Africa;;;;;
MBD;;;;;
MBD Legal Collections (Pty) Ltd;;;;;
mbdcs.co.za;;;;;
mbdlc.co.za;;;;;
MBE Minerals (SA) (Pty) Ltd;;;;;
Mbekani Group;;;;;
Mbezi Fresh Supermarket;;;;;
MBFi;;;;;
Mbhashe Local Municipality;;;;;
Mbhense Vegetation (Pty) Ltd;;;;;
Mbizana Local Municipality;;;;;
mbizana.org.za;;;;;
Mbokodo Mining (Pty) Ltd;;;;;
mbokodoictconsulting.co.za;;;;;
Mbombela Local Municipality;;;;;
Mbulwa Estate (Pty) Ltd;;;;;
Mbuyelo Coal (Pty) Ltd;;;;;
Mbuyelo Group (Pty) Ltd;;;;;
MC Mining Ltd;;;;;
MCA Training International;;;;;
MCB Capital Markets Ltd;;;;;
MCB Consulting Services Ltd;;;;;
MCB Equity Fund Ltd;;;;;
MCB Factors Ltd;;;;;
MCB Group Ltd;;;;;
MCB Properties Ltd;;;;;
MCB Seychelles Ltd;;;;;
mcbcm.mu;;;;;
MCC Contracts (Pty) Ltd;;;;;
MCC Ltd;;;;;
McCain Foods (South Africa) (Pty) Ltd;;;;;
McCain Foods Limited;;;;;
McCann Kenya Limited;;;;;
McCann Worldgroup South Africa (Pty) Ltd;;;;;
McCarthy Car Hire (Botswana) (Pty) Ltd t/a Budget Botswana;;;;;
McCarthy Car Hire (Namibia) (Pty) Ltd;;;;;
McCarthy Fleet Solutions (Pty) Ltd;;;;;
McCarthy Group Ltd;;;;;
McCarthy Ltd;;;;;
McCarthy On-Line (Pty) Ltd;;;;;
McCarthy Retail Finance (Pty) Ltd;;;;;
McCormick South Africa (Pty) Ltd;;;;;
mccormick.co.za;;;;;
McCoys Glass Manufacturing CC;;;;;
McCullagh and Bothwell (Hyde Park) (Pty) Ltd;;;;;
McCullagh and Bothwell (Pty) Ltd;;;;;
mcdegypt.com;;;;;
McDonald's;;;;;
McDonald's ;;;;;
McDonald's Egypt;;;;;
MCDSS;;;;;
mcdss.gov.zm;;;;;
MCFI (Freeport) Ltd;;;;;
MCFI International & Co Ltd;;;;;
MCFI International (Zambia) Ltd;;;;;
MCG Industries (Pty) Ltd;;;;;
MCG Plastic Closures (Pty) Ltd;;;;;
MCH Properties (Pty) Ltd;;;;;
M-Changa;;;;;
M-Changa Africa;;;;;
MCI Consultants;;;;;
mcinsure.co.za;;;;;
McIver Apparel (Pty) Ltd;;;;;
MCK Africa;;;;;
mcK Africa;;;;;
mckenzieconsulting.co.za;;;;;
McKinsey and Company Africa (Pty) Ltd;;;;;
McKinsey Inc;;;;;
Mcmotor;;;;;
McNab's;;;;;
MCNet;;;;;
McNichols consolidated Plc;;;;;
mcollege.co.za;;;;;
McProp Developments (Pty) Ltd;;;;;
MCS-Caxton International Press (Pty) Ltd;;;;;
MCT Telecommunications (Pty) Ltd;;;;;
MCTi;;;;;
McTimothy Associates;;;;;
Mcwade Productions (Pty) Ltd;;;;;
MD Mineral Technologies SA (Pty) Ltd;;;;;
MD Mining and Mineral Services (Pty) Ltd;;;;;
MDA Properties Ltd;;;;;
MDA Property Systems;;;;;
MDA Property Systems (Pty) Ltd;;;;;
Mdantsane City Shopping Centre (Pty) Ltd;;;;;
MDCC;;;;;
MDD Forensic Accountants;;;;;
MDG Equity Holdings (Pty) Ltd;;;;;
mdhmx.com;;;;;
mdm.mu;;;;;
MDN Inc;;;;;
MDOT Design Studio;;;;;
MDS Dubai;;;;;
MDS Logistics Ltd;;;;;
Mdubane Energy Services (Pty) Ltd;;;;;
MDZ Holdings;;;;;
Mea Aqua Africa (Pty) Ltd;;;;;
Meaders Feeds Ltd;;;;;
Meadow Mozambique Lda;;;;;
meadowcape.co.za;;;;;
Meadowcroft Property Investments (Pty) Ltd;;;;;
measuredability.co.za;;;;;
Meat and Allied Workers Union;;;;;
Meatco Namibia;;;;;
Meat-To-Market (Pty) Ltd;;;;;
MEB holdings (Pty) Ltd;;;;;
Mecer Inter-Ed;;;;;
Mechanical Lloyd Company Ltd;;;;;
Mechem SOC Ltd;;;;;
MechProTech (Pty) Ltd;;;;;
MECS Africa (Pty) Ltd;;;;;
MECS Growth (Pty) Ltd;;;;;
Med Pak cc T/A Carter Medical Supplies;;;;;
Med Paper SA;;;;;
Medal Paints (Pty) Ltd;;;;;
Medcor Medical Equipment (Pty) Ltd;;;;;
Médecins Sans Frontières;;;;;
Medecins Sans Frontieres  International (MSF);;;;;
Med-E-Mass (Pty) Ltd;;;;;
Medi Call (Pty) Ltd;;;;;
Media Challenge Initiative;;;;;
Media Development & Diversity Agency;;;;;
Media Film Service (Pty) Ltd;;;;;
Media Film Service (South Africa) (Pty) Ltd;;;;;
Media Machine;;;;;
Media Workers Association of South Africa;;;;;
Media Works;;;;;
Media, Information and Communication Technologies Sector Education and Training Authority;;;;;
Media24 (Pty) Ltd;;;;;
Media24 Boeke (Pty) Ltd;;;;;
Media24 Holdings (Pty) Ltd;;;;;
Media24 Properties One (Pty) Ltd;;;;;
Media24 Properties Two (Pty) Ltd;;;;;
Media24 Pty Ltd;;;;;
Mediaco Maroc SA;;;;;
MediaHeads 360;;;;;
Mediamark;;;;;
MEDIAMARK;;;;;
MediaMax Network;;;;;
Mediator - Labour Relations Consultants CC;;;;;
Medic Mobile;;;;;
Medical & Pharmaceutical Publications (Pty) Ltd;;;;;
Medical Aid Society of Malawi;;;;;
Medical and Surgical Centre Ltd (The);;;;;
Medical Device Manufacturers South Africa;;;;;
Medical Distributors (Pty) Ltd;;;;;
Medical Human Resources (Pty) Ltd;;;;;
Medical Innovations (Pty) Ltd;;;;;
Medical Packaging Company SAE;;;;;
Medical Services Organisation South Africa (Pty) Ltd;;;;;
Medical Tourism Association of South Africa;;;;;
Medical Union Pharmaceuticals Company SAE;;;;;
Medichem (Pty) Ltd;;;;;
Medicine Management Services (Pty) Ltd;;;;;
Medicines Control Council of South Africa;;;;;
Mediclinic (Pty) Ltd;;;;;
Mediclinic Barberton (Pty) Ltd;;;;;
Mediclinic Bloemfontein Investments (Pty) Ltd;;;;;
Mediclinic Brits (Pty) Ltd;;;;;
Mediclinic Cape Gate Investments (Pty) Ltd;;;;;
Mediclinic Cape Town Investments (Pty) Ltd;;;;;
Mediclinic Constantiaberg Investments (Pty) Ltd;;;;;
Mediclinic Durbanville Day Clinic (Pty) Ltd;;;;;
Mediclinic Durbanville Investments (Pty) Ltd;;;;;
Mediclinic Emfuleni Investments (Pty) Ltd;;;;;
Mediclinic Ermelo (Pty) Ltd;;;;;
Mediclinic Finance Corporation (Pty) Ltd;;;;;
Mediclinic George Investments (Pty) Ltd;;;;;
Mediclinic Group Services (Pty) Ltd;;;;;
Mediclinic Hermanus (Pty) Ltd;;;;;
Mediclinic Highveld Investments (Pty) Ltd;;;;;
Mediclinic Hoogland Investments (Pty) Ltd;;;;;
Mediclinic International (RF) (Pty) Ltd;;;;;
Mediclinic International Plc;;;;;
Mediclinic Investments (Pty) Ltd;;;;;
Mediclinic Kimberley (Pty) Ltd;;;;;
Mediclinic Klein Karoo Investments (Pty) Ltd;;;;;
Mediclinic Legae Investments (Pty) Ltd;;;;;
Mediclinic Lephalale (Pty) Ltd;;;;;
Mediclinic Limpopo (Pty) Ltd;;;;;
Mediclinic Limpopo Investments (Pty) Ltd;;;;;
Mediclinic Louis Leipoldt Investments (Pty) Ltd;;;;;
Mediclinic Midstream (Pty) Ltd;;;;;
Mediclinic Milnerton Investments (Pty) Ltd;;;;;
Mediclinic Morningside Investments (Pty) Ltd;;;;;
Mediclinic Nelspruit Investments (Pty) Ltd;;;;;
Mediclinic Paarl (Pty) Ltd;;;;;
Mediclinic Panorama Investments (Pty) Ltd;;;;;
Mediclinic Pietermaritzburg Investments (Pty) Ltd;;;;;
Mediclinic Plettenberg Bay Investments (Pty) Ltd;;;;;
Mediclinic Potchefstroom (Pty) Ltd;;;;;
Mediclinic Properties (Pty) Ltd;;;;;
Mediclinic Sandton Investments (Pty) Ltd;;;;;
Mediclinic Secunda Investments (Pty) Ltd;;;;;
Mediclinic Southern Africa (Pty) Ltd;;;;;
Mediclinic Stellenbosch (Pty) Ltd;;;;;
Mediclinic Thabazimbi (Pty) Ltd;;;;;
Mediclinic Tzaneen (Pty) Ltd;;;;;
Mediclinic Tzaneen Investments (Pty) Ltd;;;;;
Mediclinic Upington (Pty) Ltd;;;;;
Mediclinic Vereeniging Investments (Pty) Ltd;;;;;
Mediclinic Vergelegen Investments (Pty) Ltd;;;;;
Mediclinic Welkom Investments (Pty) Ltd;;;;;
Mediclinic Worcester Investments (Pty) Ltd;;;;;
Medicross Healthcare Group (Pty) Ltd;;;;;
Medihelp Medical Scheme;;;;;
MediKredit Integrated Healthcare Solutions (Pty) Ltd;;;;;
Medine Limited;;;;;
Medine Ltd;;;;;
Medine Shares Holding Company Ltd (The);;;;;
Medinkor Beleggings (Pty) Ltd;;;;;
MediPet;;;;;
Medipost;;;;;
Medipref Management Ltd;;;;;
Medirite (Pty) Ltd;;;;;
Mediro ICT;;;;;
Mediro ICT Investments (Pty) Ltd;;;;;
Medis MDC (Pty) Ltd;;;;;
Medis Pty;;;;;
Mediscor PBM;;;;;
Mediswitch (Pty) Ltd;;;;;
MediSwitch, a division of Altron TMT;;;;;
Mediterranean Shipping Company (Pty) Ltd;;;;;
Mediterranean Textile Mills (Pty) Ltd;;;;;
Medmark Egypt;;;;;
Med-Nim (Pty) Ltd;;;;;
Medscheme;;;;;
Medscheme Holdings (Pty) Ltd;;;;;
Medscheme Ltd;;;;;
Medshield Medical Scheme;;;;;
Medtech Holdings Ltd;;;;;
Medtronic;;;;;
Medtronic (Africa) (Pty) Ltd;;;;;
Medu Capital (Pty) Ltd;;;;;
Med-View Airline Plc;;;;;
Med-X Health Systems Ltd;;;;;
Meesho;;;;;
Meetcode;;;;;
Meevolsoft;;;;;
Mega African Capital Ltd;;;;;
Mega Doors CC;;;;;
Mega Works Trading Enterprise 200 (Pty) Ltd;;;;;
megabuildonline.com;;;;;
Megadrive Automation CC;;;;;
Megafreight Services (Pty) Ltd;;;;;
Megafreight Services Natal (Pty) Ltd;;;;;
megalube.co.za;;;;;
Megapak Zimbabwe (Pvt) Ltd;;;;;
Megaplastics Ltd;;;;;
Megatron SA (Pty) Ltd;;;;;
MegChem;;;;;
Mehleketo Resourcing (Pty) Ltd;;;;;
MEIBC;;;;;
Meikles Guard Services (Pvt) Ltd;;;;;
Meikles Hospitality (Pvt) Ltd;;;;;
Meikles Ltd;;;;;
Meikles Resources (Pvt) Ltd;;;;;
Meinhardt (Singapore) Pte Ltd;;;;;
Meiwan Textiles (Pty) Ltd;;;;;
Mekan Engineering Services (Pty) Ltd;;;;;
mekanes.co.za;;;;;
Melanie;;;;;
Melbro Holdings (Pty) Ltd;;;;;
Melbro Retail (Pty) Ltd;;;;;
Melbro Trading (Pty) Ltd;;;;;
Melbro Wholesale (Pty) Ltd;;;;;
melbro.co.za;;;;;
Melco Elevator (South Africa) (Pty) Ltd;;;;;
Melcom Ltd;;;;;
Melees Electrical;;;;;
Meletse Golf Estate (Pty) Ltd;;;;;
Melfort (Pty) Ltd;;;;;
Melits;;;;;
Melki Group;;;;;
Melkprodusente-Organisasie;;;;;
Mellins I Style Optometrists Inc;;;;;
Mel-Marketing;;;;;
Melomed Hospital Holdings (Pty) Ltd;;;;;
Melon Consulting;;;;;
Melrose Arch;;;;;
Melrose Arch Investment Holdings (Pty) Ltd;;;;;
Melrose Arch Property Owners Association;;;;;
Melrose Motor Investments (Pty) Ltd;;;;;
Melton Adhesives (Pty) Ltd;;;;;
Meltwater;;;;;
Melville Douglas Investment Management (Pty) Ltd;;;;;
Melvin Marsh International;;;;;
Melvins Teas;;;;;
MEM Beleggings (Pty) Ltd;;;;;
Memphis Company for Pharmaceuticals & Chemical Industries SAE;;;;;
Mena for Touristic and Real Estate Investment Company SAE;;;;;
Ménara Holding;;;;;
Menengai Oil Refineries;;;;;
Menlyn Park;;;;;
Mentor SACCO Society;;;;;
Mentor Sacco Society Limited;;;;;
Menuconcepts;;;;;
Menzi Battery Metals (pty) Ltd;;;;;
Menzies Aviation (South Africa) (Pty) Ltd;;;;;
Mer Des Mascareignes Limited;;;;;
Mer Rouge Trading Ltd;;;;;
Merafe Ferrochrome and Mining (Pty) Ltd;;;;;
Merafe Resources Ltd;;;;;
Merafong Municipality;;;;;
merakinsultingza.co.za;;;;;
Mercado Fresco De Angola Lda;;;;;
Mercantile Acquiring (Pty) Ltd;;;;;
Mercantile Bank Holdings Ltd;;;;;
Mercantile Bank Ltd;;;;;
Mercantile Finance Company;;;;;
Mercantile Insurance Brokers (Pty) Ltd;;;;;
Mercantile Payment Solutions (Pty) Ltd;;;;;
Mercantile Rental Finance (Pty) Ltd;;;;;
mercedes-benz;;;;;
Mercedes-Benz Financial Services South Africa (Pty) Ltd;;;;;
Mercedes-Benz Risk Solutions South Africa (Pty) Ltd;;;;;
Mercedes-Benz South Africa Ltd;;;;;
Mercer Africa;;;;;
Merchant and Industrial Properties Ltd;;;;;
Merchant Bank;;;;;
Merchant Capital;;;;;
Merchant Place Parkade Share Block (Pty) Ltd;;;;;
Merchant West (Pty) Ltd;;;;;
Merchant West Collections SPV (Pty) Ltd;;;;;
Merchant West Specialised Finance (Pty) Ltd;;;;;
Merchants;;;;;
MERCHANTS;;;;;
Merchants SA (Pty) Ltd;;;;;
merchantwestkzn.co.za;;;;;
Mercifulriver Consultant (Pty) Ltd;;;;;
Merck;;;;;
Merck (Pty) Ltd;;;;;
MERCK Healthcare;;;;;
Merck KGaA;;;;;
Merck Ltd - Egypt;;;;;
Mercland (Pty) Ltd;;;;;
Mercure International;;;;;
Mercuria Energy Trading South Africa (Pty) Ltd;;;;;
Mercurie Labs;;;;;
Mercury Blue Holdings (Pty) Ltd;;;;;
Mercury Power (Pty) Ltd;;;;;
Mercury Securities (Pty) Ltd;;;;;
Mercy Corps - Kenya;;;;;
Mercy Corps- DRC;;;;;
Merdjan Health Spas SA CC;;;;;
Merensky Timber (Pty) Ltd;;;;;
Mergence Africa Capital (Pty) Ltd;;;;;
Mergence Investment Managers (Pty) Ltd;;;;;
Meridian Group;;;;;
Meridian Health Group;;;;;
Meridian Operations Company (RF) NPC;;;;;
Meridian Port Services Ltd;;;;;
Meridian-Marshalls Holdings Company Ltd;;;;;
Merismart (Pty) Ltd;;;;;
Merisol RSA (Pty) Ltd;;;;;
Meropa Casino and Entertainment World;;;;;
Meropa Communications (Pty) Ltd;;;;;
Merpak Envelopes;;;;;
Merrill Lynch South Africa (Pty) Ltd;;;;;
Meru University of Science and Technology;;;;;
Mervash Clothing CC;;;;;
Mervitz & Malan;;;;;
Mervyn Taback Inc;;;;;
Mervynopolis Technologies & Designs;;;;;
Merweda Woonstelle (Pty)  Ltd;;;;;
mesereti.com;;;;;
Meshcape Industries (Pty) Ltd;;;;;
Meshco (Pty) Ltd;;;;;
Messe Frankfurt South Africa (Pty) Ltd;;;;;
Messe Muenchen South Africa (Pty) Ltd;;;;;
Messina Copper (Botswana) (Pty) Ltd;;;;;
Messina Diamonds (Pty) Ltd;;;;;
Messina Investments (Pty) Ltd;;;;;
Messina Ltd;;;;;
Messina Platinum Mines Ltd;;;;;
Messina Primary School;;;;;
Messina Toyota Trust;;;;;
MET Collective Investments (RF) (Pty) Ltd;;;;;
Meta Abo Brewery S.C.;;;;;
Metabespokesolutions;;;;;
Metaco;;;;;
metagrated.com;;;;;
Metair Investments Ltd;;;;;
Metal and Electrical Workers Union of South Africa;;;;;
Metal Box (Namibia) (Pty) Ltd;;;;;
Metal Box South Africa Ltd;;;;;
Metal Fabricators of Zambia Plc;;;;;
Metal Recyclers Association of South Africa;;;;;
Metal, Farming, Entertainment, Retail, Electrical, Building and Allied Workers Union;;;;;
MetalBox Namibia (Pty) Ltd (Nampak Namibia);;;;;
Metalco Recycling (Pty) Ltd;;;;;
Metalloys Manganese Smelter (Pty) Ltd;;;;;
Metallurgical and Manufacturing Services Trust;;;;;
metalock.co.za;;;;;
Metbank Ltd;;;;;
Metboard Properties Ltd;;;;;
Metcan Manufacturing CC;;;;;
Metcash Trading Africa (Pty) Ltd;;;;;
MetGovis;;;;;
Methcap SPV 1 (Pty) Ltd;;;;;
MetHealth (Pty) Ltd;;;;;
Methealth Namibia Administrators (Pty) Ltd;;;;;
Methodist Homes for the Aged;;;;;
Methodist Homes for the Aged (Bloemfontein) The;;;;;
Methodist Homes for the Aged (Eastern Cape);;;;;
Metier mixed concrete;;;;;
Métier Mixed Concrete;;;;;
Metindustrial (Pty) Ltd;;;;;
Metinox Ltd;;;;;
metinsurance.com;;;;;
Metkor Groep (Pty)  Ltd;;;;;
Metl;;;;;
MeTL Group;;;;;
MetLife Egypt;;;;;
Metmar Africa Ltd;;;;;
Metmar Mauritius Ltd;;;;;
Metmar Zimbabwe (Pty) Ltd;;;;;
Metonymy (Pty) Ltd;;;;;
Metope General Partner (Pty) Ltd;;;;;
Metope Investment Managers (Pty) Ltd;;;;;
Metorex (Pty) Ltd;;;;;
Metorex Copper Corporation DRC (Pty) Ltd;;;;;
Metorex Share Incentive Scheme (Pty) Ltd;;;;;
metorex.co.zm;;;;;
Metoz Holdings Ltd;;;;;
Metpar pty ltd t/a Steelbank Gauteng;;;;;
Metraclark;;;;;
Metro;;;;;
Metro Bus Service (Pty) Ltd;;;;;
Metro Computer Services (Pty) Ltd;;;;;
Metro Fibre Networx Proprietary Limited;;;;;
Metro Market for Trading and Distribution;;;;;
Metro Sanitary Solutions CC;;;;;
Metro Security Service;;;;;
Metrofile;;;;;
Metrofile (Pty) Ltd;;;;;
Metrofile Holdings Ltd;;;;;
metrofileholdingd.co.za;;;;;
Metropol Hospitals (Pty) Ltd;;;;;
metropolitam.co.za;;;;;
Metropolitan Asset Managers Ltd;;;;;
Metropolitan Cannon Life Assurance Kenya Ltd;;;;;
Metropolitan Health (Mauritius) Ltd;;;;;
Metropolitan Health Botswana Ltd;;;;;
Metropolitan Health Corporate (Pty) Ltd;;;;;
Metropolitan Health Insurance Ghana Ltd;;;;;
Metropolitan Health Ltd (Malawi);;;;;
Metropolitan Health Risk Management (Pty) Ltd;;;;;
Metropolitan Health Zambia Ltd;;;;;
Metropolitan International Support (Pty) Ltd;;;;;
Metropolitan Lesotho Ltd;;;;;
Metropolitan Life (Mauritius) Ltd;;;;;
Metropolitan Life Insurance;;;;;
Metropolitan Life Insurance Ghana Ltd;;;;;
Metropolitan Life Ltd;;;;;
Metropolitan Life of Botswana Ltd;;;;;
Metropolitan Life Swaziland Ltd;;;;;
Metropolitan Life Zambia Ltd;;;;;
Metropolitan Odyssey Ltd;;;;;
Metropolitan Pensions Trust Ghana Ltd;;;;;
Metropolitan Tanzania Insurance Company Ltd;;;;;
metropolitanhealth.co.za;;;;;
MetropolitanRepublic (South Africa) Brand Engagement Company (Pty) Ltd;;;;;
MetropolitanRepublic Integrated Communications (JHB) (Pty) Ltd;;;;;
Metropol-Tech;;;;;
Metrorail Eastern Cape Region;;;;;
Metrotile (Southern Africa) (Pty) Ltd;;;;;
Metrowind (Pty) Ltd;;;;;
Metshelf 102 (Pty) Ltd;;;;;
Metsimaholo Local Municipality;;;;;
Metso;;;;;
Metso Automation RSA (Pty) Ltd;;;;;
Metso Minerals Investment Holdings (SA) (Pty) Ltd;;;;;
Metso Oyj;;;;;
Metso South Africa (Pty) Ltd;;;;;
Metso South Africa Sales (Pty) Ltd;;;;;
Metsweding District Municipality;;;;;
Mettle Administrative Services (Pty) Ltd;;;;;
Mettle Investments Ltd;;;;;
Mettle Medical Finance (Pty) Ltd;;;;;
Mettle Motor Loans (Pty) Ltd;;;;;
Mettle Property Solutions (Pty) Ltd;;;;;
Mettus;;;;;
Metway 10 (Pty) Ltd;;;;;
Metway 2 (Pty) Ltd;;;;;
Mexan Products (Pty) Ltd;;;;;
Mexican Wave Investments (Pty) Ltd;;;;;
Meyer Plc;;;;;
Meyer Von Wielligh (Pty) Ltd;;;;;
Meyers Motors (Pty) Ltd;;;;;
Meyers Motors Umtata (Pty) Ltd;;;;;
Meyerton Hall Street Properties (Pty) Ltd;;;;;
Mezzanine and Credit Partners (Pty) Ltd;;;;;
MF Holdings (Pty) Ltd;;;;;
MFD Group Ltd;;;;;
Mfelane Creations CC;;;;;
MFN Lifting Systems CC;;;;;
mfolozigroup.co.za;;;;;
MFS Africa;;;;;
MFS Africa Limited;;;;;
MFT;;;;;
Mfuwo Trading (Pty) Ltd;;;;;
M-Gas ;;;;;
MGas Kenya;;;;;
Mgeni Holdings (Pty) Ltd;;;;;
mgroup.co.za;;;;;
Mgubho Farming Services (Pty) Ltd;;;;;
MGY Investment Holding (Pty) Ltd;;;;;
MH Aviation Services (Pty) Ltd;;;;;
MH Dawood;;;;;
MHA Management Holdings;;;;;
MHCM (Pty) Ltd;;;;;
mhcmw.org;;;;;
mhhrconsulting.co.za;;;;;
mhlabuyalingana.gov.za;;;;;
Mhlathuze Water;;;;;
Mhlontlo Local Municipality;;;;;
MHM General Supply Ltd;;;;;
MHSC;;;;;
MIC Capital Partners (RF) (Pty) Ltd;;;;;
MIC Financial Services (Pty) Ltd;;;;;
MIC Food and Leisure Holdings (Pty) Ltd;;;;;
MIC Investment Holdings (Pty) Ltd;;;;;
MIC Management Services (Pty) Ltd;;;;;
MIC Tanzania PLC;;;;;
Mica Investments (Pty) Ltd;;;;;
Micali Ltd;;;;;
Micawber 139 (RF) (Pty) Ltd;;;;;
Micawber 185 (Pty) Ltd;;;;;
Micawber 219 (RF) (Pty) Ltd;;;;;
Micawber 229 (Pty) Ltd;;;;;
Micawber 239 (Pty) Ltd;;;;;
Micawber 240 (RF) (Pty) Ltd;;;;;
Micawber 241 (Pty) Ltd;;;;;
Micawber 242 (RF) (Pty) Ltd;;;;;
Micawber 245 (RF) (Pty) Ltd;;;;;
Micawber 248 (Pty) Ltd;;;;;
Micawber 249 (Pty) Ltd;;;;;
Micawber 261 (RF) (Pty) Ltd;;;;;
Micawber 268 (Pty) Ltd;;;;;
Micawber 269 (Pty) Ltd;;;;;
Micawber 270 (RF) (Pty) Ltd;;;;;
Micawber 279 (RF) (Pty) Ltd;;;;;
Micawber 282 (Pty) Ltd;;;;;
Micawber 297 (RF) (Pty) Ltd;;;;;
Micawber 306 (RF) (Pty) Ltd;;;;;
Micawber 309 (RF) (Pty) Ltd;;;;;
Micawber 310 (RF) (Pty) Ltd;;;;;
Micawber 317 (Pty) Ltd;;;;;
Micawber 325 (Pty) Ltd;;;;;
Micawber 358 (RF) (Pty) Ltd;;;;;
Micawber 366 (Pty) Ltd;;;;;
Micawber 388 (Pty) Ltd;;;;;
Micawber 399 (Pty) Ltd;;;;;
Micawber 404 (RF) (Pty) Ltd;;;;;
Micawber 410 (Pty) Ltd;;;;;
Micawber 430 (Pty) Ltd;;;;;
Micawber 432 (RF) (Pty) Ltd;;;;;
Micawber 449 (Pty) Ltd;;;;;
Micawber 451 (RF) (Pty) Ltd;;;;;
Micawber 455 (Pty) Ltd;;;;;
Micawber 470 (Pty) Ltd;;;;;
Micawber 499 (Pty) Ltd;;;;;
Micawber 501 (Pty) Ltd;;;;;
Micawber 520 (RF) (Pty) Ltd;;;;;
Micawber 526 (Pty) Ltd;;;;;
Micawber 533 (Pty) Ltd;;;;;
Micawber 561 (Pty) Ltd;;;;;
Micawber 625 (Pty) Ltd;;;;;
Micawber 731 (RF) (Pty) Ltd;;;;;
Micawber 747 (RF) (Pty) Ltd;;;;;
Micawber 782 (RF) (Pty) Ltd;;;;;
Micawber 808 (Pty) Ltd;;;;;
Micawber 837 (Pty) Ltd;;;;;
Micawber Seal (Pty) Ltd;;;;;
MICC Property Income Fund Ltd;;;;;
Michael House;;;;;
Michael Mount Waldorf;;;;;
Michael Tod Architects CC;;;;;
Michael Wanjelani;;;;;
Michael's Designs CC;;;;;
Micheletti & Co Ltd;;;;;
Michelin Tyre Company South Africa (Pty) Ltd;;;;;
Michelle Footwear (Pty) Ltd;;;;;
Mickey;;;;;
MIC-Leisure (Pty) Ltd;;;;;
Micor Freight (Pty) Ltd;;;;;
Micro Enterprises Support Programme Trust - MESPT;;;;;
Micro Finance Zambia Ltd;;;;;
Microbiz Tech;;;;;
Microchem Lab Services (Pty) Ltd;;;;;
Microdata SA;;;;;
Microelettrica Power (Pty) Ltd;;;;;
Microelettrica Scientifica (Pty) Ltd;;;;;
Microfinance Consultancy Services (Mashroey) S.A.E;;;;;
microgaming.co.za;;;;;
MICROmega Financial Services (Pty) Ltd;;;;;
MICROmega Holdings Ltd;;;;;
MICROmega Services and Support Sprl;;;;;
Micron Engineering;;;;;
Microplan Financial Services (Pvt) Ltd;;;;;
Micropoint SA;;;;;
Micropower Modulek (Pty) Ltd;;;;;
Micros South Africa;;;;;
Micros South Africa (Pty) Ltd;;;;;
Microsoft (S A) (Pty) Ltd;;;;;
microweb.co.za;;;;;
Microzone Trading 290 (Pty) Ltd;;;;;
MICT Electronic Products and Distribution (Pty) Ltd;;;;;
MICT Projects;;;;;
MICT SETA;;;;;
Mict Value Added Reseller (Pty) Ltd;;;;;
Mictert Marketing Research CC;;;;;
Midas Paints (Pty) Ltd;;;;;
Midbank Bus Service (Pty) Ltd;;;;;
Middel;;;;;
Middel and Partners;;;;;
Middelburg Chamber of Commerce and Industry;;;;;
Middelburg Hospital Ltd;;;;;
Middelburg Private Hospital (Pty) Ltd;;;;;
Middelburg Steel and Alloys (Pty) Ltd;;;;;
Middelburg Technochrome (Pty) Ltd;;;;;
Middelvlei Wine Estate;;;;;
Middle and West Delta Flour Mills SAE;;;;;
Middle East Bank;;;;;
Middle East Bank Kenya Limited;;;;;
Middle East Diamond Resources Ltd;;;;;
Middle East Glass Manufacturing Company SAE;;;;;
Middle Egypt Flour Mills Company SAE;;;;;
Middle Island Resources - Burkina Faso Ltd;;;;;
Middle Island Resources - Liberia Ltd;;;;;
Middle Island Resources Ltd - Sirba Project;;;;;
Midlab CC;;;;;
Midlands Car Hire t/a Avis Rent A Car Zambia;;;;;
Midlands Media (Pty) Ltd;;;;;
Midlands Tissue CC;;;;;
Midmar Plant Hire CC;;;;;
Midnight Feast Properties 11 (Pty) Ltd;;;;;
Midnight Masquerade Properites 112 (Pty) Ltd;;;;;
MIDPARC;;;;;
Midparc Casablanca Free Zone;;;;;
Midridge Shopping Centre (Pty) Ltd;;;;;
MIDROC Ethiopia Plc;;;;;
MIDROC Foundation Specialist Plc;;;;;
Midvaal Local Municipality;;;;;
Midvaal Water Company;;;;;
Midway Development Company (Pty) Ltd;;;;;
Midway Resources International;;;;;
Miele (Pty) Ltd;;;;;
Mielieland Boerdery CC;;;;;
mieonline.org;;;;;
MIFS Solutions;;;;;
Migrant Workers Association - South Africa;;;;;
MIH Holdings (Pty) Ltd;;;;;
MIH Internet Africa (Pty) Ltd;;;;;
Mike's Kitchen Franchising (Pty) Ltd;;;;;
Miladys;;;;;
Mildmay Uganda;;;;;
Miles Moving;;;;;
Milikispace;;;;;
Milisa Projects;;;;;
Milk South Africa;;;;;
Milky Lane Franchise Francistown Botswana;;;;;
Milky Lane Franchise Game City Botswana;;;;;
Milky Lane Franchise Sebele Botswana;;;;;
Millbakers;;;;;
Millchem;;;;;
Millchem (Pty) Ltd;;;;;
Mille Investments 187 (Pty) Ltd;;;;;
Millennia Park (Pty) Ltd;;;;;
Millfreight Transport & Consulting (Pty) Ltd;;;;;
Mills Fitchet (East Coast) CC;;;;;
Mills Fitchet (Gauteng) CC;;;;;
Mills Fitchet (KZN) CC;;;;;
Mills Fitchet (Natal) (Pty) Ltd;;;;;
Mills Fitchet (PWV) (Pty) Ltd;;;;;
Mills Fitchet (Transvaal) (Pty) Ltd;;;;;
Mills Fitchet Africa (Pty) Ltd ;;;;;
Mills Fitchet Magnus Penny (Cape Town) CC;;;;;
Millsite Trading (Pty) Ltd;;;;;
Millward Brown South Africa (Pty) Ltd;;;;;
Mil-Op Systems (Pty) Ltd;;;;;
Milpark Business School;;;;;
Milpark Education (Pty) Ltd;;;;;
Mimecast Limited;;;;;
Mimosa Holdings (Pvt) Ltd;;;;;
Mimosa Investments Ltd;;;;;
Mimosa Mining Company (Pvt) Ltd;;;;;
Mimosa Platinum (Pvt) Ltd;;;;;
Minapharm Pharmaceuticals SAE;;;;;
Mind Matters Educational Book Distributers CC;;;;;
MIND THE G?P;;;;;
Mindcor (Pty) Ltd;;;;;
Mindpearl South Africa (Pty) Ltd;;;;;
Mindshare;;;;;
Mindstec;;;;;
Mine;;;;;
Mine Employees Pension Fund;;;;;
Mine Machines;;;;;
Mine Maintenance - Mine Machines;;;;;
Mine Restoration Investments Ltd;;;;;
Mine Support Products (Pty) Ltd;;;;;
Mine Waste Solutions (Pty) Ltd;;;;;
Mine Water Treatment Technologies (Pty) Ltd;;;;;
Mineral Bulk Sampling South Africa (Pty) Ltd;;;;;
Mineral Deposits Ltd;;;;;
Mineral Sands Resources (Pty) Ltd;;;;;
Minerals Council South Africa;;;;;
Minerals Education Trust Fund (The);;;;;
Minerals Operations Executive (Pty) Ltd;;;;;
Minerals Technologies;;;;;
minerals.org.za;;;;;
Minergy Ltd;;;;;
MineRP Holdings (Pty) Ltd;;;;;
Miners Credit Guarantee (Pty) Ltd;;;;;
Minerva Risk Advisors (Pvt) Ltd;;;;;
Mines Rescue Services (Pty) Ltd;;;;;
Minesight Applications (Pty) Ltd;;;;;
Minet Kenya;;;;;
Minet Limited Uganda;;;;;
Mineworkers Investment Company (RF) (Pty) Ltd;;;;;
Mingsheng International Traders CC;;;;;
Mini Bakeries Nairobi Ltd;;;;;
Mining Industry Association of Southern Africa;;;;;
Mining Society of South Africa (Pty) Ltd;;;;;
Ministry Local Government and Rural Development (Zambia);;;;;
Ministry of Agriculture, Forestry and Fisheries;;;;;
Ministry of Arts and Culture;;;;;
Ministry of Basic Education;;;;;
Ministry of Communications;;;;;
Ministry of Cooperative Governance and Traditional Affairs;;;;;
Ministry of Correctional Services;;;;;
Ministry of Defence & Military Veterans;;;;;
Ministry of Economic Development;;;;;
Ministry of Education and Skills Development;;;;;
Ministry of Education Zambia;;;;;
Ministry of Energy;;;;;
Ministry of Environmental Affairs;;;;;
Ministry of Finance;;;;;
Ministry of Finance Swaziland;;;;;
Ministry of Financial Inclusion and Organization of Informal Sector Togo;;;;;
Ministry of Fisheries and Marine Resources;;;;;
Ministry of General Education, Zambia;;;;;
Ministry of Health;;;;;
Ministry of Higher Education & Training;;;;;
Ministry of Home Affairs;;;;;
Ministry of Human Settlements;;;;;
Ministry of ICT - Kenya;;;;;
Ministry of Infrastructure and Housing Development (Botswana);;;;;
Ministry of International Relations & Cooperation;;;;;
ministry of justice;;;;;
Ministry of Justice & Constitutional Development;;;;;
Ministry of Justice Cameroon;;;;;
Ministry of Justice Namibia;;;;;
Ministry of Justice Zambia;;;;;
Ministry of Labour;;;;;
Ministry of Labour and Social Security;;;;;
Ministry Of Labour, Industrial Relations and Employment Creation;;;;;
Ministry of Lands, Agriculture and Rural Resettlement;;;;;
Ministry of Local Government;;;;;
Ministry of Local Government & Rural and Urban Development (Zimbabwe);;;;;
Ministry of Mineral Resources;;;;;
Ministry of Mines and Mining Development (Zimbabwe);;;;;
Ministry of National Development Planning (Zambia);;;;;
Ministry of Police;;;;;
Ministry of Public Enterprises;;;;;
Ministry of Public Service and Administration;;;;;
Ministry of Public Works;;;;;
Ministry of Rural Development and Land Reform;;;;;
Ministry of Science & Technology;;;;;
Ministry of Social Development;;;;;
Ministry of Sport and Recreation;;;;;
Ministry of State President;;;;;
Ministry of State Security;;;;;
Ministry of The Presidency;;;;;
Ministry of Tourism;;;;;
Ministry of Trade and Industry;;;;;
Ministry of Transport;;;;;
Ministry Of Transport & Communications Botswana;;;;;
Ministry of Transport Ghana;;;;;
Ministry of Water and Sanitation;;;;;
Ministry of Women, Children & Persons with Disabilities;;;;;
Minit Print Southern Africa (Pty) Ltd;;;;;
minnies.co.za;;;;;
Minoan Medical (Pty) Ltd;;;;;
Minolco (Pty) Ltd;;;;;
Minopex;;;;;
Minor Hotel Group South Africa;;;;;
Minova Africa (Pty) Ltd;;;;;
Minova Africa Holdings (Pty) Ltd;;;;;
Mint 84 Katherine PTY LTD;;;;;
MINT Collection The Blyde PTY LTD;;;;;
MINT Express Melrose View PTY LTD;;;;;
MINT Express Sandton View PTY LTD;;;;;
Mint Group;;;;;
MINT Hotel Greenside PTY LTD;;;;;
Mint Management Technologies;;;;;
MINTEK;;;;;
Minu (Pty) Ltd;;;;;
Minuteman Press International Inc;;;;;
MIO & CO LTD.;;;;;
MIP Holdings (Pty) Ltd;;;;;
Mirabilis Engineering Underwriting Managers;;;;;
Mirador Agri (Pty) Ltd;;;;;
Miranda Mineral Holdings Ltd;;;;;
miranda.co.za;;;;;
MiRO Distribution;;;;;
Mirror Data (Pty) Ltd;;;;;
Mirum (Pty) Ltd;;;;;
MIS Engineering (PTY) Ltd;;;;;
MIS Pipelines;;;;;
Misa Scaffolding (Pty) Ltd;;;;;
Misenge Environmental & Technical Services Ltd;;;;;
Misr Beni Suef Cement Company SAE;;;;;
Misr Cement Company (Qena);;;;;
Misr Chemical Industries;;;;;
Misr Elsalam For Development & Advanced Technology Company;;;;;
Misr Hotels Company;;;;;
Misr Insurance;;;;;
Misr National Steel (Ataqa) SAE;;;;;
Misr Oils and Soap Company SAE;;;;;
Misr Refrigeration and Air Conditioning Manufacturing Company SAE;;;;;
Missing Children SA;;;;;
Missing Link;;;;;
Mister Sweet (Pty) Ltd;;;;;
Mistry's Pine Furniture;;;;;
Misty Blue Group;;;;;
Misty Blue Trading 182 CC;;;;;
Misty Sky Investments (Pty) Ltd;;;;;
Mitchell Cotts Kenya;;;;;
Mitchell du Plessis Projects (Pty) Ltd;;;;;
Mitek USA;;;;;
MitonOptimal Group;;;;;
Mitra SK South Africa (Pty) Ltd;;;;;
Mitre Veneering CC;;;;;
Mitsol Internet Solutions;;;;;
Mitsubishi Corporation South Africa;;;;;
Mitsubishi Hitachi Power Systems Africa (Pty) Ltd;;;;;
Mitsui OSK Lines Ltd;;;;;
MiWay Finance PTY LTD;;;;;
MiWayLife;;;;;
MiX Telematics Africa (Pty) Ltd;;;;;
MiX Telematics Enterprise SA (Pty) Ltd;;;;;
MiX Telematics International (Pty) Ltd;;;;;
MiX Telematics Ltd;;;;;
Mizan for Consulting & Training;;;;;
MJ Event Gear (Pty) Ltd;;;;;
Mj jothMs;;;;;
MJ Labs;;;;;
Mjejane 12 Investment (Pty) Ltd;;;;;
mjmrecruitment.co.za;;;;;
MK Hendrikz ;;;;;
MKA Holdings (Pty) Ltd;;;;;
Mkhambathini Local Municipality;;;;;
Mkhokhelwa Co-operative Limited;;;;;
Mkhombe Holdings;;;;;
Mkhondo Local Municipality;;;;;
mkhondo.gov.za;;;;;
Mkhulu Electro Distribution Projects (Pty) Ltd;;;;;
Mkombozi Commercial Bank Plc;;;;;
M-KOPA Kenya Ltd;;;;;
Mkumi Exploration Ltd;;;;;
Mkwasine Estate (Pvt) Ltd;;;;;
MLC Quantity Surveyors SA (Pty) Ltd;;;;;
Mlimani Holdings Ltd;;;;;
MM Clothing (Pty) Ltd;;;;;
MM Group for Industry and International Trade SAE;;;;;
mmabontle.com;;;;;
Mmakau Mining (Pty) Ltd;;;;;
Mmamantswe Coal (Pty) Ltd;;;;;
mmamoet.com;;;;;
MMB CONSULTING;;;;;
MMCZ;;;;;
MMD Mineral Sizing (Africa) (Pty) Ltd;;;;;
mmdb.co.za;;;;;
MMG Kinsevere;;;;;
MMG South Africa Management (Pty) Ltd;;;;;
MMI Group Ltd;;;;;
MMI Health (Pty) Ltd;;;;;
MMI Holdings Ltd;;;;;
MMI Holdings Namibia Ltd;;;;;
MMI Infrastructure and Operations (Pty) Ltd;;;;;
MMI Multiply (Pty) Ltd;;;;;
MMI Short Term Insurance Administration (Pty) Ltd;;;;;
MMI Strategic Investments (Pty) Ltd;;;;;
mminamibia.com;;;;;
mmjhomecare.co.za;;;;;
mmltd.co.za;;;;;
MMS Communications South Africa (Pty) Ltd;;;;;
mmsigns.co.za;;;;;
MMSV Productions CC;;;;;
MMTI;;;;;
mn.co.za;;;;;
MNA Engineering and Supplies CC;;;;;
Mndpt;;;;;
MNDPT (Ministry of Digital Development, Digital Transformation and Telecommunications);;;;;
mnet.co.za;;;;;
MNG Gold AS;;;;;
Mnquma Local Municipality;;;;;
MO Agency;;;;;
MO AGENCY;;;;;
Mo Integrations;;;;;
Mobax Group;;;;;
Mobax South Africa (Pty) Ltd;;;;;
Mobe Investments (Pty) Ltd;;;;;
Mobeni Integrated Systems;;;;;
Mobile Commerce Congo SA;;;;;
Mobile Commerce Gabon SA;;;;;
Mobile Design SA (Pty) Ltd;;;;;
Mobile Industries Ltd;;;;;
Mobile Inventory Collation (Pty) Ltd;;;;;
Mobile Outsourcing Solutions (Pty) Ltd;;;;;
Mobile Processing Services (Pty) Ltd;;;;;
Mobile Telephone Networks Cameroon Ltd;;;;;
Mobile Telephone Networks Holdings Ltd;;;;;
Mobile U (Pty) Ltd;;;;;
mobilepayer.co.za;;;;;
Mobilift (Pty) Ltd;;;;;
Mobility Insurance Underwriting Managers (Pty) Ltd;;;;;
Mobinil For Importing SAE;;;;;
Mobinil Services SAE;;;;;
Mobius Consulting;;;;;
Mobiwire SAS;;;;;
Mobiwire South Africa (Pty) Ltd;;;;;
Mobiz;;;;;
Mobu Resources (Pty) Ltd;;;;;
Mocambique Farms Lda;;;;;
Mochachos Franchise Management (Pty) Ltd;;;;;
Mochochonono Protect (Pty) Ltd;;;;;
Mocke Pipeline Construction (Pty) Ltd;;;;;
Modagrego Lifestyle CC;;;;;
Model Extension (Pty) Ltd;;;;;
Modern Breed;;;;;
Modern Leasing SA;;;;;
Modern Media Promotions (Pty) Ltd;;;;;
Modern Spinning Co;;;;;
Modern Waterproofing Company SAE;;;;;
Modimall (Pty) Ltd;;;;;
Modimolle Local Municipality;;;;;
Modrac (Pty) Ltd;;;;;
Modular Communications SA Pty;;;;;
Modus BPS;;;;;
Moeletsi Promotions;;;;;
Moetapele Projects (Pty) Ltd;;;;;
Moeti Technologies;;;;;
MoFaya Beverage Company (Pty) Ltd;;;;;
Moffatt Inc;;;;;
Moffatt Optical CC;;;;;
mofnp.gov.zm;;;;;
Mogala Investments (Pty) Ltd;;;;;
Mogalakwena Local Municipality;;;;;
Mogale City Local Municipality;;;;;
MOGAS;;;;;
MOGAS Kenya Ltd;;;;;
Mogo;;;;;
Mogo Kenya;;;;;
MOGS (Pty) Ltd;;;;;
Mogwele Waste (Pty) Ltd;;;;;
Moha Kenya Ltd;;;;;
MOHA Soft Drinks Industry S.C.;;;;;
Mohair South Africa Ltd;;;;;
Mohale Emmanuel Consulting Services;;;;;
Mohales;;;;;
Mohammed Enterprises Tanzania Limited (MeTL);;;;;
Mohandes Insurance Company SAE;;;;;
Mohara Ventures SA;;;;;
mointegrations.co.za;;;;;
Moipone Group Fleet (Pty) Ltd;;;;;
MoKo Home;;;;;
Mokoka Professional Consultants (Pty) Ltd;;;;;
Mokolo Clay Bricks (Pty) Ltd;;;;;
MOL (Ghana) Ltd;;;;;
MOL Liner;;;;;
MOL South Africa (Pty) Ltd;;;;;
Molemole Local Municipality;;;;;
Molenaar & Griffiths;;;;;
Molex LLC;;;;;
molgroup.net;;;;;
Moloto Solutions;;;;;
Molteno;;;;;
Momentum Ability Ltd;;;;;
Momentum Advisory Service Nominees (Pty) Ltd;;;;;
Momentum Alternative Insurance Ltd;;;;;
Momentum Alternative Investments (Pty) Ltd;;;;;
Momentum Asset Management (Namibia) (Pty) Ltd;;;;;
Momentum Asset Management (Pty) Ltd;;;;;
Momentum Asset Management (Swaziland) (Pty) Ltd;;;;;
Momentum Asset Management Nominees (Pty) Ltd;;;;;
Momentum Collective Investments (RF) (Pty) Ltd;;;;;
Momentum Consult (Pty) Ltd;;;;;
Momentum Credit;;;;;
Momentum Employee Benefits (Pty) Ltd;;;;;
Momentum Finance Company (Pty) Ltd;;;;;
Momentum Growth (Pty) Ltd;;;;;
Momentum Health;;;;;
Momentum Healthcare Distribution (Pty) Ltd;;;;;
Momentum Insurance (Swaziland) Ltd;;;;;
Momentum International Multimanagers (Pty) Ltd;;;;;
Momentum Investment Consulting (Pty) Ltd;;;;;
Momentum Investments Shared Services (Pty) Ltd;;;;;
Momentum Kenya;;;;;
Momentum Lesotho (Pty) Ltd;;;;;
Momentum Life Assurance Namibia Ltd;;;;;
Momentum Life Assurers Ltd;;;;;
Momentum Life Botswana Ltd;;;;;
Momentum Metropolitan Holdings Limite;;;;;
Momentum Metropolitan Holdings Limited;;;;;
Momentum Metropolitan Infrastructure & Operations (Pty) Ltd;;;;;
Momentum Mozambique Lda;;;;;
Momentum OCSA;;;;;
Momentum Outcome-Based Solutions (Pty) Ltd;;;;;
Momentum Property Investments (Pty) Ltd;;;;;
Momentum Short Term Insurance Company Ltd;;;;;
Momentum SP Reid Securities (Pty) Ltd;;;;;
Momentum Structured Insurance Ltd;;;;;
Momentum Wealth (Pty) Ltd;;;;;
Momentum Wealth Nominees (RF) (Pty) Ltd;;;;;
momentumaspire.co.za;;;;;
momlog.co.za;;;;;
Momman 2 (Pty) Ltd;;;;;
MomMet Infrastructure & Operations (Pty) Ltd;;;;;
Mon Desert Alma Sugar Milling Company Ltd;;;;;
Monama IT;;;;;
Monarch Insurance Company Ltd;;;;;
Monash South Africa Ltd;;;;;
Monash University;;;;;
Monateng Caravan Park CC;;;;;
Monateng Safari Lodge Share Block (Pty) Ltd;;;;;
Mondelez South Africa (Pty) Ltd;;;;;
mondgroup.co.za;;;;;
MONDI Group;;;;;
Mondi Group;;;;;
Mondi Newsprint (Pty) Ltd;;;;;
Mondi Plc;;;;;
Mondial IT Solutions (Pty) Ltd;;;;;
monenecivils.co.za;;;;;
monevest.co.za;;;;;
Money Aviation;;;;;
Money Box Investments 145 (Pty) Ltd;;;;;
MoneyGram;;;;;
Moneyline 311 (Pty) Ltd;;;;;
Moneyline 680 (Pty) Ltd;;;;;
Moneyline 992 (Pty) Ltd;;;;;
Moneyline Financial Services (Pty) Ltd;;;;;
Moneyweb Holdings Ltd;;;;;
Monier Construction Company (Nigeria) Ltd;;;;;
Monier Coverland (Pty) Ltd;;;;;
Monitor Publications Ltd;;;;;
Monocle Solutions;;;;;
Monroe Manufacturing (Pty) Ltd;;;;;
Monsanto Africa;;;;;
Monsanto Company Inc;;;;;
Monsanto Kenya Ltd;;;;;
Monsanto South Africa (Pty) Ltd;;;;;
Monster Mob Car Specialist CC;;;;;
Mont Blanc Financial Services (Pty) Ltd;;;;;
Montagu Homes (Pty) Ltd;;;;;
Montauk Holdings Ltd;;;;;
Monte Rosa Financing SPV (RF) (Pty) Ltd;;;;;
Monteagle Africa Ltd;;;;;
Monteagle Consumer Group Ltd;;;;;
Monteagle International (UK) Ltd;;;;;
Monteagle Merchant Group Southern Holdings 2 Ltd;;;;;
Monteagle Merchant Group Southern Holdings Ltd;;;;;
Monteagle Property Holdings Ltd;;;;;
Montego Pet Nutrition (Pty) Ltd;;;;;
Montepuez Ruby Mining Limitada (Ruby);;;;;
Monteriva Investments 17 (Pty) Ltd;;;;;
Montic Dairy (Pty) Ltd;;;;;
Moody Blue Trade Aand Invest 14 (Pty) Ltd;;;;;
Moody Blue Trade and Invest 93 (Pty) Ltd;;;;;
Moofushi Development Ltd;;;;;
Mooibult Beleggings (Pty) Ltd;;;;;
Mooigezicht Estates;;;;;
Mooivaal Media (Pty) Ltd;;;;;
Mooivallei Suiwel (Pty) Ltd;;;;;
Mookgophong Local Municipality;;;;;
Moolman Mining (Botswana) (Pty) Ltd;;;;;
Moolman Mining Ghana Ltd;;;;;
Moolman Mining Guinea SA;;;;;
Moolman Mining Tanzania Ltd;;;;;
Moolman Mining Zambia Ltd;;;;;
Mooney Ford Attorneys;;;;;
Moongate 125 (Pty) Ltd;;;;;
Moonlighting Commercials (Pty) Ltd;;;;;
Moonlighting Crusoe Productions CC;;;;;
Moonlighting Filmmakers (Pty) Ltd;;;;;
Moonlighting Films (Pty) Ltd;;;;;
Moonlighting Philanthropist (Pty) Ltd;;;;;
Moonlighting Rugby95 (Pty) Ltd;;;;;
Moonstone Business School of Excellence;;;;;
Moonstone Information Refinery (Pty);;;;;
MOORE BEE PRETORIA;;;;;
Moore Process Controls (Pty) Ltd;;;;;
Moore South Africa;;;;;
Moore South Africa Pty (Ltd);;;;;
Moore Stephens Cape Town Inc;;;;;
Moore Stephens South Africa (Pty) Ltd;;;;;
mooresa.co.za;;;;;
Mopani Copper Mines Plc;;;;;
Mopani District Municipality;;;;;
Mopani Internacional Lda;;;;;
Moqhaka Local Municipality;;;;;
Mor Beauty (Pty) Ltd;;;;;
Mor Blue (Pty) Ltd;;;;;
Morar Inc;;;;;
Morbei Investments (Pty) Ltd;;;;;
Mordiprime;;;;;
MORE;;;;;
More To Life Health (Pty) Ltd;;;;;
MoreCorp;;;;;
Moregolf (Pty) Ltd;;;;;
Morened (Pty) Ltd;;;;;
Moreson Veevoere (Pty) Ltd;;;;;
Moresport (Pty) Ltd;;;;;
moresport.co.za;;;;;
Morewood Clothing (Pty) Ltd;;;;;
Morgan Abattoir (Pty) Ltd;;;;;
Morgan Advanced Materials;;;;;
Morgan Creek Properties 104 (Pty) Ltd;;;;;
Morgan Plc;;;;;
Morganite Ujantshi (Pty) Ltd;;;;;
Morgenster (1711) (Pty) Ltd;;;;;
Moribo Investments (Pty) Ltd;;;;;
Moringa School;;;;;
Morison Industries Plc;;;;;
Morning Light Co. Ltd;;;;;
Mortgage Innovations CC;;;;;
Mortgage Investment Corporation (Pty) Ltd;;;;;
Mortgage Plus CC;;;;;
Morton & Partners;;;;;
Morula Pictures (Pty) Ltd;;;;;
Morupule Coal Mine Limited;;;;;
Morvest Afrikano Projects (Pty) Ltd;;;;;
Morvest Facilities Management (Pty) Ltd;;;;;
Morvest Forex (Pty) Ltd;;;;;
Morvest Group (Pty) Ltd;;;;;
Morvest Hereford (Pty) Ltd;;;;;
Morvest Information Communication and Technology (Pty) Ltd;;;;;
Morvest Investment Properties (Pty) Ltd;;;;;
Morvest Mithratech (Pty) Ltd;;;;;
Morvest Professional Services (Pty) Ltd;;;;;
Morvest Properties (Pty) Ltd;;;;;
Morvest Retail and Other Investments (Pty) Ltd;;;;;
Morvest Travel (Pty) Ltd;;;;;
Mosa Group (Pty) Ltd;;;;;
moselaratings.co.za;;;;;
Moses Kotane Institute;;;;;
Moses Kotane Local Municipality;;;;;
Mossel Bay Local Municipality;;;;;
Mossel Bay Municipality;;;;;
Mosstrich (Pty) Ltd;;;;;
Mostratus Lda;;;;;
MOTA ENGIL UGANDA;;;;;
Mota-Engil Construction South Africa (Pty) Ltd;;;;;
Mota-Engil Engenharia e Construcao SA;;;;;
Motani Lounge (Pty) Ltd;;;;;
Mothae Diamond Holdings Inc;;;;;
Mothae Diamonds (Pty) Ltd;;;;;
Motheo Construction Group (Pty) Ltd;;;;;
Motheo Property Investment Managers (Pty) Ltd;;;;;
Mother Nature Products CC;;;;;
Motifprops 1 (Pty) Ltd;;;;;
Motifprops 1088 (Pty) Ltd;;;;;
Motifprops 160 (Pty) Ltd;;;;;
Motlekar Holdings (Pty) Ltd;;;;;
Moto Health Care;;;;;
Moto Uno Racing CC;;;;;
Motolube (Pty) Ltd;;;;;
Motomo Information Communication Technology Group (Pty) Ltd;;;;;
Motor Compliance Solutions (Pty) Ltd;;;;;
Motor Finance Corporation (Pty) Ltd (The);;;;;
Motor Industry Bargaining Council;;;;;
Motor Industry Ombudsman of South Africa;;;;;
Motor Industry Staff Association;;;;;
Motor Transport Workers' Union of South Africa;;;;;
Motor Vehicle Security Association of South Africa (The);;;;;
Motorcare Uganda Limited;;;;;
Motorite Administrators (Pty) Ltd;;;;;
Motorola Mobility South Africa (Pty) Ltd;;;;;
Motorola Solutions South Africa (Pty) Ltd;;;;;
Motovac Group Botswana;;;;;
Motraco Security Company (Pty) Ltd;;;;;
Motseng Investment Holdings (Pty) Ltd;;;;;
motswabathong;;;;;
Motswedi wa Sechaba;;;;;
Mott MacDonald Africa (Pty) Ltd;;;;;
Mott MacDonald Contracting (Pty) Ltd;;;;;
Motus Corporation (Pty) Ltd;;;;;
Motus Holdings Limited;;;;;
motuscr.co.za;;;;;
Motuseb;;;;;
Motusfs;;;;;
Moul-Bie (S A) (Pty) Ltd;;;;;
MouldProd Exhibitions Ltd;;;;;
Moumo Integrated Development (Pty) Ltd;;;;;
Mount Kenya Bottlers Ltd;;;;;
Mount Meru Millers Zambia Ltd;;;;;
Mount Nelson Hotel Ltd;;;;;
Mountain Lake Inc;;;;;
Mountain Rush Trading 4 (Pty) Ltd;;;;;
Mountainside Farms Ltd;;;;;
Mountainview Dairy CC;;;;;
Mountcrest University College;;;;;
Mouton Citrus (Pty) Ltd;;;;;
Mövenpick Ambassodor Hotel;;;;;
Move-On-Up 1061 CC;;;;;
Moving Tactics;;;;;
MOVIS Cameroon;;;;;
Movis Cote d'Ivoire;;;;;
Movit Products Ltd;;;;;
Mowana Properties;;;;;
Moxwood (Pty) Ltd;;;;;
MOYO;;;;;
MOYO Business Advisory (Pty) Ltd;;;;;
Moyo Operations (Pty) Ltd;;;;;
Mozal Sarl;;;;;
Mozambique Car Rental Lda;;;;;
Mozambique Transmission Company Sarl;;;;;
Mozzie Cabs (Pty) Ltd;;;;;
MP Ansley;;;;;
MP Development Finance One (Pty) Ltd;;;;;
Mpact Ltd;;;;;
Mpact Operations (Pty) Ltd;;;;;
Mpact Plastic Containers Atlantis (Pty) Ltd;;;;;
Mpact Versapak (Pty) Ltd;;;;;
Mpamot;;;;;
Mpekweni Beach Resort;;;;;
M-PESA Africa;;;;;
Mpg;;;;;
mpg.gov.za;;;;;
Mpho Makwana;;;;;
Mphofu Management Services (Pty) Ltd;;;;;
MPICO Plc;;;;;
Mpilo Investment Holdings 1 (RF) (Pty) Ltd;;;;;
Mpilo Investment Holdings 2 (RF) (Pty) Ltd;;;;;
Mpilo Technologies;;;;;
Mpofana Local Municipality;;;;;
Mpowered Business Solutions;;;;;
Mpowered Business Solutions (Pty) Ltd;;;;;
mPowerRatings;;;;;
MPP Civils Namibia;;;;;
Mpu;;;;;
Mpumalanga Analytical Services CC;;;;;
Mpumalanga Department of Cooperative Governance and Traditional Affairs;;;;;
Mpumalanga Department of Education;;;;;
Mpumalanga Department of Public Works, Roads and Transport;;;;;
Mpumalanga Department of Social Development;;;;;
Mpumalanga Department: Co-operative Governance and Traditional Affairs;;;;;
Mpumalanga Department: Culture, Sport and Recreation;;;;;
Mpumalanga Economic Development and Tourism;;;;;
Mpumalanga Economic Growth Agency;;;;;
Mpumalanga Economic Regulator;;;;;
Mpumalanga ETDP SETA;;;;;
Mpumalanga Gambling Board;;;;;
Mpumalanga Health;;;;;
Mpumalanga Office of the Premier;;;;;
Mpumalanga Provincial Legislature;;;;;
Mpumalanga Provincial Treasury;;;;;
Mpumalanga Tourism;;;;;
Mpumalanga Trout Producers Forum;;;;;
MQA;;;;;
Mr Bigg's Ghana Ltd;;;;;
Mr M Scott;;;;;
Mr Plastic;;;;;
Mr Price Group Ltd;;;;;
Mr Price Group Ltd.;;;;;
Mr. Green Africa ;;;;;
Mr. Green Trading Africa Kenya Ltd.;;;;;
MRA;;;;;
MRBM Consultants;;;;;
MRC Group;;;;;
MRC Resources (Pty) Ltd;;;;;
MRE Investments (Pty) Ltd;;;;;
MRI Seed Zambia Ltd;;;;;
MRI Software LLC;;;;;
MRM Mining Services (Pty) Ltd;;;;;
mrmall.co.za;;;;;
Mrp;;;;;
MRP Mobile (Pty) Ltd;;;;;
mrpg.com;;;;;
MRS Oil Nigeria Plc;;;;;
MS Express South Africa (Pty) Ltd;;;;;
MS Trust;;;;;
MSA Devco (Pty) Ltd;;;;;
MSA Group;;;;;
msanet.com;;;;;
msasabrands.co.bw;;;;;
Msauli Asbes Ltd;;;;;
MSC Business College;;;;;
MSC Mediterranean Shipping Company Ghana Ltd;;;;;
MSC Mediterranean Shipping Company Holding SA;;;;;
msc.co.za;;;;;
MSCSPORTS;;;;;
MSC-Starlight Cruises (Pty) Ltd;;;;;
MSD (Pty) Ltd;;;;;
MSD EURAM;;;;;
MSD South Africa;;;;;
Mseed;;;;;
MSG-Outsourced Solutions;;;;;
Msinga Local Municipality;;;;;
Msingi Construction Project Management (Pty) Ltd;;;;;
Msinsi Holdings SOC Ltd;;;;;
mslawyers.co.za;;;;;
mspgroup.co.za;;;;;
Msukaligwa Local Municipality;;;;;
Msunduzi Local Municipality;;;;;
Msunduzi Museum;;;;;
M-Sure (Pty) Ltd;;;;;
Mt kenya film group Co Ltd;;;;;
MTC Namibia;;;;;
MTech Co.;;;;;
Mtech Communications Plc;;;;;
MTECH Consulting cc;;;;;
mtechindustrial;;;;;
mteen.net;;;;;
Mthatha Hotel (Pty) Ltd;;;;;
Mthatha Mall (Pty) Ltd;;;;;
Mthayiza Farming (Pty) Ltd;;;;;
Mthonjaneni Local Municipality;;;;;
M-TIBA Kenya;;;;;
Mtibwa Sugar Estate Ltd;;;;;
MTL;;;;;
MTN;;;;;
MTN Afghanistan Limited;;;;;
MTN Bayobab Dubai;;;;;
MTN Business Cameroon;;;;;
MTN Business Kenya Ltd;;;;;
MTN Business Namibia Ltd;;;;;
MTN Business Solutions Botswana (Pty) Ltd;;;;;
MTN Cameroon;;;;;
MTN Congo SA;;;;;
MTN Cote d'Ivoire SA;;;;;
MTN Cyprus Limited;;;;;
MTN Dubai Ltd;;;;;
MTN Eswatini;;;;;
MTN Eswatini LTD;;;;;
MTN Ghana;;;;;
MTN Group Fintech Pty Ltd;;;;;
MTN Group HR Learning Innovation;;;;;
MTN Group Limited;;;;;
MTN Group Ltd;;;;;
MTN Group Management Services Proprietary Limited ;;;;;
MTN Guinea Ltd;;;;;
MTN Irancell;;;;;
MTN Nigeria Communications Ltd;;;;;
MTN Publicom Ltd;;;;;
MTN Rwandacell Ltd;;;;;
MTN SA (Pty) Ltd;;;;;
MTN Service Provider (Pty) Ltd;;;;;
MTN South Sudan Ltd;;;;;
MTN Sudan;;;;;
MTN Uganda Ltd;;;;;
MTN Uganda Village Phone;;;;;
MTN Yemen Company;;;;;
MTN Yemen Ltd;;;;;
MTN Zakhele (RF) Ltd;;;;;
MTN Zambia Ltd;;;;;
MTO Forestry (Pty) Ltd;;;;;
MTU Africa (Pty) Ltd;;;;;
mtuba.co.za;;;;;
Mtungwa Bearing and Logistics (Pty) Ltd;;;;;
MTU-South Africa (Pty) Ltd;;;;;
MTV;;;;;
MUA Company Ltd;;;;;
MUA East Africa;;;;;
MUA Insurance Acceptances (Pty) Ltd;;;;;
MUA Mauritius & East Africa;;;;;
Much Asphalt (Pty) Ltd;;;;;
MUCOBA Bank Plc;;;;;
Mudzi Palfinger JV (Pty) Ltd;;;;;
Mugg & Bean Franchise Bagatelle Mauritius;;;;;
Mugg & Bean Franchise Gaborone Botswana;;;;;
Mugg & Bean Franchise Lusaka Zambia;;;;;
Mugg & Bean Franchise Mauerua Mall Namibia;;;;;
Mugg & Bean Franchise Windhoek Namibia;;;;;
Mugg and Bean Franchising (Pty) Ltd;;;;;
MUKONA GROUP;;;;;
Mukorob Pelagic Processors (Pty) Ltd;;;;;
Mukosi Consulting;;;;;
Mukuru;;;;;
Mukwano Group of Companies;;;;;
Mukwano Industries;;;;;
Mulji Devraj & Brothers Ltd;;;;;
Mullen Lowe Group (South Africa) (Pty) Ltd;;;;;
Mullen Lowe Johannesburg (Pty) Ltd;;;;;
Mullers SDK Optometrists Inc;;;;;
Mulonga Water;;;;;
Mulpan CC;;;;;
Multi Admin (Pty) Ltd;;;;;
Multi Destinations Management Association;;;;;
Multi Pac Ltd;;;;;
Multi Risk Brokers (Pty) Ltd;;;;;
Multi Risk Investment Holdings (Pty) Ltd;;;;;
MultiChoice (Pty) Ltd;;;;;
MultiChoice Africa Ltd;;;;;
MultiChoice Botswana (Pty) Ltd;;;;;
MultiChoice Investments (Pty) Ltd;;;;;
Multichoice Kenya Ltd;;;;;
MultiChoice Mobile Operations (Pty) Ltd;;;;;
MultiChoice Namibia (Pty) Ltd;;;;;
MultiChoice Operations (Pty) Ltd;;;;;
MultiChoice South Africa (Pty) Ltd;;;;;
MultiChoice South Africa Holdings (Pty) Ltd;;;;;
MultiChoice Support Services (Pty) Ltd;;;;;
Multi-cup Solutions;;;;;
Multi-cup Solutions (Pty) Ltd;;;;;
Multi-media Computers;;;;;
Multi-Media Computers;;;;;
Multimedia Group Limited;;;;;
Multi-Net Systems;;;;;
Multipro consumer products Ltd;;;;;
Multi-Pro Cost Engineering (Pty) Ltd;;;;;
Multi-Pro Enterprise Ltd;;;;;
multipurpose.co.za;;;;;
multi-service.co.za;;;;;
Multisol South Africa (Pty) Ltd;;;;;
Multisource Properties (Pty) Ltd;;;;;
Multisource Technologies (Pty) Ltd;;;;;
Multi-Trex Integrated Foods Plc;;;;;
Multiverse Mining and Exploration Plc;;;;;
MULTOTEC;;;;;
Multotec (Pty) Ltd;;;;;
Multotec Holdings (Pty) Ltd;;;;;
Multotec Manufacturing (Pty) Ltd;;;;;
Multotec Process Equipment (Pty) Ltd;;;;;
Multotec Rubber (Pty) Ltd;;;;;
Multotec Wear Linings (Pty) Ltd;;;;;
Mumias Sugar Company Ltd;;;;;
Munali Coffee Ltd;;;;;
Mundipharma International;;;;;
Munibel;;;;;
Munich Re ;;;;;
MUNICH REINSURANCE COMPANY OF AFRICA;;;;;
Municipal Demarcation Board;;;;;
Municipal Employees Union;;;;;
Municipal Workers Retirement Fund (MWRF);;;;;
Muno watch;;;;;
Munoz Group South Africa (Pty) Ltd;;;;;
Munoz Lona (Pty) Ltd;;;;;
Munsoft (Pty) Ltd;;;;;
Munters (Pty) Ltd;;;;;
Mupane Gold Mining (Pty) Ltd;;;;;
Muratie Wine Estate;;;;;
murexstrategy.com;;;;;
Murowa Diamonds Private Limited;;;;;
Murray & Dickson;;;;;
Murray & Roberts (Namibia) Ltd;;;;;
Murray & Roberts Cementation (Pty) Ltd;;;;;
Murray & Roberts Contractors (Zambia) Ltd;;;;;
Murray & Roberts Infrastructure Services (Pty) Ltd;;;;;
Murray & Roberts Pend Twenty Seven (Pty) Ltd;;;;;
Murray & Roberts SADC (Pty) Ltd;;;;;
Murray and Roberts (Botswana) Ltd;;;;;
Murray and Roberts Building Products (Pty) Ltd;;;;;
Murray and Roberts Cementation (Pty) Ltd;;;;;
Murray and Roberts Concessions (Pty) Ltd;;;;;
Murray and Roberts Contractors Group (Pty) Ltd;;;;;
Murray and Roberts Contractors Holdings (Pty) Ltd;;;;;
Murray and Roberts Emgodini (Pty) Ltd;;;;;
Murray and Roberts Engineering Holdings (Pty) Ltd;;;;;
Murray and Roberts Engineering Solutions (Pty) Ltd;;;;;
Murray and Roberts Holdings Ltd;;;;;
Murray and Roberts Investments Ltd;;;;;
Murray and Roberts Ltd;;;;;
Murray and Roberts Marine (Pty) Ltd;;;;;
Murray and Roberts Materials (Pty) Ltd;;;;;
Murray and Roberts Projects (Pty) Ltd;;;;;
Murray and Roberts Properties Services (Pty) Ltd;;;;;
Murray and Roberts RUC (Pty) Ltd;;;;;
Murray and Roberts SNC-Lavalin Nuclear (Pty) Ltd;;;;;
Murray and Roberts Steel (Pty) Ltd;;;;;
Murray and Roberts Suppliers and Services (Pty) Ltd;;;;;
Murry & Dickson;;;;;
Musa;;;;;
Musgrave Agencies (Pty) Ltd;;;;;
Mushroom Productions CC;;;;;
Music industry;;;;;
Music Publishers Association of South Africa (The);;;;;
Musica (Africa) Holdings Ltd;;;;;
musician mike;;;;;
Musina Local Municipality;;;;;
Musoni Microfinance;;;;;
Musoni Microfinance Ltd.;;;;;
Must Holdings (Pty) Ltd;;;;;
Mustek Ltd;;;;;
Mutale Local Municipality;;;;;
Mutare Bottling Company (Pvt) Ltd;;;;;
muthen.com;;;;;
mutlichoice.co.za;;;;;
Mutual and Federal Investments (Pty) Ltd;;;;;
Mutual and Federal Risk Financing Ltd;;;;;
Mutual Benefits Assurance Plc;;;;;
Mutual Construction Company (Transvaal) (Pty) Ltd;;;;;
Mutual Safe Group;;;;;
Muvoni Technology Group Ltd;;;;;
Muziki;;;;;
MV Coplan;;;;;
Mva;;;;;
MVA Fund;;;;;
Mvelaphanda Holdings (Pty) Ltd;;;;;
Mvelaphanda Resources (Pty) Ltd;;;;;
Mvelaphanda Treasury and Financial Services (Pty) Ltd;;;;;
Mvelaserve Ltd;;;;;
Mvunonala Asset Managers (Pty) Ltd;;;;;
Mvunonala Brokers and Administration Services (Pty) Ltd;;;;;
Mvunonala Holdings (Pty) Ltd;;;;;
Mvunonala Properties (Pty) Ltd;;;;;
MVUSA;;;;;
MW Asset Rentals (Pty) Ltd;;;;;
MW Brands;;;;;
MW Brands (Pty) Ltd;;;;;
MW Wheels SA (Pty) Ltd;;;;;
Mwalimu Commercial Bank Plc;;;;;
Mwana Africa Holdings (Pty) Ltd;;;;;
Mwananchi Communications Ltd;;;;;
Mwananchi Credit Limited;;;;;
Mwanga Hakika Microfinance Bank Limited;;;;;
MWEB;;;;;
Mweb;;;;;
Mweb a division of Internet Solutions Digital (Pty) Ltd;;;;;
MWeb Africa Ltd t/a MWeb Nigeria;;;;;
MWeb Africa Ltd t/a MWeb Zimbabwe;;;;;
MWEB Namibia (Pty) Ltd;;;;;
mweb.com.na;;;;;
Mweiga Estate Ltd;;;;;
My Africa Properties (Pty) Ltd;;;;;
My Blog - My WordPress Blog;;;;;
MY ENGINEERING;;;;;
My Jeans Clothing (Pty) Ltd;;;;;
My Jobs In Kenya;;;;;
My own;;;;;
My Players Association;;;;;
my.t;;;;;
myAgro;;;;;
MyBucks;;;;;
MyBucks Banking;;;;;
Mycput;;;;;
MyCredit Limited;;;;;
MYDAWA Ltd;;;;;
Myfidelitybank;;;;;
MyGate;;;;;
Mykadeal 53 CC;;;;;
Mykatrade 75 CC;;;;;
Mylan (Pty) Ltd;;;;;
Mylan N.V.;;;;;
MymarketDot Com (Pty) Ltd;;;;;
myMSP;;;;;
Myna Projects;;;;;
myownemail.co.za;;;;;
myphoner;;;;;
MyPlayers- The Rugby Players' Organisation;;;;;
Myskyworth;;;;;
mySolutions;;;;;
MyStatements;;;;;
myUCT;;;;;
Myuwc;;;;;
mywebdiscount.com;;;;;
Mzansi Blanket Supplies (Pty) Ltd;;;;;
Mzansi Generators (Pty) Ltd;;;;;
Mzansi Generators CC;;;;;
Mzansi Makers;;;;;
Mzee & Co;;;;;
Mzuri Sweets;;;;;
Mzuzu University;;;;;
N and Z Instrumentation and Control (Pty) Ltd;;;;;
N Cawood CC;;;;;
N en H Vervoer (Pty) Ltd;;;;;
N H S Properties (Pty) Ltd;;;;;
N J R Steel Holdings (Pty) Ltd;;;;;
N Jacobs and Company (Pty) Ltd;;;;;
N U B Technologies CC;;;;;
N W Agricare (Pty) Ltd;;;;;
n.com;;;;;
N1 Restaurant Suppliers;;;;;
N3 Junction Properties (Pty) Ltd;;;;;
N3 Toll Concession (RF) (Pty) Ltd;;;;;
N77 Oriental Plaza (Pty) Ltd;;;;;
NABIRM;;;;;
Nabirm Energy Services (Pty) Ltd;;;;;
Nabo Capital Ltd;;;;;
Naboom Lodge Golf Estate (Pty) Ltd;;;;;
NAC Flight Services (Pty) Ltd;;;;;
NAC Helicopters Cape Town (Pty) Ltd;;;;;
NACCW-ISIBINDI;;;;;
Nadia Veeren-Patel;;;;;
nadvest.com;;;;;
Naeem Holding for Investments SAE;;;;;
naftec.org;;;;;
nagewu.org;;;;;
Nahana Group Communications (PTY ) LTD;;;;;
NAIDU CONSULTING;;;;;
Nairobi Bottlers Ltd;;;;;
Nairobi Business Ventures Ltd;;;;;
Nairobi Hospital;;;;;
NAIROBI JAVA HOUSE LIMITED;;;;;
Nairobi Securities Exchange Plc;;;;;
Naivas Ltd;;;;;
Naked Insurance;;;;;
Nakumatt Holdings Ltd;;;;;
NALA Money;;;;;
Nalco Africa (Pty) Ltd;;;;;
Naldo Investments (Pty) Ltd;;;;;
Naledi Rail Engineering (Pty) Ltd;;;;;
Nama Khoi Local Municipality;;;;;
Namakwa Diamonds Holdings (Pty) Ltd;;;;;
Namakwa Water Board;;;;;
namakwa-dm.gov.za;;;;;
Namaqua Boxed Wine;;;;;
Namascor (Pty) Ltd;;;;;
Nambiti Technologies;;;;;
Namclear (Pty) Ltd;;;;;
NamCloud Investments;;;;;
Namco Share Investments (Pty) Ltd;;;;;
NAMCOR;;;;;
Namdeb Diamond;;;;;
Namdock;;;;;
NAMF Fund II (Pty) Ltd;;;;;
NAMFISA;;;;;
Namfish Pelagic Industries (Pty) Ltd;;;;;
NamForce Life Insurance Ltd;;;;;
namforcelife.com.na;;;;;
Namib Bou (Pty) Ltd;;;;;
Namib Mills;;;;;
Namib Mills (Pty) Ltd;;;;;
Namib Poultry Industry (NPI);;;;;
Namibia Airports Company;;;;;
Namibia Asset Management Ltd;;;;;
Namibia Breweries / Ohlthaver & List;;;;;
Namibia Breweries Ltd;;;;;
Namibia Bureau De Change (Pty) Ltd;;;;;
Namibia Cables (Pty) Ltd;;;;;
Namibia Construction (Pty) Ltd;;;;;
Namibia Institute of Pathology;;;;;
Namibia Liquid Fuel (Pty) Ltd;;;;;
Namibia Logistics (Pty) Ltd;;;;;
Namibia Media Holdings;;;;;
Namibia Plastic Converters (Pty) Ltd;;;;;
Namibia Post Ltd;;;;;
Namibia Power Corporation (Pty) Ltd;;;;;
Namibia Protection Services;;;;;
Namibia Revenue Agency;;;;;
Namibia Road Productts/Roadmac Surfacing JV;;;;;
Namibia Statistics Agency;;;;;
Namibia Stock Exchange;;;;;
Namibia Training Authority (NTA );;;;;
Namibia Unit Trust Managers Ltd;;;;;
Namibia University of Science and Technology;;;;;
Namibia Water Corporation Limited (NamWater);;;;;
Namibia Wines and Spirits Ltd;;;;;
namibiaconstruction.com;;;;;
Namibian Broadcasting Corporation;;;;;
Namibian Investment Promotion & Development Board;;;;;
Namibian Lubrication Systems;;;;;
Namibian Marine Phosphate;;;;;
Namibian National Insurance Co (Pty) Ltd;;;;;
Namibian Port Authority(Namport);;;;;
Namibian Ports Authority;;;;;
Namibian Sea Products (Pty) Ltd (Namsea);;;;;
namibian training authority;;;;;
namibmills.co.za;;;;;
Namibtec;;;;;
Namlog;;;;;
Namox (Pty) Ltd;;;;;
Nampak;;;;;
Nampak Bevcan Angola Lda;;;;;
Nampak Cartons Nigeria Ltd;;;;;
Nampak Corrugated (Pietermaritzburg) (Pty) Ltd;;;;;
Nampak Corrugated Swaziland Ltd;;;;;
Nampak Glass (Pty) Ltd;;;;;
Nampak Kenya Ltd;;;;;
Nampak Leasing (Pty) Ltd;;;;;
Nampak Liquid Botswana (Pty) Ltd;;;;;
Nampak Liquid Cartons (Pty) Ltd;;;;;
Nampak Ltd;;;;;
Nampak Metal Packaging Ltd;;;;;
Nampak Nigeria Ltd;;;;;
Nampak Polycyclers (Pty) Ltd;;;;;
Nampak Products Ltd;;;;;
Nampak Products Ltd TA Bevcan;;;;;
Nampak Properties Nigeria Ltd;;;;;
Nampak Southern Africa Holdings Ltd;;;;;
Nampak Tanzania Ltd;;;;;
Nampak Tissue (Pty) Ltd;;;;;
Nampak Zambia Ltd;;;;;
Nampak Zimbabwe Ltd;;;;;
Namport;;;;;
NamPost Limited;;;;;
NamPower;;;;;
Namra;;;;;
NAMSA Group Trust;;;;;
Namsov Fishing Enterprises (Pty) Ltd;;;;;
Namsov Industrial Properties (Pty) Ltd;;;;;
Namundjebo Northgate Properties (Pty) Ltd;;;;;
NamWater Ltd;;;;;
Nandina investments (Pty) Ltd;;;;;
Nando's Group Holdings (Pty) Ltd;;;;;
Nando's Ltd;;;;;
Nanga Farms Plc;;;;;
Nannucci (Pty) Ltd;;;;;
Nannucci Dry Cleaners CC;;;;;
Nanoteq (Pty) Ltd;;;;;
Nanotron Investments (RF) (Pty) Ltd;;;;;
nanyukiprojects.co.za;;;;;
Naphile (Pty) Ltd;;;;;
Napier Gardens (Pty) Ltd;;;;;
NARDI;;;;;
Nare Construction (Pty) Ltd;;;;;
Narrowtex (Pty) Ltd;;;;;
NAS;;;;;
Nasawa Technical College;;;;;
NASCON Allied Industries Plc;;;;;
Nashua;;;;;
Nashua (Pty) Ltd;;;;;
Nashua Communications;;;;;
Nashua Communications (Pty) Ltd;;;;;
Nashua Western Cape;;;;;
nashuacamms.com;;;;;
nashuadbn.co.za;;;;;
Nasionale Dorpsontwikkelingkorporasie Ltd;;;;;
Nasonti Investment Holdings (Pty) Ltd;;;;;
Nasonti Resources (Pty) Ltd;;;;;
Nasonti Technical Services (Pty) Ltd;;;;;
Nasou Via Afrika (Pty) Ltd;;;;;
Naspers Limited;;;;;
Naspers Ltd;;;;;
Nasr Company for Civil Works SAE;;;;;
Natal Bonded Facility CC;;;;;
Natal Box Factory CC;;;;;
Natal Iron and Brass Foundry CC;;;;;
Natal Joint Municipal Pension Fund;;;;;
Natal Rail and Construction (Pty) Ltd;;;;;
Natal Textiles (Pty) Ltd;;;;;
Natal Trust Plase (Pty) Ltd;;;;;
Natal Witness Printing and Publishing Company (Pty) Ltd (The);;;;;
Natasha Wheeler;;;;;
Natasha's Cut Make and Trim CC;;;;;
NatCom Development and Investment Ltd;;;;;
Natela Importers (Pty) Ltd;;;;;
Nates Audio Visual (Pty) Ltd;;;;;
Natglass Distributors (Pty) Ltd;;;;;
Nation Holdings Rwanda Ltd;;;;;
Nation Holdings Tanzania Ltd;;;;;
Nation Marketing & Publishing Ltd;;;;;
Nation Media Group;;;;;
Nation Media Group Plc;;;;;
National Adhesive Distributors CC;;;;;
National African Farmers' Union;;;;;
National Agricultural Marketing Council;;;;;
National Aids Control Council;;;;;
National AIDS Control Council (NACC);;;;;
National Airways Corporation (Pty) Ltd;;;;;
National Alcohol and Liquor Factory;;;;;
National Alliance of Independent Schools Associations;;;;;
National Arts Council of South Africa;;;;;
National Asphalt (Pty) Ltd;;;;;
National Association of Automobile Manufacturers of South Africa;;;;;
National Association of Automotive Component and Allied Manufacturers;;;;;
National Association of Broadcasters;;;;;
National Association of Democratic Lawyers;;;;;
National Association of Manufacturers in Electronic Components;;;;;
National Association of Social Housing Organisations;;;;;
National Auto Glass Bedfordview (Pty) Ltd;;;;;
National Automobile Dealers' Association;;;;;
National Automobile Parts Association Ltd;;;;;
National Bank of Commerce (Tanzania);;;;;
NATIONAL BANK OF COMMERCE LIMITED;;;;;
National Bank of Egypt;;;;;
National Bank of Kenya Ltd;;;;;
National Bank of Kuwait - Egypt SAE;;;;;
National Bank of Malawi Nominees Ltd;;;;;
National Bank of Malawi Plc;;;;;
National Bank of Rwanda;;;;;
NATIONAL BANK OF RWANDA;;;;;
National Banking College (Ghana);;;;;
National Bargaining Council for the Chemical Industry;;;;;
National Bargaining Council for the Clothing Manufacturing Industry;;;;;
National Bargaining Council for the Hairdressing, Cosmetology, Beauty and Skincare Industry;;;;;
National Bargaining Council for the Road Freight and Logistics Industry;;;;;
National Bargaining Council for the Wood and Paper Sector;;;;;
National Bargaining Council of the Leather Industry of South Africa;;;;;
National Bioproducts Institute;;;;;
National Bioproducts Institute NPC;;;;;
NATIONAL BIOSAFETY MANAGEMENT AGENCY;;;;;
National Board (PE) Ltd;;;;;
National Board Of Executors Ltd;;;;;
National Braiding Industries (Pty) Ltd;;;;;
National Brands Ltd;;;;;
National Breweries Plc;;;;;
National Business Initiative For Growth Development and Democracy;;;;;
National Candle and Wax (Pty) Ltd;;;;;
National Cement Company SAE;;;;;
National Certificated Fishing and Allied Workers Union;;;;;
National Chamber of Milling Inc;;;;;
National Chemical Products Distillers Zimbabwe (Pvt) Ltd;;;;;
National Chicks Swaziland (Pty) Ltd;;;;;
National Clothing Manufacturers (Pty) Ltd;;;;;
National Clothing Retailers Federation of South Africa (The);;;;;
National Cold Asphalt (Pty) Ltd;;;;;
National Communication Authority;;;;;
National Communications Authority (NCA) Ghana;;;;;
National Community Radio Forum;;;;;
National Company for Housing for Professional Syndicates SAE;;;;;
National Company For Maize Products SAE;;;;;
National Confederation of Hunters Associations of South Africa (The);;;;;
National Construction Building and Allied Workers Union;;;;;
National Consumer Commission;;;;;
National Consumer Tribunal;;;;;
National Contact Centre Union;;;;;
National Contract Cleaners Association;;;;;
National Converting Agencies (Pty) Ltd;;;;;
National Council of Trade Unions;;;;;
National Credit Recovery Agency CC;;;;;
National Credit Regulator (NCR);;;;;
National Department of Agriculture;;;;;
National Department of Cooperative Governance and Traditional Affairs;;;;;
National Department of Environmental Affairs;;;;;
National Department of Health - Capacity Building and Special Programme Unit;;;;;
National Development Bank (Botswana);;;;;
National Development Bank of Botswana;;;;;
National Domestic Security Agriculture and Allied Workers Union;;;;;
National Drilling Company SAE;;;;;
National Economic Development and Labour Council;;;;;
National Education Health and Allied Workers Union;;;;;
National Emergent Red Meat Producers Organisation;;;;;
National Empowerment Fund Corporation (SOC) Ltd;;;;;
National Empowerment Fund Trust;;;;;
National Energy Regulator of South Africa;;;;;
National Film and Video Foundation;;;;;
National Flag (Pty) Ltd;;;;;
National Food Technology Research Centre;;;;;
National Foods Holdings Ltd;;;;;
National Foods Ltd;;;;;
National Foods Properties Ltd (Zimbabwe);;;;;
National Funeral Directors Association of Southern Africa;;;;;
National General Workers Union;;;;;
National Gold and Investments (Pty) Ltd;;;;;
National Health Insurance Authority (NHIA);;;;;
National Health Insurance Scheme (NHIMA)- Zambia;;;;;
National Health Laboratory;;;;;
National Health Laboratory Service;;;;;
National Home Builders Registration Council (The);;;;;
National Horseracing Authority (The);;;;;
National Hospital Insurance Fund;;;;;
National Hospital Network;;;;;
National Housing & Construction Company (NHCC);;;;;
National Housing and Construction Company Limited;;;;;
National Housing Corporation;;;;;
National Housing Enterprise (Namibia);;;;;
National Housing Finance Corporation SOC Ltd;;;;;
National Identification and Registration Authority;;;;;
National Image and Moulding Technologies (Pty) Ltd;;;;;
National Industrial Credit Trustees;;;;;
National Information & Communications Technology Authority;;;;;
National Information Technology Authority - Uganda;;;;;
National Intelligence Agency;;;;;
National Investment Trust Ltd;;;;;
National Investment Trust Plc;;;;;
National Laboratory Association-South Africa;;;;;
National Library of South Africa;;;;;
National Liquor Authority;;;;;
National Lotteries Commission;;;;;
National Lottery Distribution Trust Fund;;;;;
National Managanese Mines (Pty) Ltd;;;;;
National Medical Stores;;;;;
National Metrology Institute of South Africa;;;;;
National Microfinance Bank Plc;;;;;
National Milling Corporation Ltd;;;;;
National Nuclear Regulator;;;;;
National Oil Company of Malawi (NOCMA);;;;;
National Oil Corporation Kenya;;;;;
National Oil Corporation of Kenya;;;;;
National Oil Corporation of Kenya Ltd;;;;;
National Open University of Nigeria;;;;;
National Pathology Group of South Africa;;;;;
NATIONAL PENSION SCHEME AUTHORITY;;;;;
National Pension Scheme Authority- Zambia;;;;;
National Petroleum Authority (NPA);;;;;
National Petroleum Corporation of Namibia;;;;;
National Petroleum Refiners of South Africa (Pty) Ltd;;;;;
National Pipe Company Ltd;;;;;
National Plant Food (Pty) Ltd;;;;;
National Plant Hire Credit Register CC;;;;;
National Ports Authority (NPA);;;;;
National Pride Trading 4 (Pty) Ltd;;;;;
National Productivity Institute;;;;;
National Professional Teacher's Organisation of South Africa;;;;;
National Prosecuting Authority;;;;;
National Public Service Workers Union;;;;;
National Real Estate Bank for Development SAE;;;;;
National Recycling Forum of South Africa (The);;;;;
National Regulator for Compulsory Specifications;;;;;
National Renal Care;;;;;
National Research Foundation;;;;;
National Risk Managers;;;;;
National Rubber Matmin (Pty) Ltd;;;;;
National Savings and Credit Bank;;;;;
National Savings and Investment (Pty) Ltd;;;;;
National School of Government;;;;;
National Sea Rescue Institute;;;;;
National Security and Fire (Pty) Ltd;;;;;
National Security and Unqualified Workers Union;;;;;
National Security Commercial and General Workers Union;;;;;
National Security Corporation (Pty) Ltd;;;;;
National Security Workers Union;;;;;
National Service and Allied Workers Union;;;;;
National Skills Fund (NSF);;;;;
National SMME Fishing Forum (The);;;;;
National Social Security Fund;;;;;
National Steel Fabrication;;;;;
National Student Financial Aid Scheme;;;;;
National Sugar and Refining and Allied Industries Employees' Union;;;;;
National Taxi Alliance (The);;;;;
National Teachers' Union;;;;;
NATIONAL TESTED SEEDS;;;;;
National Textile Bargaining Council (The);;;;;
National Tobacco Enterprise (Ethiopia) SC;;;;;
National Trading Company (Pty) Ltd;;;;;
National Transport Movement;;;;;
National Trust Holding  Company(NTHC);;;;;
National Tyre Services Ltd;;;;;
National Union of Food, Beverages, Spirit & Allied Workers;;;;;
National Union of Furniture & Allied Workers of South Africa;;;;;
National Union of Hotel Restaurant Catering Commercial Health and Allied Workers;;;;;
National Union of Leather and Allied Workers;;;;;
National Union of Metalworkers of South Africa;;;;;
National Union of Mineworkers;;;;;
National Union of Public Service and Allied Workers;;;;;
National Water and Sewerage Corporation (NWSC);;;;;
National Youth Development Agency (The);;;;;
Nativa (Pty) Ltd;;;;;
Nativa Manufacturing (Pty) Ltd;;;;;
Native VML;;;;;
NATIVE VML;;;;;
Natlot Investments Ltd;;;;;
Natpak Zimbabwe (Pvt) Ltd;;;;;
Natpro Spicenet (Pty) Ltd;;;;;
natref.com;;;;;
NATSAVE (National Savings & Credit Bank);;;;;
NATSAVE Official Website;;;;;
Natsure (Pty) Ltd;;;;;
Natural Balance Global (Pty) Ltd;;;;;
Natural Echo Investments 52 (Pty) Ltd;;;;;
Natural Echo Investments 55 (Pty) Ltd;;;;;
Natural Extracts;;;;;
Natural Extracts Industries Ltd;;;;;
Natural Herbs and Spices (Pty) Ltd;;;;;
Natural History Unit of Africa (Pty) Ltd;;;;;
Natural World Merchants (Pty) Ltd;;;;;
NatWest Markets Securities Inc;;;;;
Nautic Africa (Pty) Ltd;;;;;
Nautilus Managed Account Platform (RF) (Pty) Ltd;;;;;
Nautilus Managed Account Platform Operations (Pty) Ltd;;;;;
Nautilus Underwear CC;;;;;
Navada Clothing Manufacturers (Pty) Ltd;;;;;
Naval Servicos A Navegacao Lda;;;;;
Navhub Enterprise Solutions;;;;;
Naviga Solutions (Pty) Ltd;;;;;
Navigare;;;;;
Navigare Securities (Pty) Ltd;;;;;
Navigate Consulting Africa;;;;;
Navigator Films CC;;;;;
Navitus Energy Plc;;;;;
NAVOSYNC (RF) (Pty) Ltd;;;;;
Navy House Trading (Pty) Ltd;;;;;
NB Print CC;;;;;
NB Publishers (managed by Media24);;;;;
nbc Applications Team;;;;;
NBC Holdings (Pty) Ltd;;;;;
nbcfri.co.za;;;;;
nbcrfi.co.za;;;;;
nbcs.co.za;;;;;
nbcwps.org.za;;;;;
NBK Insurance Agency Ltd;;;;;
Nbl;;;;;
NBM Bureau de Change Ltd;;;;;
NBS (National Building Society);;;;;
NBS Bank;;;;;
NBS Bank Plc;;;;;
NBS Forex Bureau Ltd;;;;;
NCBA Bank Kenya PLC;;;;;
NCBA Group Plc;;;;;
NCC Mozambique Lda;;;;;
NCD Solutions;;;;;
Ncera Farms SOC Ltd;;;;;
NCKR Property Investment (Pty) Ltd;;;;;
NCKS Property Investment (Pty) Ltd;;;;;
Nclose;;;;;
NCM Innovations (Pty) Ltd;;;;;
NCM Manufacturing (Pty) Ltd;;;;;
NCP alcohols (Pty) Ltd;;;;;
NCP Chlorchem (Pty) Ltd;;;;;
NCP Distillers Zimbabwe (Pvt) Ltd;;;;;
NCP Yeast (Pty) Ltd;;;;;
ncpg.gov.za;;;;;
NCR (Nigeria) Plc;;;;;
NCR International South Africa (Pty) Ltd;;;;;
NCS Colour Centre SA;;;;;
NCS Resins (Pty) Ltd;;;;;
NCT Forestry Co-Operative Ltd;;;;;
NCT Tree Farming (Pty) Ltd;;;;;
NCURA: National Council of University Research Administrators;;;;;
ND Engineering and Maintenance Services (Pty) Ltd;;;;;
NdakaSecurity;;;;;
Ndawu Investors (Pty) Ltd;;;;;
ndcorp.co.za;;;;;
Ndlambe Local Municipality;;;;;
Ndlovu Ulwazi Consulting (Pty) Ltd;;;;;
Ndmc;;;;;
Ndola Lime Company Ltd;;;;;
NDS Botswana (Pty) Ltd;;;;;
NDTC;;;;;
Ndulita;;;;;
Ndwedwe Local Municipality;;;;;
NEARPATH CONSULTING;;;;;
Nebula Group;;;;;
NEC XON;;;;;
NEC XON Holdings (Pty) Ltd;;;;;
Nec.Xon;;;;;
NECOR ZAMBIA;;;;;
NECS, Inc.;;;;;
NECSA;;;;;
Necsa;;;;;
Necsa.com;;;;;
Necst Motors EA;;;;;
Necst Motors East Africa;;;;;
necstmotors.co.tz;;;;;
Ned Settle Services (Pty) Ltd;;;;;
Nedbank (Swaziland) Ltd;;;;;
Nedbank Group Insurance Holdings Ltd;;;;;
Nedbank Group Ltd;;;;;
Nedbank Lesotho Ltd;;;;;
Nedbank Limited;;;;;
Nedbank Malawi Ltd;;;;;
Nedbank Namibia Ltd;;;;;
Nedbank Nominees (RF) (Pty) Ltd;;;;;
Nedbank Zimbabwe Ltd;;;;;
nedbankcapital.co.za;;;;;
nedbankinsurace.co.za;;;;;
nedbankinsurance.co.za;;;;;
nedbankinsurarnce.co.za;;;;;
nedbankisurance.co.za;;;;;
NedCapital Namibia (Pty) Ltd;;;;;
Nedcor Bank Nominees (RF) (Pty) Ltd;;;;;
Nedcor Investments Ltd;;;;;
nedcor.com;;;;;
Nedfin Ltd;;;;;
NedFleet (Division of Nedbank Ltd);;;;;
Nedgroup Administrators (Pty) Ltd;;;;;
Nedgroup Beneficiary Solutions (Pty) Ltd;;;;;
Nedgroup Collective Investments (RF) (Pty) Ltd;;;;;
Nedgroup Insurance Administrators (Pty) Ltd;;;;;
Nedgroup Insurance Company Ltd;;;;;
Nedgroup Investment 102 Ltd;;;;;
Nedgroup Investment Advisors (Pty) Ltd;;;;;
Nedgroup Investments;;;;;
Nedgroup Investments (Pty) Ltd;;;;;
Nedgroup Life;;;;;
Nedgroup Life Assurance Company Ltd;;;;;
Nedgroup Medical Aid Scheme;;;;;
Nedgroup Private Wealth (Pty) Ltd;;;;;
Nedgroup Private Wealth Nominees (RF) (Pty) Ltd;;;;;
Nedgroup Private Wealth Stockbrokers (Pty) Ltd;;;;;
Nedgroup Secretariat Services (Pty) Ltd;;;;;
Nedgroup Securities (Pty) Ltd;;;;;
Nedgroup Structured Life Ltd;;;;;
Nedgroup Trust (KZN) (Pty) Ltd;;;;;
Nedgroup Trust (Pty) Ltd;;;;;
Nedgroup Wealth Management (Pty) Ltd;;;;;
Nedinvest (Pty) Ltd;;;;;
nedlife.co.za;;;;;
NedLoans (Pty) Ltd;;;;;
NedNamibia Holdings Ltd;;;;;
NedNamibia Life Assurance Company Ltd;;;;;
NedPlan Insurance Brokers Namibia (Pty) Ltd;;;;;
Nedport Developments (Pty) Ltd;;;;;
NedProperties (Pty) Ltd;;;;;
Negatron (Pty) Ltd;;;;;
Neighbourgoods Market (Joburg) CC;;;;;
Neighbourhood Old Age Homes;;;;;
Neimeth International Pharmaceuticals Plc;;;;;
Nek Group;;;;;
NEK INTEGRATED (PTY) LTD;;;;;
Nel Tanks CC;;;;;
Nelesco 651 (Pty) Ltd;;;;;
Nelion Ventures Limited;;;;;
neliongroup.com;;;;;
nellainteractive;;;;;
Nelson Mandela Bay Metropolitan Municipality;;;;;
Nelson Mandela Bay Municipality;;;;;
Nelson Mandela Children’s Hospital;;;;;
Nelson Mandela Foundation;;;;;
Nelson Mandela Museum;;;;;
Nelson Mandela University;;;;;
NEM Insurance (Ghana) Ltd;;;;;
NEM Insurance Plc;;;;;
Nemisa;;;;;
NeoLife International (Pty) Ltd;;;;;
Neopak (Pty) Ltd;;;;;
Neopak Recycling (Pty) Ltd;;;;;
Neosho Trading 86 (Pty) Ltd;;;;;
Neotel;;;;;
Neotelis;;;;;
NEPAD;;;;;
NEPAD Business Foundation - NPO;;;;;
NEPI Rockcastle;;;;;
NEPI Rockcastle Plc;;;;;
NES Global South Africa (Pty) Ltd;;;;;
nesca.co.za;;;;;
Nessa Billions Group;;;;;
Nest Digital Agency;;;;;
nestle;;;;;
Nestle (South Africa) (Pty) Ltd;;;;;
NESTLE Cameroon;;;;;
Nestle Cote d'Ivoire SA;;;;;
Nestle CWA Ltd;;;;;
Nestlé Kenya;;;;;
Nestle Nigeria Plc;;;;;
Nestle Nigeria Trust (CPFA) Ltd;;;;;
Nestle Purina Petcare (South Africa) (Pty) Ltd;;;;;
Nestle Waters (Pty) Ltd;;;;;
Net 1 UEPS Technologies Inc;;;;;
Net1 Applied Technologies South Africa (Pty) Ltd;;;;;
Net1 Finance Holdings (Pty) Ltd;;;;;
net1mobile.com;;;;;
Netassess (Pty) Ltd;;;;;
Netbet (Pty) Ltd;;;;;
Netcampus;;;;;
Netcare 911 (Pty) Ltd;;;;;
Netcare 911 Aeromedical Services (Pty) Ltd;;;;;
Netcare 911 Queenstown (Pty) Ltd;;;;;
Netcare Clinton Oncology Centre (Pty) Ltd;;;;;
Netcare Construction (Pty) Ltd;;;;;
Netcare Health Systems (Pty) Ltd;;;;;
Netcare Hospital Group (Pty) Ltd;;;;;
Netcare Hospital Management (Pty) Ltd;;;;;
Netcare International SA (Pty) Ltd;;;;;
Netcare Life Ltd;;;;;
Netcare Linkwood Hospital (Pty) Ltd;;;;;
Netcare Ltd;;;;;
Netcare Management (Pty) Ltd;;;;;
Netcare Parklands Linac Joint Venture (Pty) Ltd;;;;;
Netcare Pharmacies (Pty) Ltd;;;;;
Netcare Pharmacies 2 (Pty) Ltd;;;;;
Netcare PPP Holdings (Pty) Ltd;;;;;
Netcare Property Holdings (Pty) Ltd;;;;;
Netcare St Anne's Linac Joint Venture (Pty) Ltd;;;;;
Netcare Unitas Linac Joint Venture (Pty) Ltd;;;;;
NETCB;;;;;
NetCB Solutions;;;;;
netcentrix.co.za;;;;;
Netcom Partners;;;;;
Netflorist;;;;;
Netgen;;;;;
Nethwork BBDO (Pty) Ltd;;;;;
NetLearn Update CC;;;;;
Netlogix;;;;;
Netops Mauritius;;;;;
Netsize (Pty) Ltd;;;;;
Netstar (Pty) Ltd;;;;;
Netstock;;;;;
Netstock (Pty) Ltd;;;;;
Netsurit;;;;;
Netsurit (Pty) Ltd;;;;;
Nettex (Pty) Ltd;;;;;
Nettreasury Operations (Pty) Ltd;;;;;
Network & Security Consulting;;;;;
Network Alliance;;;;;
Network Alliance (Pty) Ltd;;;;;
Network Configurations;;;;;
Network Configurations (Pty) Ltd;;;;;
Network Exchange Technology;;;;;
Network International LLC;;;;;
Network International Payment Services (PTY) LTD;;;;;
Network Recruitment;;;;;
Network Support;;;;;
Networkcontracting;;;;;
networkfinance.co.za;;;;;
Networks Unlimited South Africa;;;;;
Neuberg Global;;;;;
Neurozone Pty Ltd;;;;;
Neutrog South Africa (Pty) Ltd;;;;;
Neven Matthews (Pty) Ltd;;;;;
Nevergreen Aircraft Industries;;;;;
Nevsun Resources Ltd;;;;;
New Adventure Insurance Brokers (Pty) Ltd;;;;;
New Africa Books (Pty) Ltd;;;;;
New Africa Investments Ltd;;;;;
New African Properties Ltd;;;;;
New Body Line SA;;;;;
New Bond Capital Ltd;;;;;
New Bucks Holdings Ltd;;;;;
New Business Finance (Pty) Ltd;;;;;
New Cairo Poultry Company;;;;;
New Car Clothing CC;;;;;
New Clicks South Africa (Pty) Ltd;;;;;
New Coe Knits CC;;;;;
New Concept Mining (Pty) Ltd;;;;;
New Concept Projects (Pty) Ltd;;;;;
New Conception Trading CC;;;;;
NEW CRYSTAL COMMUNICATIONS LIMITED;;;;;
New Dimention Technology;;;;;
New Dunns (Pty) Ltd;;;;;
New Era Labels (BOP) (Pty) Ltd;;;;;
New Era Packaging Bops (Pty) Ltd;;;;;
New Europe Property Investments Plc;;;;;
New Fabulous Investment Ltd;;;;;
New Foodcorp Holdings (Pty) Ltd;;;;;
New Forests;;;;;
New Frontier Properties Ltd;;;;;
New Goodwill Co Ltd;;;;;
New Holland Publishing (Pty) Ltd;;;;;
New Horizon Capital (Pty) Ltd;;;;;
New Horizons Construction (Pty) Ltd;;;;;
New Housing Company (The);;;;;
New Ismailia Urban Development Company SAE;;;;;
New Just Fun Group (Pty) Ltd;;;;;
New Kensington Clinic (Pty) Ltd;;;;;
New Kenya Co-Operative Creameries Limited;;;;;
NEW KENYA CO-OPERATIVE CREAMERIES LIMITED;;;;;
New Kleinfontein Gold Claims (Pty) Ltd;;;;;
New Kleinfontein Goldmine (Pty) Ltd;;;;;
New Kleinfontein Mining Company Ltd;;;;;
New Leaf Technologies;;;;;
New Life Ministries ;;;;;
New Line Investments 13 (Pty) Ltd;;;;;
New Look Packers CC;;;;;
New Mac;;;;;
New Mauritius Hotels Ltd;;;;;
New Media Publishing;;;;;
New Media Publishing (Pty) Ltd;;;;;
New National Assurance Company Ltd;;;;;
New Order Investments 87 (Pty) Ltd;;;;;
New Seasons Investments Holdings (Pty) Ltd;;;;;
New Style Pork (Pty) Ltd;;;;;
New Vision Fruit (Pty) Ltd;;;;;
New Vision Printing and Publishing Company Ltd;;;;;
New Wave Advanced Group (Pty) Ltd;;;;;
New Way Power (Pty) Ltd;;;;;
New Wechsler (Pty) Ltd;;;;;
Newbucks Operations (Pty) Ltd;;;;;
Newcastle Cogeneration (Pty) Ltd;;;;;
Newcastle Local Municipality;;;;;
Newcrest Mining Ltd;;;;;
Newden (Pty) Ltd;;;;;
Newee Trading No 2 CC;;;;;
newerakzn.co.za;;;;;
Newflare Group;;;;;
Newfunds (RF) (Pty) Ltd;;;;;
Newfunds Collective Invest Scheme;;;;;
Newinvest 231 (Pty) Ltd;;;;;
Newired;;;;;
Newman Clothing CC;;;;;
Newmantle (Pty) Ltd;;;;;
newmantle.com;;;;;
Newmark;;;;;
Newmont Ghana;;;;;
Newmont Ghana Gold Ltd;;;;;
Newpark REIT Ltd;;;;;
newpeakconsulting.co.za;;;;;
Newrak Mining (Pty) Ltd;;;;;
Newrest Asl Nigeria Plc;;;;;
News24;;;;;
Newsclip Media Monitoring;;;;;
Newshelf 1037 (Pty) Ltd;;;;;
Newshelf 1041 RF (Pty) Ltd;;;;;
Newshelf 1069 (RF) (Pty) Ltd;;;;;
Newshelf 1070 (Pty) Ltd;;;;;
Newshelf 1074 (Pty) Ltd;;;;;
Newshelf 1093 (Pty) Ltd;;;;;
Newshelf 1096 (Pty) Ltd;;;;;
Newshelf 1114 (Pty) Ltd;;;;;
Newshelf 1129 (RF) (Pty) Ltd;;;;;
Newshelf 114 (pty) Ltd;;;;;
Newshelf 1167 (Pty) Ltd;;;;;
Newshelf 1198 (Pty) Ltd;;;;;
Newshelf 1269 (RF) (Pty) Ltd;;;;;
Newshelf 1271 (Pty) Ltd;;;;;
Newshelf 1279 (RF) (Pty) Ltd;;;;;
Newshelf 1316 (Pty) Ltd;;;;;
Newshelf 1335 (Pty) Ltd;;;;;
Newshelf 721 (RF) (Pty) Ltd;;;;;
Newshelf 722 (RF) (Pty) Ltd;;;;;
Newshelf 793 (Pty) Ltd;;;;;
Newshelf 794 (Pty) Ltd;;;;;
Newshelf 808 (Pty) Ltd;;;;;
Newshelf 828 (Pty) Ltd;;;;;
Newshelf 831 (RF) (Pty) Ltd;;;;;
Newshelf 871 (Pty) Ltd;;;;;
Newshelf 960 (Pty) Ltd;;;;;
Newspaper Association of South Africa;;;;;
NewTelco South Africa (Pty) Ltd;;;;;
Newton Landscape Architects CC;;;;;
Newtrax Technologies;;;;;
Nexans Maroc SA;;;;;
Nexans Trade (Pty) Ltd;;;;;
Nexia SAB&T;;;;;
NEXON RACING;;;;;
Next Biosciences;;;;;
Next Media;;;;;
Next Technologies;;;;;
NEXTEC;;;;;
Nextec;;;;;
NEXTEC Industrial Technologies (Pty) Ltd;;;;;
NextGen Training Solutions (Pty) Ltd;;;;;
nextstepconsulting.co.za;;;;;
Nexus Fulfilment;;;;;
Nexus Fulfilment (Pty) Ltd;;;;;
Nexus Yachts CC;;;;;
NFB Logistics (Pvt) Ltd;;;;;
NFC Africa Mining Plc;;;;;
NFC Bakkery (Pty) Ltd;;;;;
nFold;;;;;
NFT Consult;;;;;
N-G Group;;;;;
NGA Africa (Pty) Ltd;;;;;
Ngaka Modiri Molema District Municipality;;;;;
Ngala Capital (Pty) Ltd;;;;;
Ngao Credit;;;;;
Ngao Credit Limited;;;;;
ngb.org.za;;;;;
Nghala Consulting and Training;;;;;
NGK Ceramics South Africa (Pty) Ltd;;;;;
NGK Spark Plugs (South Africa) (Pty) Ltd;;;;;
Ngkntk;;;;;
Ngodwana Cogen Energy (RF) (Pty) Ltd;;;;;
Ngodwana Energy (RF) (Pty) Ltd;;;;;
Ngonyama Capital (Pty) Ltd;;;;;
Ngqura Brick (Pty) Ltd;;;;;
Ngqushwa Local Municipality;;;;;
Ngubane;;;;;
Ngumzamo Fishing (Pty) Ltd;;;;;
Ngwane It & Corporate Solutions;;;;;
ngwanyagroup.co.za;;;;;
Ngwathe Local Municipality;;;;;
Ngwenya 3 Share Block (Pty) Ltd;;;;;
Ngwenya 4 Share Block (Pty) Ltd ;;;;;
Nhaka Properties (Pvt) Ltd;;;;;
NHC National Health Care LTD & 5 NHC Medical and Dental Centres in Limpopo;;;;;
nhdcmauritius.com;;;;;
NHIF;;;;;
nhl.ac.za;;;;;
nhla.ac.za;;;;;
NHPC;;;;;
NHR Investments Ltd;;;;;
Ni Shang Trading CC;;;;;
Nib 80 Share Block (Pty) Ltd;;;;;
Nib Life Assurance Company Ltd;;;;;
NIB-Ghana;;;;;
NIC Bank Ltd;;;;;
NIC Bank Tanzania Ltd;;;;;
NIC Capital Ltd;;;;;
NIC General Insurance Company Ltd;;;;;
NIC Holdings Ltd;;;;;
NIC Insurance Agents Ltd;;;;;
NIC Life Assurance Company Ltd;;;;;
NIC Securities Ltd;;;;;
NIC_Tanzania;;;;;
Nicanel Investments (Pty) Ltd;;;;;
NICD;;;;;
Nice Group;;;;;
Nice group SA;;;;;
Nice group SA 22;;;;;
Nice House of Plastics;;;;;
Nice Media Services;;;;;
NiceHouseof Plastics;;;;;
Niche Consulting Services;;;;;
Niche Fruit (Pty) Ltd;;;;;
nichemarket;;;;;
Nick Trace (Pty) Ltd;;;;;
Nickel Chro Systems (Pty) Ltd;;;;;
Nickerson-Zwaan BV;;;;;
Nickilor (Pty) Ltd;;;;;
Nicks Foods (Pty) Ltd;;;;;
Nicks Foods EL (Pty) Ltd;;;;;
Nick's Hyper (Pty) Ltd;;;;;
Nicks Liquors At Tops (Pty) Ltd;;;;;
Nico;;;;;
NICO Asset Managers Ltd;;;;;
NICO General Insurance Company Ltd;;;;;
NICO Holdings Plc;;;;;
NICO Insurance Zambia Ltd;;;;;
NICO Life Insurance Company Ltd;;;;;
NICO Technologies Ltd;;;;;
Nicore Training and Development;;;;;
NicozDiamond Insurance Ltd;;;;;
NICRO;;;;;
nicro.co.za;;;;;
Nictus Holdings Ltd (Namibia);;;;;
Nictus Ltd;;;;;
Ni-Da Transport (Pty) Ltd;;;;;
Nieuwco Mpumalanga (Pty) Ltd;;;;;
Nifty ICT Solutions;;;;;
Niger Insurance Plc;;;;;
Niger Towers SA;;;;;
Nigeria Distilleries Ltd;;;;;
Nigeria Energy Sector Fund Plc;;;;;
Nigeria Insurance Liability Pool;;;;;
Nigeria Sewing Machine Manufacturing Company Plc;;;;;
Nigerian Aviation Handling Company Plc;;;;;
Nigerian Bottling Company Ltd (The);;;;;
Nigerian Breweries Plc;;;;;
Nigerian Civil Aviation Authority;;;;;
NIGERIAN COMMUNICATIONS SATELLI;;;;;
Nigerian Deposit Insurance Corporation;;;;;
Nigerian Electronic Funds Transfer Operation;;;;;
Nigerian Enamelware Plc;;;;;
Nigerian Foundries Ltd;;;;;
Nigerian National Petroleum Corporation (Pty) Ltd (NNPC);;;;;
Nigerian Ropes Plc;;;;;
Nigerian Stock Exchange;;;;;
Nigerian Wire and Cable Plc;;;;;
Nigerian-German Chemicals Plc;;;;;
Night Fire Investments 8 (Pty) Ltd;;;;;
NIIT Limited;;;;;
Nikan'Abantu Our Lotto Solutions (Pty) Ltd;;;;;
Nike Enterprises (Pvt) Ltd;;;;;
Nike South Africa (Pty) Ltd;;;;;
Nikilog (Pty) Ltd;;;;;
Niko Zhang Trading (Pty) Ltd;;;;;
Nilaflex (Pty) Ltd;;;;;
Nile Breweries Ltd;;;;;
Nile City Investment Company SAE;;;;;
Nile Company for Pharmaceuticals and Chemical Industries SAE;;;;;
Nile Cotton Ginning Company SAE;;;;;
Nile Dutch Holding BV;;;;;
Nile Sugar Co Ltd;;;;;
Nilfisk (Pty) Ltd;;;;;
Nimag (Pty) Ltd;;;;;
NIMASA;;;;;
Nimble Collection Services (Pty) Limited;;;;;
Nimble Group;;;;;
Nimble Group (Pty) Ltd;;;;;
nimr-mmrc.org;;;;;
Nimue Bioscience (Pty) Ltd;;;;;
Nina Roche Shoe Collection (Pty) Ltd;;;;;
Nine IT Systems (Pty) Ltd;;;;;
nineteen38.co.za;;;;;
Ninety OneNinety One Limited & Ninety One plc;;;;;
Ninety Speke (Pvt) Ltd;;;;;
Ninian and Lester (Pty) Ltd;;;;;
Nino's Group (Pty) Ltd;;;;;
Nintex Pty;;;;;
Nippon Express Co Ltd;;;;;
Nirelle (Pty) Ltd;;;;;
Nisaa Institute;;;;;
Nishatisolutions;;;;;
Nissan (South Africa) (Pty) Ltd;;;;;
Nissan Clover Leaf;;;;;
Nissan Motor Company South Africa (Pty) Ltd;;;;;
Nissan Vehicle Distributors (Pty) Ltd;;;;;
Nissan Zimbabwe (Pvt) Ltd;;;;;
NITA;;;;;
NITA - Ghana;;;;;
Nitra Investment Holdings (Pty) Ltd;;;;;
Nitro Securitisation 1 (Pty) Ltd;;;;;
Nitro Securitisation 2 (Pty) Ltd;;;;;
Nitro Securitisation 3 (Pty) Ltd;;;;;
Niveus Invest 3 (Pty) Ltd;;;;;
Niveus Investments Ltd;;;;;
Niveus Managerial Services (Pty) Ltd;;;;;
nizulu.ac.za;;;;;
NJCSI;;;;;
NJoy;;;;;
NJR Steel Processing (Pty) Ltd;;;;;
Njuca Consolidated Company Ltd;;;;;
Nkana Alloy Smelting Company Ltd;;;;;
Nkandabwe Coal Mines Ltd;;;;;
Nkangala District Municipality;;;;;
nkangalafet.edu.za;;;;;
nkanistar.co.za;;;;;
Nkateko Shilubane;;;;;
Nketoana Local Municipality;;;;;
Nkgwete IT Solutions;;;;;
Nkolo Spa (Pty) Ltd;;;;;
Nkomazi Municipality;;;;;
Nkonki Inc;;;;;
Nkonkobe Local Municipality;;;;;
nkqwete.co.za;;;;;
Nkulenu Industries Ltd;;;;;
Nkungumathe Farming and Agricultural Co-operative Ltd;;;;;
Nkunzi Milkyway (Pty) Ltd;;;;;
Nkunzi Pharmaceuticals (Pty) Ltd;;;;;
NKUSI-IT Specialized Services;;;;;
Nkwali Pride Consulting;;;;;
Nkwe Platinum (De Wildt) (Pty) Ltd;;;;;
Nkwe Platinum (East) (Pty) Ltd;;;;;
Nkwe Platinum (Scarlet) (Pty) Ltd;;;;;
Nkwe Platinum (South Africa) (Pty) Ltd;;;;;
NMB Bank Ltd;;;;;
NMB Bank Plc;;;;;
NMB Bank Plc.;;;;;
NMB Bank Zimbabwe;;;;;
NMC (Pty) Ltd;;;;;
NMDPRA;;;;;
NMG Administrators (Pty) Ltd;;;;;
NMG C and A Holdings (SA) (Pty) Ltd;;;;;
NMG CONSULTANTS AND ACTUARIES;;;;;
NMG Consultants and Actuaries (Pty) Ltd;;;;;
NMG Consultants and Actuaries Administrators (Pty) Ltd;;;;;
NMG Group;;;;;
NMI Durban South Motors (Pty) Ltd;;;;;
NMS Insurance Services (SA) Ltd;;;;;
NNPC Limited;;;;;
No 1 Watt Street (Pty) Ltd;;;;;
Noah Capital Markets (Pty) Ltd;;;;;
Noble Gold Bibiani Ltd;;;;;
Nobunto Hand Crafted Products (Pty) Ltd;;;;;
NOC Links;;;;;
Node Consulting Services LLC;;;;;
Nodus Capital (Pty) Ltd;;;;;
Nodus Group Holdings (Pty) Ltd;;;;;
Nofesa Group;;;;;
Noka Farm (Pty) Ltd;;;;;
Nokia;;;;;
Nokia Africa (Ghana);;;;;
Nokia Africa (Mozambique);;;;;
Nokia Siemens Networks Kenya Ltd;;;;;
Nokia Solutions and Networks Holdings (Pty) Ltd;;;;;
Nokia Solutions and Networks South Africa (Pty) Ltd;;;;;
Noko Analytical Services CC;;;;;
Noko Maimela Incorporated;;;;;
Noko Milling (Pty) Ltd;;;;;
nokomilling.co.za;;;;;
Nokuthula Mabaso;;;;;
Nokwanda Ncube;;;;;
Nolands Inc;;;;;
NOLC Engineering Co Ltd;;;;;
Nollsworth Park Properties (Pty) Ltd;;;;;
Nologo Studios;;;;;
Noma Steel Services CC;;;;;
Nomail;;;;;
Nomanini Crafts (Pty) Ltd;;;;;
Nomhle-Khabo Trading Enterprise CC;;;;;
Nomic 163 (Pty) Ltd;;;;;
Nomimix (Pty) Ltd;;;;;
Non Ferrous Metal Works;;;;;
Nona Creative;;;;;
Non-Bank Financial Industry Authority (Botswana);;;;;
Non-Ferrous Metal Works (S A) (Pty) Ltd;;;;;
Nongoma Liquors (Pty) Ltd;;;;;
Nonile Conservancy CC;;;;;
Noodle;;;;;
Noordhoek Motors (Pty) Ltd;;;;;
noordkus.co.za;;;;;
Noordwes Koerante (Pty) Ltd;;;;;
Nor Paper;;;;;
Norah Consult ltd;;;;;
Noratec Consulting Engineers;;;;;
Norco Cables (Pty) Ltd;;;;;
Norcros (S A) (Pty) Ltd;;;;;
Norcross South Africa;;;;;
Nordex Education Trust Kapstadt South Africa;;;;;
Nordex Energy South Africa (RF) (Pty) Ltd;;;;;
Nordland (Pty) Ltd;;;;;
NORED;;;;;
Norpalm Ghana Ltd;;;;;
Norplan Tanzania Ltd;;;;;
Norsand Holdings (Pty) Ltd;;;;;
North Africa Co for Real Estate Investment SAE;;;;;
North Cairo Flour Mills Company SAE;;;;;
North Gate Auctioneers (Pty) Ltd;;;;;
North Mara Gold Mine Ltd;;;;;
North Point Holdings Ltd;;;;;
North Point Stone Products Ltd;;;;;
North Safety Products Africa;;;;;
North South Power Company Ltd;;;;;
North West Bar Association;;;;;
North West Department Cooperative Governance and Traditional Affairs;;;;;
North West Department of Culture,  Arts and Traditional Affairs;;;;;
North West Development Corporation;;;;;
North West Gambling Board;;;;;
North West Parks;;;;;
North West Provincial Government;;;;;
North West Provincial Legislature;;;;;
Northam Platinum Ltd;;;;;
northcity.co.za;;;;;
Northern Cape Casino Consultants Kairo (Pty) Ltd;;;;;
Northern Cape Provincial Legislature;;;;;
Northern Cape Society of Advocates;;;;;
Northern Cleaners and Launderers Randburg (Pty) Ltd;;;;;
Northern Coffee Corporation Ltd;;;;;
Northern Engineering Industries Africa Ltd;;;;;
Northern Glory Properties (Pty) Ltd;;;;;
Northern Graphite;;;;;
Northern Hardware and Glass (Pty) Ltd;;;;;
Northern Nigeria Flour Mills Plc;;;;;
Northern Upper Egypt Development and Agricultural Production Company SAE;;;;;
Northgate Exports (Pty) Ltd;;;;;
Northstar Asset Management (Pty) Ltd;;;;;
Northwest Star SOC Ltd;;;;;
North-West University;;;;;
Northwest Web Printers (Pty) Ltd;;;;;
North-Western Energy Corporation;;;;;
Norton Derivatives (Pty) Ltd;;;;;
Norton Rose Fulbright;;;;;
Norton Rose Fulbright South Africa Inc;;;;;
nortonrose.com;;;;;
norvatis.com;;;;;
NOSA Namibia (Pty) Ltd;;;;;
NOSA Pty Ltd;;;;;
NOSA Zambia (Pty) Ltd;;;;;
NOSI;;;;;
Nosso Super Gestao de Supermercados Lda;;;;;
Notae Development (Pty) Ltd;;;;;
Notae Group Management (Pty) Ltd;;;;;
Notae Resorts (Pty) Ltd;;;;;
notemail.co.za;;;;;
Nouvelle Lingerie Mauricienne Ltee;;;;;
Nouvelles Editions Ivoiriennes-Centre d'Edition et de Diffusion Africaines;;;;;
NOV Oil and Gas Services South Africa (Pty) Ltd;;;;;
NOVA Human Capital Solutions;;;;;
Nova Life;;;;;
Nova Risk Partners Ltd;;;;;
Novamed;;;;;
Novancy One;;;;;
Novara Profile Extrusions (Pty) Ltd;;;;;
Novare;;;;;
Novare Capital (Pty) Ltd;;;;;
Novare CIS (RF) (Pty) Ltd;;;;;
Novare Investments (Pty) Ltd;;;;;
Novartis;;;;;
Novartis Kenya Limited;;;;;
Novartis South Africa (Pty) Ltd;;;;;
Novis Plc;;;;;
Novita Shoes (Pty) Ltd;;;;;
NOVO Energy;;;;;
Novo Nordisk;;;;;
Novo Nordisk (Pty) Ltd;;;;;
Novodecor (Pty) Ltd;;;;;
Novus Holdings;;;;;
Novus Holdings Ltd;;;;;
Novus Properties Ltd;;;;;
Novux;;;;;
Now Media (Pty) Ltd;;;;;
Nozalela Mineral Sands (Pty) Ltd;;;;;
Nozha International Hospital SAE;;;;;
NP Logistix Botswana;;;;;
NPCAT;;;;;
NPC-Cimpor (RF) (Pty) Ltd;;;;;
NPE Medical;;;;;
NPF Microfinance Bank Plc;;;;;
NPI Governance Consulting;;;;;
NPK;;;;;
Npsp;;;;;
Nqaba Finance 1 (RF) (Pty) Ltd;;;;;
NRCS;;;;;
NRF;;;;;
NRG Office Solutions (Pty) Ltd;;;;;
NS Xulu;;;;;
ns-attorneys.co.za;;;;;
NSC Global;;;;;
NSFAS;;;;;
Nsfas;;;;;
NSIA Banque Cote d'Ivoire;;;;;
nsiit.com;;;;;
NSK Ltd;;;;;
NSS Fasteners (Pty) Ltd;;;;;
NSSF Kenya;;;;;
NSSF Uganda;;;;;
nss-sa.co.za;;;;;
NT Geomatics Gauteng CC;;;;;
NT Ngidi Consulting (Pty) Ltd;;;;;
Ntabankulu Local Municipality;;;;;
ntabankulu.gov.za;;;;;
Ntambanana Local Municipality;;;;;
Ntambo Technologies;;;;;
ntandeni.gov.za;;;;;
ntbservices.co.za;;;;;
NTCOMPS;;;;;
NTCSA;;;;;
NTE Company (Pty) Ltd;;;;;
N-Tec Laboratory (Pty) Ltd;;;;;
Ntingwe Farming (Pty) Ltd;;;;;
Ntingwe Tea (Pty) Ltd;;;;;
Ntiro Technologies (Pty) Ltd;;;;;
Ntiyiso Consulting Group;;;;;
NTK Limpopo Agric Ltd;;;;;
Ntlangwini Makhoba Farming (Pty) Ltd;;;;;
NTP;;;;;
ntsg.co.za;;;;;
Ntshovelo Mining Resources (Pty) Ltd;;;;;
Ntsika Enterprise Promotion Agency;;;;;
Ntsimbintle Mining (Pty) Ltd;;;;;
NTT;;;;;
NTT DATA Corporation;;;;;
NTT Kenya;;;;;
NTT Volkswagen;;;;;
Nu Metro;;;;;
Nu-Africa Comm Trading (Pty) Ltd;;;;;
Nuance Brands (Pty) Ltd;;;;;
NuBerry Fruits;;;;;
Nubes Systems and Technology;;;;;
Nuclear Corporate Furniture (Pty) Ltd;;;;;
Nuclear Fuels Corporation of South Africa (Pty) Ltd;;;;;
Nucleus Supply Chain Management (Pty) Ltd;;;;;
Nucoal Holdings (Pty) Ltd;;;;;
Nucoal Resources (Pty) Ltd;;;;;
Nuelight (Pty) Ltd;;;;;
Nukor Holdings (Pty) Ltd;;;;;
Nukor Woodtech (Pty) Ltd;;;;;
Nulandis (Pty) Ltd;;;;;
Nu-Lec Africa (Pty) Ltd;;;;;
Numata Business IT;;;;;
Numatic International South Africa;;;;;
Number Not Allocated To Any Enterprises Ltd;;;;;
Numetro Films;;;;;
Numida;;;;;
Numsa Investment Company (Pty) Ltd;;;;;
Nungu Trading 478 (Pty) Ltd;;;;;
NuPay | A Division of Altron.;;;;;
Nuraan Rakiep Physiotherapists (Pty) Ltd;;;;;
Nurture Care Group (Pty) Ltd;;;;;
Nurture Health (Pty) Ltd;;;;;
Nuss CC;;;;;
Nutec Digital Ink (Pty) Ltd;;;;;
Nutrend Publishers CC;;;;;
Nutri Feeds (Namibia) (Pty) Ltd;;;;;
Nutri Feeds (Pty) Ltd;;;;;
Nutri Pharma Solutions (Pty) Ltd;;;;;
Nutricima Ltd;;;;;
Nutri-Flo CC;;;;;
Nutritional Foods (Pty) Ltd;;;;;
Nutritional Holdings Ltd;;;;;
Nutun;;;;;
Nutun Transact Pty (Ltd);;;;;
nutuntransact.com;;;;;
Nuvil Clothing CC;;;;;
Nuvo Rubber Compounders (Pty) Ltd;;;;;
Nu-Way Housing Developments (Pty) Ltd;;;;;
Nu-World Global Investments (Pty) Ltd;;;;;
Nu-World Holdings Ltd;;;;;
Nu-World Industries (Pty) Ltd;;;;;
Nu-World Property Investments (Pty) Ltd;;;;;
Nvac;;;;;
NVest Financial Holdings Ltd;;;;;
nVisionIT;;;;;
nVisionIT Pty Ltd;;;;;
NWI;;;;;
NWJ Retail (Pty) Ltd;;;;;
NWK Agri-Services Ltd;;;;;
NWK Holdings Ltd;;;;;
NWK Ltd;;;;;
Nwpl;;;;;
NWSC;;;;;
nwtb.co.za;;;;;
NXCO;;;;;
Nxco Mining Technologies (Pty) Ltd;;;;;
NXT;;;;;
nxttxn.com;;;;;
Nxuba Local Municipality;;;;;
Nyakafuru Project Joint Venture;;;;;
Nyandeni Local Municipality;;;;;
nyandeni.gov.za;;;;;
Nyanzaga Exploration Ltd;;;;;
Nyati Securitisation 1 (RF) Ltd;;;;;
Nyeleti Consulting;;;;;
Nyenye Clothing Manufacturers (Pty) Ltd (Lesotho);;;;;
Nyleriver Hosiery Manufacturers (Pty) Ltd;;;;;
Nylstene (Pty) Ltd;;;;;
Nyosi Trading (Pty) Ltd;;;;;
Nyota Minerals Ltd;;;;;
nzibotechnologies.com;;;;;
O J Auto Body Repairs CC;;;;;
O L I M P (Pty) Ltd;;;;;
O3Beverages;;;;;
Oakbay Investments (Pty) Ltd;;;;;
Oakbay Resources and Energy Ltd;;;;;
Oakleaf Capital (Pty) Ltd;;;;;
Oakleaf Insurance Company Ltd;;;;;
Oakleaf Investment Holdings 69 (Pty) Ltd;;;;;
Oakleaf Investment Holdings 79 (RF) (Pty) Ltd;;;;;
Oakleaf Investment Holdings 94 (Pty) Ltd;;;;;
Oakmont Capital (Pty) Ltd;;;;;
Oakmonte;;;;;
Oakwood Trading 21 (Pty) Ltd;;;;;
Oando Akepo Ltd;;;;;
Oando Benin Ltd;;;;;
Oando Energy Services Ltd;;;;;
Oando Exploration and Production Ltd;;;;;
Oando Ghana Ltd;;;;;
Oando Liberia Ltd;;;;;
Oando Marketing Ltd;;;;;
Oando OML 125 and 134 Ltd;;;;;
Oando Petroleum Development Company Ltd;;;;;
Oando Plc;;;;;
Oando Production and Development Company Ltd;;;;;
Oando Properties Ltd;;;;;
Oando Resources Ltd;;;;;
Oando Servco Nigeria Ltd;;;;;
Oando Sierra Leone Ltd;;;;;
Oando Supply and Trading Ltd;;;;;
Oando Terminals and Logistics Ltd;;;;;
Oando Togo SA;;;;;
Oando Wings Development Ltd;;;;;
Oasis Crescent Capital (Pty) Ltd;;;;;
Oasis Crescent Property Fund;;;;;
Oasis Crescent Property Fund Managers Ltd;;;;;
Oasis Group Holdings (Pty) Ltd;;;;;
Oasis Insurance Plc;;;;;
Oasis Learning;;;;;
ob.co.za;;;;;
OBARO Group;;;;;
Obaro Handel (Pty) Ltd;;;;;
OBC Group (Pty) Ltd;;;;;
obeta;;;;;
OBIV Consulting;;;;;
Oblidged Crew Trading and Projects CC;;;;;
Obliline;;;;;
OBO Bettermann Holdings Africa Ltd;;;;;
O'Brien Recruitment;;;;;
OBSA Virtual Assistant Services;;;;;
obs-consulting.com;;;;;
Obscure Technologies;;;;;
Observatory Business Park (Pty) Ltd;;;;;
Obsidian Capital (Pty) Ltd;;;;;
Obsidian Systems;;;;;
Obtala Ltd;;;;;
OCCAM CONSULTING LIMITED;;;;;
Occidental Gold Sarl;;;;;
Occidental Insurance Co Ltd;;;;;
Occmed (Pty) Ltd;;;;;
Occupational Therapy Association of South Africa;;;;;
Ocean Africa Container Lines (Pty) Ltd;;;;;
Ocean Agriculture (Pty) Ltd;;;;;
Ocean Basket;;;;;
Ocean Basket Franchise Company (Pty) Ltd;;;;;
Ocean Denim Ltd;;;;;
Ocean Fresh (Pty) Ltd;;;;;
Ocean Mile (Pty) Ltd;;;;;
Oceana Group Ltd;;;;;
Oceanet (Pty) Ltd;;;;;
Oceanwide Logistics SA (Pty) Ltd;;;;;
Oceanwise (Pty) Ltd;;;;;
Ocelot Traders (Pty) Ltd;;;;;
OCH Investments I (Pty) Ltd;;;;;
OCH Investments II (Pty) Ltd;;;;;
Ochre Media (Pty) Ltd;;;;;
OCI Construction Ltd;;;;;
OCI Tervi Skikda;;;;;
Ocon Brick (Pty) Ltd;;;;;
Ocon Holdings (Pty) Ltd;;;;;
Oconbrick Manufacturing (Pty) Ltd;;;;;
O'Connor Brothers Finance (Pty) Ltd;;;;;
Ocorian;;;;;
OCP Africa;;;;;
Octa Engineering Kroonstad (Pty) Ltd;;;;;
Octagon Africa;;;;;
Octagon Marketing (Pty) Ltd;;;;;
October Pharma SAE;;;;;
Octodec Investments Ltd;;;;;
Ocular Technologies;;;;;
Odebrecht SA;;;;;
ODEK;;;;;
Odfjell Mazibuko SA (Pty) Ltd;;;;;
Odfjell SE;;;;;
OdiBets Kenya;;;;;
ODIRE OCCUPATIONAL HEALTH;;;;;
Odirile IT Holding (Pty) Ltd;;;;;
Odvest 155 (Pty) Ltd;;;;;
Odvest 189 (Pty) Ltd;;;;;
Odvest 194 (Pty) Ltd;;;;;
Odyssey House (Pty) Ltd;;;;;
Oemer Panelbeaters CC;;;;;
OES Professionalism Ltd;;;;;
Off The Shelf Investments 108 (RF) (Pty) Ltd;;;;;
Office Gear;;;;;
Office of Premier - North West;;;;;
Office of the Chief Justice;;;;;
Office of the Premier Gauteng;;;;;
Office of the Premier Limpopo;;;;;
Office of the Premier Western Cape;;;;;
Office of the President and Cabinet (OPC);;;;;
officeinone.co.za;;;;;
ofi Africa;;;;;
Oficinagroup;;;;;
Ogilvy Africa;;;;;
Ogilvy and Mather Johannesburg (Pty) Ltd;;;;;
Ogilvy and Mather South Africa (Pty) Ltd;;;;;
Ogilvy South Africa (Pty) Ltd;;;;;
OHADA;;;;;
O'Hagan's Franchising (Pty) Ltd;;;;;
Ohlanga;;;;;
Oh-Lief Natural Products (Pty) Ltd;;;;;
Ohlthaver & List;;;;;
Ohlthaver & List Finance and Trading Corporation Ltd;;;;;
Ohlthaver & List Group of Companies;;;;;
OHORONGO CEMENT;;;;;
Oil Council;;;;;
Oil Field Movers;;;;;
Oil Seed Processing (Pvt) Ltd;;;;;
Oiltanking Mogs Saldanha (RF) (Pty) Ltd;;;;;
OIM Consulting;;;;;
OIM Group;;;;;
Oistins (Pty) Ltd;;;;;
o-it.co.za;;;;;
OK Bazaars (Namibia) Ltd;;;;;
OK Bazaars (Swaziland) (Pty) Ltd;;;;;
OK Bazaars Lesotho (Pty) Ltd;;;;;
OK CONSULT;;;;;
OK Zimbabwe Ltd;;;;;
OKE South Africa (Pty) Ltd;;;;;
O'Keeffe and Swartz Consultants (Pty) Ltd;;;;;
Oketsa Group;;;;;
Okfasong Agrovet & Technical Services Limited;;;;;
Okomu Oil Palm Plc;;;;;
OLA Energy;;;;;
OLAM;;;;;
OLAM Food Ingredients (OFI) Côte d'Ivoire;;;;;
Olam Foods Ingredients;;;;;
Olam South Africa (Pty) Ltd;;;;;
Olam Tanzania Ltd;;;;;
Olayan Group;;;;;
Old Agaricus (Pty) Ltd;;;;;
Old Factory Ltd (The);;;;;
Old Fuel Logistics Group (Pty) Ltd (The);;;;;
Old Istudy 4 (Pty) Ltd;;;;;
Old Little Green Beverages (Pty) Ltd;;;;;
Old Mutual;;;;;
Old Mutual (Africa) Holdings (Pty) Ltd;;;;;
Old Mutual (South Africa) Holdings (Pty) Ltd;;;;;
Old Mutual Actuaries and Consultants (Pty) Ltd;;;;;
Old Mutual Alternative Investments (Pty) Ltd;;;;;
Old Mutual Alternative Investments Holdings (Pty) Ltd;;;;;
Old Mutual Alternative Risk Transfer Ltd;;;;;
Old Mutual Alternative Solutions Ltd;;;;;
Old Mutual Capital Holding (Pty) Ltd;;;;;
Old Mutual Customised Solutions (Pty) Ltd;;;;;
Old Mutual Emerging Markets (Pty) Ltd;;;;;
Old Mutual Finance (RF) (Pty) Ltd;;;;;
Old Mutual Ghana;;;;;
Old Mutual Group Holdings (SA) (Pty) Ltd;;;;;
Old Mutual Health Insurance Ltd;;;;;
Old Mutual Insurance Company (Pvt) Ltd;;;;;
Old Mutual Insure Ltd;;;;;
Old Mutual Investment Administrators (Pty) Ltd;;;;;
Old Mutual Investment Group (Pty) Ltd;;;;;
Old Mutual Investment Group Holdings (Pty) Ltd;;;;;
Old Mutual Investment Services (Pty) Ltd;;;;;
Old Mutual Investment Services Nominees (RF) (Pty) Ltd;;;;;
Old Mutual Kenya;;;;;
Old Mutual Life Assurance Company;;;;;
Old Mutual Life Assurance Company (Ghana) Limited;;;;;
Old Mutual Life Assurance Company (Namibia) Ltd;;;;;
Old Mutual Life Assurance Company (South Africa) Ltd;;;;;
Old Mutual Life Insurance Company (Botswana) (Pty) Ltd;;;;;
Old Mutual Limited;;;;;
Old Mutual Namibia;;;;;
Old Mutual Plc;;;;;
Old Mutual Private Equity (Division of Old Mutual Investment Group (Pty) Ltd);;;;;
Old Mutual Property (Pty) Ltd;;;;;
Old Mutual Real Estate Holding Company (Pty) Ltd;;;;;
Old Mutual Retirement Accommodation Fund (Pty) Ltd;;;;;
Old Mutual Short Term Insurance Company Ltd;;;;;
Old Mutual Specialised Finance (Pty) Ltd;;;;;
Old Mutual Superfund Provident Fund;;;;;
Old Mutual Technology Holdings (Pty) Ltd;;;;;
Old Mutual Unit Trust Managers (RF) (Pty) Ltd;;;;;
Old Mutual Wealth (Pty) Ltd;;;;;
Old Mutual Wealth Trust Company (Pty) Ltd Private Client Securities;;;;;
Old National Hospital Network Ltd;;;;;
Old Primedia Ltd;;;;;
Old RTT Group (Pty) Ltd (The);;;;;
Old RTT Holdings (Pty) Ltd (The);;;;;
Old Sea Harvest Ltd;;;;;
Old TSG (Pty) Ltd;;;;;
oldmtual.com;;;;;
Oldmutualnigeria;;;;;
olebas.co.za;;;;;
Oleum Energy (Pty) Ltd;;;;;
olfitra.com.na;;;;;
Olga Jewellery Waterfront CC;;;;;
Olicalinx (Pty) Ltd;;;;;
O-Line (Pty) Ltd;;;;;
O-Line Holdings (Mozambique) Lda;;;;;
Olive Pearce;;;;;
Oliver Searle Partnership Ltd (The);;;;;
Olivine Holdings (Pvt) Ltd;;;;;
Olivine Industries (Pvt) Ltd;;;;;
Olrac SPS;;;;;
Olrich Home Of Technology;;;;;
OLRICH HOME OF TECHNOLOGY;;;;;
OLSPS;;;;;
Oltio (Pty) Ltd;;;;;
OLX Autos;;;;;
Olympia Capital Corporation Ltd;;;;;
Olympia Capital Holdings Ltd;;;;;
Olympian Developing Company (Pty) Ltd (The);;;;;
Olympic Group Financial Investments SAE;;;;;
Olympic Sand (Pty) Ltd;;;;;
Olympic-Flair (Pty) Ltd;;;;;
O'Mage (Pty)  Ltd;;;;;
Omaheke Regional Council;;;;;
omame.co.za;;;;;
Omanjee Motors CC;;;;;
Omaroil Agency Ltd;;;;;
Omatek Ventures Plc;;;;;
Ombudsman for Banking Services;;;;;
Omega Digital;;;;;
Omega Risk Solutions;;;;;
Omegalabs (Pty) Ltd;;;;;
Omf;;;;;
OMG Group Holdings Ltd;;;;;
omgdigital.co.za;;;;;
omgss.co.zw;;;;;
Omni HR Consulting;;;;;
Omnia Angola Lda;;;;;
Omnia Fertilizer Ltd;;;;;
Omnia Fertilizer Ltd (Malawi);;;;;
Omnia Fertilizer Zambia Ltd;;;;;
Omnia Fertilizer Zimbabwe (Pvt) Ltd;;;;;
Omnia Group (Pty) Ltd;;;;;
Omnia Group International Ltd;;;;;
Omnia Group Investments Ltd;;;;;
Omnia Holdings Ltd;;;;;
Omnia Mozambique Lda;;;;;
Omnia Small Scale Ltd;;;;;
Omnia Swaziland Ltd;;;;;
Omnicane Ltd;;;;;
Omnicor;;;;;
OmniMed (Pty) Ltd;;;;;
Omnipark (Pty) Ltd;;;;;
Omnipless Manufacturing (Pty) Ltd;;;;;
omnisure.co.za;;;;;
OmniTel Namibia;;;;;
Omny Building Projects;;;;;
Omoluabi Mortgage Bank Plc;;;;;
omradit.com;;;;;
omwelath.co.za;;;;;
On Digital Media (Pty) Ltd;;;;;
On the Dot;;;;;
On24Event;;;;;
Onafriq;;;;;
Onatel-SA;;;;;
OnceHub Ltd;;;;;
ondemandtv.co.za;;;;;
Onderstepoort Biological Products SOC Ltd;;;;;
Onduka (Pty) Ltd;;;;;
One;;;;;
One Acre Fund;;;;;
One and Only Cape Town (RF) (Pty) Ltd;;;;;
One Communications Ltd;;;;;
One Model Place;;;;;
One Owl Enterprises (Pty) Ltd;;;;;
One Petroleum Ltd;;;;;
One Sandton Drive Properties (Pty) Ltd;;;;;
One Step Ahead CC;;;;;
One Tech Holding SA;;;;;
One World Human Capital CC;;;;;
OneAdvanced;;;;;
Onecell (Pty) Ltd;;;;;
onechannel.com.na;;;;;
OneConnect;;;;;
Onedayonly Offers (Pty) Ltd;;;;;
OneHR Integrated People Solutions;;;;;
OneLife Assurance Zambia;;;;;
OneLogix Group Ltd;;;;;
onenovatravel.com;;;;;
Oneo Group;;;;;
onepci.ci;;;;;
Oneplan Health Insurance;;;;;
ONG Mozambique;;;;;
Ongava;;;;;
Onigbolo Cement Company Ltd;;;;;
Onilog (Pty) Ltd;;;;;
Online Innovations (Pty) Ltd;;;;;
Online Innovations Trust;;;;;
Online Intelligence (Pty) Ltd;;;;;
Onrus Manor (Pty) Ltd;;;;;
Onshelf Investment Fifteen (Pty) Ltd;;;;;
Onshelf Investment Seventy Three (Pty) Ltd;;;;;
onsitepk;;;;;
Onsitesystems;;;;;
Ontec;;;;;
Onthecards Investments II (Pty) Ltd;;;;;
Onthecards Investments Ltd;;;;;
Onverwacht Plaas CC;;;;;
Onyxdyvonne Integrated Service Limited;;;;;
Ooba (Pty) Ltd;;;;;
Oobalink (Pty) Ltd;;;;;
O'OKiep Copper Company (Pty) Ltd;;;;;
OOREDOO ALGERIE;;;;;
Oos Vrystaat Kaap Bedryf Ltd;;;;;
Oos Vrystaat Kaap Beherend (Pty) Ltd;;;;;
Oostra Maatskappy;;;;;
Oos-Transvaal Kalkverskaffers (Pty) Ltd;;;;;
Open Architecture Systems;;;;;
Open Box Software;;;;;
Open Capital;;;;;
Open Connect Ltd;;;;;
Open Learning Group;;;;;
Open Text Corporation;;;;;
Open University of Mauritius;;;;;
OPENCOLLAB;;;;;
OpenFactor Consulting Services;;;;;
openfactor.co.za;;;;;
Openfield Marketing;;;;;
Openfield Marketing Johannesburg (Pty) Ltd;;;;;
Opennetworks;;;;;
Openserve;;;;;
OpenSesame;;;;;
Openvoice Holdings Ltd;;;;;
openworx;;;;;
Operation Hope;;;;;
Operation Jumpstart;;;;;
Operational Marketing (Pty) Ltd;;;;;
OPFA South Africa;;;;;
OPH Group (Pty) Ltd;;;;;
Ophir Energy Plc;;;;;
Ophthalmological Society of South Africa;;;;;
Ophthalmology Management Group Ltd;;;;;
Opilor (Pty) Ltd;;;;;
Opiset (Pty) Ltd;;;;;
Oppo;;;;;
OPPO Digital;;;;;
Opportunity Bank Uganda;;;;;
Opportunity Bank Uganda Limited;;;;;
opsc.gov.za;;;;;
Opsi Systems;;;;;
opsmin.co.za;;;;;
Optenhorst Developments (Pty) Ltd;;;;;
Opti Power Projects (Pty) Ltd;;;;;
Optica Ltd;;;;;
Opticom Leasing Company Ltd;;;;;
Optiklin (Pty) Ltd;;;;;
Optima Trading (Pty) Ltd;;;;;
Optimi Group;;;;;
OPTIMIZA;;;;;
Optimize Financial Services (Pty) Ltd;;;;;
Optimprops 3 (Pty) Ltd;;;;;
Optimum Coal Holdings (Pty) Ltd;;;;;
Optimum Coal Mine (Pty) Ltd;;;;;
Optimum Coal Services (Pty) Ltd;;;;;
Optimum Coal Terminal (Pty) Ltd;;;;;
Optimum Collieries (Pty) Ltd;;;;;
Optimum Financial Services Group;;;;;
Optimum Learning Technologies;;;;;
Optimum Overvaal Mining and Exploration (Pty) Ltd;;;;;
Optimum Vlakfontein Mining and Exploration (Pty) Ltd;;;;;
optimumleaarn.com;;;;;
OptimusBio (Pty) Ltd;;;;;
optisoluitons.co.za;;;;;
Optisolutions;;;;;
OptiSolutions;;;;;
Optiven Limited;;;;;
Opway Engenharia Sociedade de Construcoes Mozambique;;;;;
OR International Airport Taxi Association;;;;;
OR Tambo Airport Civilized Cab (Pty) Ltd;;;;;
OR Tambo District Municipality;;;;;
or.ke;;;;;
ORA Animal Feeds CC;;;;;
ORA Bank;;;;;
Orabank Senegal;;;;;
Oracle Corporation (South Africa) (Pty) Ltd;;;;;
Orange Business Services;;;;;
Orange Congo;;;;;
Orange Cyberdefense;;;;;
Orange Egypt for Telecommunications S.A.E;;;;;
Orange Group;;;;;
Orange Grove;;;;;
Orange Grove Dairy (Pty) Ltd;;;;;
Orange Grove Farms (Pty) Ltd;;;;;
Orange Horizons South Africa (Pty) Ltd;;;;;
Orange Owl (Pty) Ltd;;;;;
Orange River Salt Works (Pty) Ltd;;;;;
Orange Street Software;;;;;
Oranje Drukkery (Pty) Ltd;;;;;
Oranjerivier Wynkelders Co-Operative Ltd;;;;;
Orano;;;;;
Orano Mining Namibia (Pty) Ltd;;;;;
Orascom Construction Industries Algeria Spa;;;;;
Orascom Construction Industries Nigeria Ltd;;;;;
Orascom Construction Industries SAE;;;;;
Orascom Construction Ltd;;;;;
Orascom Development Holding AG;;;;;
Orascom Fertilizer Plant Maintenance Company;;;;;
Orascom Hotels & Development SAE;;;;;
Orascom Industrial Investments;;;;;
Orascom Roads Company;;;;;
Orascom Telecom Media and Technology Holding SAE;;;;;
Orasqualia;;;;;
Orb Energy;;;;;
Orb Energy Kenya;;;;;
Orban Investments 375 (Pty) Ltd;;;;;
Orbibyte (Pty) Ltd;;;;;
Orbicom (Pty) Ltd;;;;;
Orcom Trading 252 (Pty) Ltd;;;;;
Orcom Trading 30 (Pty) Ltd;;;;;
Orcom Trading 35 (Pty) Ltd;;;;;
Organic Africa Holdings;;;;;
Organic Chemical Corporation (Pty) Ltd;;;;;
Organisation Development Africa (ODA);;;;;
Organisation Undoing Tax Abuse;;;;;
Organon LLC;;;;;
Orica Limited;;;;;
ORICOL ENVIRONMENTAL SERVICES;;;;;
Oricol Environmental Services (Pty) Ltd;;;;;
Orient Bank;;;;;
Oriental Construction Kenya Ltd;;;;;
Oriental Weavers Company for Carpets SAE;;;;;
Oriental Weavers Fibres Company;;;;;
Oriental Weavers International Company;;;;;
orientura.com;;;;;
Origin 6 Healthcare (Pty) Ltd;;;;;
Origin Coffee Roasting;;;;;
Origin Investment Plc;;;;;
Original Co-Sourcing SA (Pty) Ltd;;;;;
Original Fishmonger Franchise Holding Company (Pty) Ltd (The);;;;;
Origo Africa;;;;;
Orinux (Mauritius) Ltd;;;;;
Orinux (Rwanda) SARL;;;;;
Orion Cellular (Pty) Ltd;;;;;
Orion Developments One (Pty) Ltd;;;;;
Orion East Africa Ltd;;;;;
Orion Engineered Carbons (Pty) Ltd;;;;;
Orion Minerals Ltd;;;;;
Orion Real Estate Ltd;;;;;
Oris;;;;;
Orlando Pirates;;;;;
Oro Africa (Pty) Ltd;;;;;
Oro Chains (Pty) Ltd;;;;;
Orpheo (Pty) Ltd;;;;;
ORSIMA;;;;;
Orthochem (Pty) Ltd;;;;;
Orthoglo (Pty) Ltd;;;;;
Orthomedics (Pty) Ltd;;;;;
Orthopaedic Suppliers CC;;;;;
Oryan Consulting;;;;;
Oryx Energies Holdings South Africa (Pty) Ltd;;;;;
Oryx Energies Kenya Ltd;;;;;
Oryx Finance Ltd;;;;;
Oryx Gas;;;;;
Oryx Oil South Africa (Pty) Ltd;;;;;
Oryx Properties Ltd;;;;;
Osborn Engineered Products SA (Pty) Ltd;;;;;
Oserian Development;;;;;
Oserian Group;;;;;
Osho Chemical Industries;;;;;
Oshwal Education & Relief Board;;;;;
Osimo Farms (Pty) Ltd;;;;;
Osiris Trading;;;;;
OSK Kooperatiewe Bank Ltd;;;;;
Osman's Spice Works CC;;;;;
Osmond Lange Architects & Planners (Pty) Ltd;;;;;
Osool ESB Securities Brokerage Company SAE;;;;;
Osterley Investments Ltd;;;;;
osw.co.za;;;;;
OTC-Pharma SA (Pty) Ltd;;;;;
OTGC Holdings (Pty) Ltd;;;;;
Otham Consulting;;;;;
Other Beverage Interests (Pty) Ltd;;;;;
OTI Madagascar SA;;;;;
OTI Swaziland (Pty) Ltd;;;;;
Oticon South Africa (Pty) Ltd;;;;;
Otis (Pty) Ltd;;;;;
Otjozondu Mining (Pty) Ltd (Namibia);;;;;
OTP Distributors (Pty) Ltd;;;;;
Otter Mist Trading 1054 CC;;;;;
Ottiflex Technology Group;;;;;
ottobros.co.za;;;;;
Ottowel Pullens Engineering (Pty) Ltd;;;;;
Otwil Financial Services (Pty) Ltd;;;;;
Ou Kollege Beleggings Ltd;;;;;
Oude Kaap Developments (Pty) Ltd;;;;;
Oude Molen Distillery (Pty) Ltd;;;;;
Oude Werf Hotel;;;;;
Oudtshoorn Local (Eden District);;;;;
Oudtshoorn Local Municipality;;;;;
Ouranos Technologies Ltd;;;;;
ourtimesupport.com;;;;;
Our-Venue.com;;;;;
Out of Africa Entertainment (Pty) Ltd;;;;;
Out Resource Business Support (ORBS);;;;;
Outcomes Based Consulting (Pty) Ltd;;;;;
Outdoor Network Ltd;;;;;
Outeniqua Farmers Market CC;;;;;
Outfinance (Pty) Ltd;;;;;
Outmedia Support Services (Pty) Ltd;;;;;
Outokumpu (Pty) Ltd;;;;;
Outsmart Out of Home Advertising (Pty) Ltd;;;;;
Outsourced Plant Solutions (SA) (Pty) Ltd;;;;;
OUTsurance Holdings Ltd;;;;;
OUTsurance Insurance Company Ltd;;;;;
OUTsurance Insurance Company of Namibia Ltd;;;;;
OUTsurance International Holdings (Pty) Ltd;;;;;
OUTsurance Life Insurance Company Ltd;;;;;
OUTsurance Properties (Pty) Ltd;;;;;
OUTsurance Shared Services (Pty) Ltd;;;;;
Oval Advertising & Promotions Co (Pty) Ltd (The);;;;;
Ovation Destination Management Company (Pty) Ltd;;;;;
Ovation Global Investment Nominees (Pty) Ltd;;;;;
Ovation Global Investment Services (Pty) Ltd;;;;;
OVATIONS;;;;;
Ovations Technologies (Pty) Ltd;;;;;
Overall Road;;;;;
Overberg Agri Bedrywe (Pty) Ltd;;;;;
Overberg District Municipality;;;;;
Overberg Food Distributors (Pty) Ltd;;;;;
Overberg Water;;;;;
Overhex Wines International (Pty) Ltd;;;;;
Overseas Administration Management;;;;;
Overseas Move Management (Pty) Ltd;;;;;
Overseas Visitors Club (Pty) Ltd;;;;;
Overstrand Local Municipality;;;;;
Overwear and Duchess (Pty) Ltd;;;;;
OVH Energy;;;;;
OVK - Ladybrand;;;;;
OVO;;;;;
OVP Associates CC;;;;;
Owenair (Pty) Ltd;;;;;
Owontaa Industries;;;;;
Oxbridge Academy;;;;;
OXFAM;;;;;
Oxfam International Kenya;;;;;
Oxford Freshmarket;;;;;
Oxford Property and Investment Holdings (Pty) Ltd;;;;;
Oxford University Press;;;;;
Oxford University Press Southern Africa (Pty) Ltd;;;;;
Oxyboost (Pt)) Ltd;;;;;
oxygen8.co.za;;;;;
Oxygène MCL;;;;;
Oxyon People Solutions;;;;;
oyota.co.za;;;;;
Ozow;;;;;
P and C Mining Services (Pty) Ltd;;;;;
P and G South African Trading (Pty) Ltd;;;;;
P and I Associates (Pty) Ltd;;;;;
P and R Earthmoving (Pty) Ltd;;;;;
P C F Engineering CC;;;;;
P C Kelders (Pty) Ltd;;;;;
P E Cold Storage (Pty) Ltd;;;;;
P E Medical Group Investments (No 3) (Pty) Ltd;;;;;
P en D Bemarking CC;;;;;
P J A (South Africa) (Pty) Ltd;;;;;
P J Thompson (Pty) Ltd;;;;;
P J Van Reenen (Pty) Ltd;;;;;
P V M Manufacturing (Pty) Ltd;;;;;
P V M Nutritional Sciences (Pty) Ltd;;;;;
P.O.L.I.C.Y. Ltd;;;;;
Paarl Media (Pty) Ltd;;;;;
Paarl Media Holdings (Pty) Ltd;;;;;
Paarl Post Media (Pty) Ltd;;;;;
Paarl Tissue (Pty) Ltd;;;;;
paarlcoldset.co.za;;;;;
Pabar (Pty) Ltd;;;;;
Pabod Breweries Ltd;;;;;
PAC University;;;;;
PACB Investments (Pty) Ltd;;;;;
Pac-Con Pharmaceuticals (Pty) Ltd;;;;;
Pace Car Rental;;;;;
Pace Container Stevedores CC;;;;;
Pace Property Management (Pty) Ltd;;;;;
Pacific Coast Investments 110 (Pty) Ltd;;;;;
Pacific Eagle Properties 117 (Pty) Ltd;;;;;
Pacific Holding Ltd;;;;;
Pacific Insurance Brokers (EA) Ltd;;;;;
Pacific International Line South Africa (Pty) Ltd;;;;;
Pacific International Lines (Pte) Ltd;;;;;
Pacifico Seguros;;;;;
Pacis Insurance  Company;;;;;
Pacis Insurance Co Ltd;;;;;
paciskenya.com;;;;;
Pack n Stack;;;;;
PACK N STACK (PTY) LTD;;;;;
Packaging Industries Malawi (PIM) Ltd;;;;;
Packaging SA;;;;;
Packet Stream Data Networks Ltd;;;;;
PacknStack;;;;;
PackSolve;;;;;
Pacmar (Pty) Ltd;;;;;
Pact Inc;;;;;
Padenga Holdings Ltd;;;;;
Pafuri Camp (Pty) Ltd;;;;;
Page and Govender Marine CC;;;;;
Page Automation;;;;;
Pailles Properties Ltd;;;;;
Pailpac (Pty) Ltd;;;;;
pailprint.co.za;;;;;
Paint and Chemical Industries Company SAE;;;;;
Paint Tech Maintenance (Pty) Ltd;;;;;
Paints and Coatings Manufacturers Nigeria Plc;;;;;
PAK STEEL BOTSWANA;;;;;
Pakanyo Trading cc t/a Pakanyo HR Solutions;;;;;
Pakco (Pty) Ltd;;;;;
pakidie.com;;;;;
Pakuna Trading 57 (Pty) Ltd;;;;;
Palabora Copper (Pty) Ltd;;;;;
Palabora Mining;;;;;
Palabora Mining Company (Pty) Ltd;;;;;
Palace Group;;;;;
Paladin Capital Corporate Services (Pty) Ltd;;;;;
Paladin Energy Ltd;;;;;
Paladin Underwriting Managers (Pty) Ltd;;;;;
Palaeofin (Pty) Ltd;;;;;
pal-afric.com;;;;;
Palbin Cape (Pty) Ltd;;;;;
Palfos Aviation (Pty) Ltd;;;;;
PALIAN (PTY) LTD;;;;;
Pall South Africa (Pty) Ltd;;;;;
Pallet and Crate King CC;;;;;
Pallet Link (Pty) Ltd;;;;;
Pallet Link Enterprises (Pty) Ltd;;;;;
Pallet Supply Company Cape (Pty) Ltd;;;;;
Pallinghurst Resources Ltd;;;;;
Palm Corporate Consultancy;;;;;
Palm Footwear Manufacturers (Pty) Ltd;;;;;
Palm Hills Developments Company SAE;;;;;
Palmar Ltee;;;;;
Palmci SA;;;;;
palmci.com;;;;;
Palmer Rubber (Pty) Ltd;;;;;
Palmer's Cosmetics (Pty) Ltd;;;;;
Pals Clothing (Pty) Ltd;;;;;
Paltrack;;;;;
Pam Golding Properties (Pty) Ltd;;;;;
PAM Marine and Industrial (Pty) Ltd;;;;;
Pamadrie Vervaardiging (Pty) Ltd;;;;;
Pamodzi Gold Ltd;;;;;
Pamodzi Gold West Rand (Pty) Ltd;;;;;
Pamodzi Group (Pty) Ltd;;;;;
Pamodzi Hotels Plc;;;;;
Pamodzi House (Pty) Ltd;;;;;
Pamodzi Resources Fund Advisor (Pty) Ltd;;;;;
Pamodzi Unique Engineering (Pty) Ltd;;;;;
Pan Africa Christian University;;;;;
Pan Africa Life Insurance Holdings Ltd;;;;;
Pan African Gold and Minerals (Pty) Ltd;;;;;
Pan African Media Research Organisation;;;;;
Pan African Resources Funding Company (Pty) Ltd;;;;;
Pan African Resources Management Services Company (Pty) Ltd;;;;;
Pan African Resources Plc;;;;;
Pan African Sales (Namibia) Ltd;;;;;
Pan Macmillan SA;;;;;
Pan Macmillan South Africa (Pty) Ltd;;;;;
Pan Mixers South Africa (Pty) Ltd;;;;;
Pan South African Language Board;;;;;
Panacea Mobile (Pty) Ltd;;;;;
Panafric Hotels;;;;;
Pan-African Asset Management (Pty) Ltd;;;;;
Pan-African Savings and Loans Company Ltd;;;;;
panafricantalenthub.com;;;;;
Panalux (SA) (Pty) Ltd;;;;;
PANalytical;;;;;
Panarottis;;;;;
Panarotti's Advertising (Pty) Ltd;;;;;
Panash Clothing CC;;;;;
Panasonic Corporation of North America;;;;;
panasonic.co.za;;;;;
Pan-Atlantic University (PAU);;;;;
Panavision (SA) (Pty) Ltd;;;;;
Panbult Denne Saagmeule (Pty) Ltd;;;;;
panchetechnohub.co.ke;;;;;
Panda Outdoor Services CC;;;;;
Panda Retail Company;;;;;
Panda Security;;;;;
Pandrol S A (Pty) Ltd;;;;;
Pandu Paper Products (Pty) Ltd;;;;;
Pangbourne Properties Ltd;;;;;
Pangea Minerals Ltd;;;;;
Pannar Seed (Kenya) Ltd;;;;;
Pannar Seed (Zambia) Ltd;;;;;
Panorama Media Corporation (Pty) Ltd;;;;;
Panorama Publications (Pty) Ltd;;;;;
Panross Properties (Pty) Ltd;;;;;
PanSolutions Holdings;;;;;
PanSolutions Holdings Pty Limited;;;;;
Pant Beleggings CC;;;;;
PANTOS Logistics Co Ltd;;;;;
Paper Converting Company Ltd;;;;;
Paper Manufacturers Association of South Africa;;;;;
Paper Middle East SAE ;;;;;
Paper Recycling Association of South Africa;;;;;
Parachute Industries of Southern Africa (Pty) Ltd;;;;;
Paracon SA (Pty) Ltd;;;;;
Paradise Creek Investments 98 (Pty) Ltd;;;;;
Paradise Hall Investments (Pty) Ltd;;;;;
Paradiso Solutions;;;;;
paradiso-elearning.com;;;;;
Paragon Architects (Pty) Ltd;;;;;
Paragon Business Communications Ltd;;;;;
Paramount Bank Limited;;;;;
Paramount Group;;;;;
Paramount Group (Pty) Ltd;;;;;
Paramount Property Fund Ltd;;;;;
Paramount Trailers (Pty) Ltd;;;;;
Paratus Africa;;;;;
Paratus Botswana;;;;;
Paratus Namibia;;;;;
Parbat Siyani Construction Ltd;;;;;
Parcea Computing (Pty) Ltd;;;;;
Parceval (Pty) Ltd;;;;;
pard.tn;;;;;
Parelio Foods CC;;;;;
Paresol Investments CC;;;;;
Pareto Ltd;;;;;
Pargo;;;;;
Parisian Milliners CC;;;;;
Parity Software (JHB) Pty Ltd;;;;;
Park Retail Specialists (Pty) Ltd;;;;;
Parkcor Developments (Pty) Ltd;;;;;
Parkdene Palms (Pty) Ltd;;;;;
Parked - raramuridesign;;;;;
Parker-Hannifin (Africa) (Pty) Ltd;;;;;
Parkhome Modular Units;;;;;
Parks Shop North (Pty) Ltd (The);;;;;
Parks Shop South (Pty) Ltd (The);;;;;
Parktown High School for Girls;;;;;
Parliament;;;;;
Parliament of Ghana;;;;;
Parliament of the Republic of South Africa;;;;;
parliament.co.za;;;;;
parliament.gov.zm;;;;;
Parmalat South Africa (Pty) Ltd;;;;;
Parmtro Investments No 79 (Pty) Ltd;;;;;
Parrogate Zimbabwe (Pvt) Ltd;;;;;
Parrot Products;;;;;
Parrot Products (Pty) Ltd;;;;;
Parsec (Pty) Ltd;;;;;
Partnaire France;;;;;
partner-bmw.co.za;;;;;
Partners in Performance;;;;;
Partnership In Mining (Pty) Ltd;;;;;
PARTS.CAT.COM Vous cherchez des piÃÂÃÂ¨ces dÃÂÃÂ©tachÃÂÃÂ;;;;;
Parys Development Properties (Pty) Ltd;;;;;
Parys Lingerie CC;;;;;
Pasdec Automotive Technologies (Pty) Ltd;;;;;
Pasdec Resources SA Ltd;;;;;
Passenger Rail Agency of South Africa;;;;;
Pasta Nova (Pty) Ltd;;;;;
Patcon;;;;;
Patents and Companies Registration Agency;;;;;
PATH;;;;;
PATH Kenya;;;;;
PATH Zambia;;;;;
Pathcare ( Pty ) Ltd;;;;;
Pathcare Pathology;;;;;
Patient Focus Africa;;;;;
Patio Life South Africa;;;;;
Patleys (Pty) Ltd;;;;;
Paton Tupper (Pty) Ltd;;;;;
patrick kyalo;;;;;
Patrick Munduga;;;;;
Paul Moeller & Co;;;;;
Paul Vivaldi Clothing (Pty) Ltd;;;;;
Pavati Trading 116 (Pty) Ltd;;;;;
Pavati Trading 63 (Pty) Ltd;;;;;
Pavi South Africa (Pty) Ltd;;;;;
Pavilion Car Rental (Pty) Ltd;;;;;
Pavini Tiles CC;;;;;
Pawa I.T Solutions;;;;;
Pawame;;;;;
Pawame Kenya Ltd;;;;;
Pax Dealers (Pty) Ltd;;;;;
Pax Resources (Pty) Ltd;;;;;
Pay@;;;;;
PayBay;;;;;
Paycentric (Pty) Ltd;;;;;
Paycode;;;;;
Paycorp Corporate Services (Pty) Ltd;;;;;
Paycorp Group (Pty) Ltd;;;;;
Paycorp Investments (Pty) Ltd;;;;;
Paycorp VAS (Pty) Ltd;;;;;
PayDay Software Systems PTY Ltd;;;;;
Payfast (Pty) Ltd;;;;;
PayGo Energy Inc;;;;;
PayJoy;;;;;
Paykobo;;;;;
Paykobo.com;;;;;
Paymaster Business Solutions;;;;;
PayMaster Ltd;;;;;
Paymenow;;;;;
PayMente Ltd;;;;;
Payments Association of South Africa;;;;;
Paymob;;;;;
Paypal;;;;;
Payslip South Africa;;;;;
Payslip South Africa (Pty) Ltd;;;;;
PaySpace;;;;;
PayU Payment Solutions (Pty) Ltd;;;;;
pba.co.za;;;;;
PBC Ltd;;;;;
PBD Holdings (Pty) Ltd;;;;;
Pbg;;;;;
pbonoinc.co.za;;;;;
PBT Group Ltd;;;;;
PBT Insurance Technologies;;;;;
PBZ Bank;;;;;
PCC - Professional Cost Consultants;;;;;
PCCOMPO;;;;;
PCCW Global;;;;;
pcgroup.co.za;;;;;
PControl Africa (Pty) Ltd;;;;;
pcproblems.co.za;;;;;
PCS Global;;;;;
Pcubed -;;;;;
pdcaprojects.com;;;;;
PDM (Holdings) Ltd;;;;;
Peace Corps;;;;;
Peace Parks Foundation;;;;;
Peach Payments;;;;;
Peachtree (Pty) Ltd;;;;;
Peacock Tea And Coffee (Pty) Ltd;;;;;
Peak Adventure Travel (Pty) Ltd;;;;;
Peak Resources Ltd;;;;;
Peak Timbers Ltd;;;;;
Pearl Automotive (Pty) Ltd;;;;;
Pearl Island Trading 714 (Pty) Ltd;;;;;
Pearl Marina Estate Ltd;;;;;
Pearl Star 90 (Pty) Ltd;;;;;
Pearl Star Investments 390 CC;;;;;
Pearson Education Africa (Pty) Ltd;;;;;
Pearson Education South Africa (Pty) Ltd;;;;;
Pearson Holdings Southern Africa (Pty) Ltd;;;;;
Pearson Institute of Higher Education (Pty) Ltd;;;;;
Pearson PLC;;;;;
Pearson South Africa (Pty) Ltd;;;;;
Pebble Africa Technologies Limited;;;;;
Pebble Bed Modular Reactor SOC Ltd;;;;;
Pecanview Properties (Pty) Ltd;;;;;
Pecop Soweto;;;;;
Pedros;;;;;
Pee Nutz Garment Manufacture CC;;;;;
Peermont Global (Eastern Free State) (Pty) Ltd;;;;;
Peermont Global (KZN) (Pty) Ltd;;;;;
Peermont Global (Limpopo) (Pty) Ltd;;;;;
Peermont Global (North West) (Pty) Ltd;;;;;
Peermont Global (Pty) Ltd;;;;;
Peermont Global (Southern Highveld) (Pty) Ltd;;;;;
Peermont Global (Tubatse) (Pty) Ltd;;;;;
Peermont Global Holdings III Ltd;;;;;
Peermont Global Holdings IV (Pty) Ltd;;;;;
Peermont Global Investments Ltd;;;;;
Peermont Global Management (KZN) (Pty) Ltd;;;;;
Peermont Global Management (Nwandl) (Pty) Ltd;;;;;
Peermont Global Management (Pty) Ltd;;;;;
Peermont Global Tusk Holdings (Pty) Ltd;;;;;
pefco.co.za;;;;;
Pefki Wood Products (Pty) Ltd;;;;;
Peg Highway Operations (Pty) Ltd;;;;;
PEG HR Solutions (Pty) Ltd;;;;;
Pegasus Toys CC;;;;;
Pegasus Universal Aerospace;;;;;
Pegasys (Pty) Ltd;;;;;
Pegasys Global Consulting (Pty) Ltd;;;;;
Peglerae Hospital (Pty) Ltd;;;;;
Peglerae Investments (Pty) Ltd;;;;;
Pegma Thirty Six Investments (Pty) Ltd;;;;;
Pekay Group (Pty) Ltd (The);;;;;
Pelchem SOC Ltd;;;;;
Pele Energy Group;;;;;
Pelhams Ltd;;;;;
Pelican Systems South Africa;;;;;
Peliculas Mel;;;;;
Pembani Remgro GPP GP (Pty) Ltd;;;;;
Pembani Remgro Infrastructure Managers (Pty) Ltd;;;;;
Pembani Remgro JV (Pty) Ltd;;;;;
Pembury Lifestyle Group Ltd;;;;;
Penda Health;;;;;
Pendoring Contracting (Pty) Ltd;;;;;
pengiunrandomhouse.co.za;;;;;
Penguin Films (Pty) Ltd;;;;;
Penguin Random House South Africa (Pty) Ltd;;;;;
Peninsula Drums CC;;;;;
Peninsula Energy Ltd;;;;;
Peninsula Organics CC;;;;;
Peninsula Rice Milling Co Ltd;;;;;
penis.co.za;;;;;
Penny Black Outdoor (Pty) Ltd;;;;;
Penny More Property Investments (Pty) Ltd;;;;;
Pennypinchers Sand and Stone (Pty) Ltd;;;;;
Pennypinchers Trusses Western Cape (Pty) Ltd;;;;;
Pension Online Fund;;;;;
Pensions Alliance Ltd;;;;;
Pentad Quantity Surveyors (Pty) Ltd;;;;;
penta-ics.co.za;;;;;
Pentamed Investments (Pvt) Ltd;;;;;
Penta-Ocean Construction Co Ltd;;;;;
Pentasystems (Pty) Ltd;;;;;
pentasystems.co.za;;;;;
Pentel;;;;;
Peolwane Properties (Pty) Ltd;;;;;
People FIRST;;;;;
People First (Pty) Ltd;;;;;
People Perfect (Pty) Ltd;;;;;
People's Health Movement;;;;;
Peoples Mortgage (Pty) Ltd;;;;;
People's Own Savings Bank (The);;;;;
people-wise.co.za;;;;;
PEP;;;;;
PEP Africa;;;;;
PEP Business Creators;;;;;
Pep SA Ltd;;;;;
Pepclo (Pty) Ltd;;;;;
Pepkor;;;;;
Pepkor (Pty) Ltd;;;;;
Pepkor Holdings (Pty) Ltd;;;;;
Pepkor Investments (Pty) Ltd;;;;;
Pepkor IP (Pty) Ltd;;;;;
Pepkor IT;;;;;
Pepkor Retail (Pty) Ltd;;;;;
Pepkor Speciality Stores (Pty) Ltd;;;;;
Pepkor Trading (Pty) Ltd;;;;;
Pepkorfin (Pty) Ltd;;;;;
Peppadew International (Pty) Ltd;;;;;
Pepperl-Fuchs (Pty) Ltd;;;;;
Pepsico Finance (South Africa);;;;;
PepsiCo Inc;;;;;
Pepstores;;;;;
Perdigon (Pty) Ltd;;;;;
Peregrine Capital (Pty) Ltd;;;;;
Peregrine Derivatives (Pty) Ltd;;;;;
Peregrine Equities (Pty) Ltd;;;;;
Peregrine Financial Services Holdings Ltd;;;;;
Peregrine Fund Platform (Pty) Ltd;;;;;
Peregrine Holdings Ltd;;;;;
Peregrine Securities (Pty) Ltd;;;;;
PerfectedExecution;;;;;
PERFITCOM;;;;;
Performability Recruitment;;;;;
Performance Brands (Pty) Ltd;;;;;
Performance Capacity Development - PTY;;;;;
Performance Office Supplies;;;;;
Performance Plant Hire (Pty) Ltd;;;;;
Performanta;;;;;
Performanta Technologies (Pty) Ltd;;;;;
Performlink;;;;;
PERI Formwork Scaffolding Engineering (Pty) Ltd;;;;;
Perinatal hiv research unit;;;;;
Peripheral Vision;;;;;
Permoseal (Pty) Ltd;;;;;
Pernod Ricard Kenya Ltd;;;;;
Pernod Ricard SA;;;;;
Pernod Ricard South Africa (Pty) Ltd;;;;;
Perpetua Investment Managers (Pty) Ltd;;;;;
Perseus Mining (Ghana) Ltd;;;;;
perseusming.com;;;;;
Persian Tile CC;;;;;
Personal Trust Nominees (Pty) Ltd;;;;;
Personnel Concept (Pty) Ltd (The);;;;;
Personnel Management Solutions;;;;;
Perspectives Financial Accountants (Pty) Ltd;;;;;
Perspex South Africa (Pty) Ltd;;;;;
Peruke (Pty) Ltd;;;;;
Perx Consulting (Pty) Ltd;;;;;
Pesapal;;;;;
Pesca Fresca Lda;;;;;
Pest Control Service Industries Training Academy;;;;;
Pet d Oeuvre (Pty) Ltd;;;;;
Pet Food Institute of Southern Africa;;;;;
Pet Heaven Foods (Pty) Ltd;;;;;
PET Plastic Recycling South Africa;;;;;
Pet Recycling Company (Pty) Ltd;;;;;
Pétanque Consultancy;;;;;
Peter Berry Investments (Pty) Ltd;;;;;
Peter Berry Trust Services (Pty) Ltd;;;;;
Peter Blond and Associates (Pty) Ltd;;;;;
Peters Papers (Pty) Ltd;;;;;
Petmin Ltd;;;;;
Petra Diamonds SA (Pty) Ltd;;;;;
Petra Diamonds Southern Africa (Pty) Ltd;;;;;
Petra Trust Company Limited;;;;;
petradiamonds.co.za;;;;;
PetrecoZim (Pvt) Ltd;;;;;
Petrel Engineering (Pty) Ltd;;;;;
PETRO ENERGY SA;;;;;
Pétro Ivoire;;;;;
PETROCI;;;;;
Petrogal Mozambique Lda;;;;;
PetroKenya Oil Company Ltd;;;;;
Petroleos de Mozambique SA;;;;;
Petroleum Agency SA;;;;;
Petroleum Authority of Uganda;;;;;
Petroleum Commission, Ghana;;;;;
Petroleum Marketing Organization (Pty) Ltd;;;;;
Petroleum Oil and Gas Corporation of South Africa SOC Ltd (The);;;;;
Petrolmecs Lda;;;;;
petrolpumps.co.za;;;;;
Petromar Lda;;;;;
Petromoc e Sasol SARL (PeSS);;;;;
PETRONAS South Africa (Pty) Ltd;;;;;
PetroSA Egypt SOC Ltd;;;;;
PetroSA Equatorial Guinea (South Africa) (Pty) Ltd;;;;;
PetroSA Rehabilitation NPC;;;;;
PetroSA Sudan (Pty) Ltd;;;;;
Petrotank South Africa (Pty) Ltd;;;;;
Petrow Agri (Pty) Ltd;;;;;
Petrow Food Ingredients (Pty) Ltd;;;;;
Petrox (Pty) Ltd;;;;;
Petzetakis Africa (Pty) Ltd;;;;;
Peu HR Consulting;;;;;
Peugeot Citroen South Africa (Pty) Ltd;;;;;
Peugeotza;;;;;
Pexmart CC;;;;;
Pezesha;;;;;
Pezula Resort Hotel and Spa (Pty) Ltd;;;;;
pf.com.na;;;;;
PFG Building Glass;;;;;
Pfizer Inc.;;;;;
Pfizer Laboratories (Pty) Ltd;;;;;
P'Fizer South Africa;;;;;
PFK Electronics (Pty) Ltd;;;;;
PFK Electronics Holdings (Pty) Ltd;;;;;
PFN Holdings (RF) (Pty) Ltd;;;;;
PFO Africa;;;;;
PG Bison Africa (Pty) Ltd;;;;;
PG Bison Kenya Ltd;;;;;
PG Bison Namibia (Pty) Ltd;;;;;
PG Bison Southern Cape (Pty) Ltd;;;;;
PG Glass Subsidiary of PG Group (Pty) Ltd 3410;;;;;
PG Group (Pty);;;;;
PG Group (Pty) Ltd;;;;;
PG Industries (Botswana) (Pty) Ltd;;;;;
PG Industries (Zimbabwe) Ltd;;;;;
PGCGroup (Pty) Ltd;;;;;
pgglass.com;;;;;
PGP;;;;;
PGSH Investment Holdings (RF) (Pty) Ltd;;;;;
pgwc.gov.za;;;;;
PH Edward (Pty) Ltd;;;;;
PH F and I Cape Town (Pty) Ltd;;;;;
PH Hazyview (Pty) Ltd;;;;;
PH Marine (Pty) Ltd;;;;;
PH Marketing;;;;;
PH Roodepoort (Pty) Ltd;;;;;
PH Victoria Junction (Pty) Ltd;;;;;
Phaello Finance Company (Pty) Ltd;;;;;
Phakamani Foundation;;;;;
Phakamo Tech;;;;;
Phakane High School, NC Department of Education;;;;;
Phakisaworld Fleet Solutions (Pty) Ltd;;;;;
phakwegroup.co.za;;;;;
Phambili Interface (Pty) Ltd;;;;;
Phandu Communications (PTY) Ltd;;;;;
phandu.co.za;;;;;
Pharma 5 Officiel;;;;;
Pharma Dynamics (Pty) Ltd;;;;;
Pharma II Investments (Pty) Ltd;;;;;
Pharmacare Ltd;;;;;
Pharmaceutical Enterprises (Pty) Ltd;;;;;
Pharmaceutical Industry Association of South Africa;;;;;
Pharmaceutical Manufacturers Association of South Africa;;;;;
Pharmaceutical Product Development LLC;;;;;
Pharmaceutical Society of South Africa (The);;;;;
Pharmacia South Africa (Pty) Ltd;;;;;
Pharmacy Direct (Pty) Ltd;;;;;
Pharma-Deko Plc;;;;;
Pharmaplan (Pty) Ltd;;;;;
Pharmed Pharmaceuticals (Pty) Ltd;;;;;
Pharo Ventures Ethiopia;;;;;
Pharoschools;;;;;
pharoventures.com;;;;;
Phase 5 Consulting;;;;;
Phase Two Properties (Pty) Ltd;;;;;
Phase3 Telecom Ltd;;;;;
Phelan Energy Group (Pty) Ltd;;;;;
Phembani Advisors (Pty) Ltd;;;;;
Phembani Engineering Investments (Pty) Ltd;;;;;
Phembani Group (Pty) Ltd;;;;;
Phembani Resources Holdings (Pty) Ltd;;;;;
Phenomena Collections CC;;;;;
Pheregong Transport and Services CC;;;;;
phholdings.org;;;;;
Phibro Animal Health (Pty) Ltd;;;;;
Philafrica Foods;;;;;
PhilAfrica Foods (Pty) Ltd;;;;;
Philip Morris CR;;;;;
Philip Morris South Africa (Pty) Ltd;;;;;
Philip Morris South Africa Holdings (Pty) Ltd;;;;;
Philips Africa (Pty) Ltd;;;;;
Philips East Africa;;;;;
Philips Lighting Solutions (Pty) Ltd;;;;;
Philips Medical Customer Support (Pty) Ltd;;;;;
Philips South Africa (Pty) Ltd;;;;;
Philips South Africa Commercial (Pty) Ltd;;;;;
Phillip Morris Group;;;;;
Phillips Consulting;;;;;
Phillips Outsourcing Services Nigeria Limited;;;;;
Philo Films (Pty) Ltd;;;;;
Phithiza Farming and Projects (Pty) Ltd;;;;;
Phoebus Apollo Aviation (Pty) Ltd;;;;;
Phoenix Assurance Company Ltd ;;;;;
Phoenix Beverages Ltd;;;;;
Phoenix Consolidated Industries Ltd;;;;;
Phoenix Distribution (Pty) Ltd;;;;;
Phoenix International Logistics (Pty) Ltd;;;;;
Phoenix Investment Company Ltd;;;;;
Phoenix Power Cables (Pty) Ltd;;;;;
PhoenixBev;;;;;
Phokwane Local Municipality;;;;;
Phola Coaches (Pty) Ltd;;;;;
Phola Coal Processing Plant (Pty) Ltd;;;;;
Pholosa Asset Management (Pty) Ltd;;;;;
Phomella Property Investments (Pty) Ltd;;;;;
Phosfert Marine (Pty) Ltd;;;;;
phost.co.za;;;;;
Photographic Society of South Africa (The);;;;;
Phototechnik (Pty) Ltd;;;;;
phs Group;;;;;
PHSDSBC;;;;;
Phumatra Transport Enterprise CC;;;;;
Phumelela Gaming and Leisure Ltd;;;;;
Phumelela Publishers (Pty) Ltd;;;;;
Phumelelani Nathi Holdings (Pty) Ltd;;;;;
Phunga Holdings;;;;;
PHUNGWAYO PEOPLE DEVELOPMENT RESOURCE;;;;;
Phuthuma Nathi Investments (RF) Ltd;;;;;
Phuthuma Nathi Investments 2 (RF) Ltd;;;;;
PIC;;;;;
Picardi Hotelle (Pty) Ltd;;;;;
Picardi Liquors (Pty) Ltd;;;;;
Picasso Headline (Pty) Ltd;;;;;
Pick 'n Pay Franchise Financing (Pty) Ltd;;;;;
Pick n Pay Holdings (RF) Ltd;;;;;
Pick n Pay Retailers (Pty) Ltd;;;;;
Pick 'n Pay Retailers (Pty) Ltd;;;;;
Pick n Pay Stores Ltd;;;;;
Pick n Pay Supply Chain Ltd;;;;;
Pick n Pay Zambia;;;;;
Pickfords Removals SA (Pty) Ltd;;;;;
Picourseware (Pty) Ltd t/a and Change (Pty) Ltd;;;;;
Picture Tree (Pty) Ltd;;;;;
Pienaar Sithole and Associates (Pty) Ltd;;;;;
Pieter Cilliers Productions CC;;;;;
Pietermaritzburg and District Association for the Care of the Aged;;;;;
Pietermaritzburg Bar Council;;;;;
Pietermaritzburg Girls' High School;;;;;
Pietersburg Bande Depot (Pty) Ltd;;;;;
PIGIER CI;;;;;
PIGIER COTE D'IVOIRE;;;;;
PIH II (Pty) Ltd;;;;;
Pikitup Johannesburg SOC Ltd;;;;;
PIL (Ghana) Ltd;;;;;
Pilansberg Elephant Back Safaris (Pty) Ltd;;;;;
pilgerco.com;;;;;
Pilgrimage Logistics and Distribution (Pty) Ltd;;;;;
Pillartalk CC;;;;;
Pillman;;;;;
Pilot Crushtec (SA) (Pty) Ltd;;;;;
Pilot Crushtec International (Pty) Ltd;;;;;
Pilot Furniture Manufacturers (Pty) Ltd;;;;;
Pilotfish Digital;;;;;
Pimankus Bemarking (Pty) Ltd;;;;;
Pimgate Properties (Pty) Ltd;;;;;
Pinelands Development Company;;;;;
Pineslopes Craft Market CC;;;;;
Pinespring Properties (Pty) Ltd;;;;;
Pink Elephant South Africa IT Management;;;;;
Pink Potato Trading 103 (Pty) Ltd;;;;;
Pink Soda Marketing;;;;;
Pinkrock Investments (Pty) Ltd;;;;;
pinlevelintl.com;;;;;
PinnAcc (Pty) Ltd;;;;;
Pinnacle;;;;;
Pinnacle College Kyalami;;;;;
Pinnacle Facilities Management (Pty) Ltd;;;;;
Pinnacle Holdings/Alviva Holdings;;;;;
Pinnacle Micro (Pty) Ltd;;;;;
Pinnacle Micro Namibia (Pty) Ltd;;;;;
Pinnacle Point Group Ltd;;;;;
Pinnacle Point Group Plc;;;;;
Pinnacle Technology Holdings Limited;;;;;
Pinnacle Technology Shared Management Services (Pty) Ltd;;;;;
Pinnacle Treasury Services (Pty) Ltd;;;;;
Pinnafrica Insurance Ltd;;;;;
Pinotage Association;;;;;
Pinpoint One Human Resources;;;;;
Pinsent Masons Africa LLP;;;;;
Pinsent Masons South Africa Inc;;;;;
Pioneer Academies (Pty) Ltd;;;;;
Pioneer Assurance Company Ltd;;;;;
Pioneer DuPont Zambia Ltd;;;;;
Pioneer Fishing (Pty) Ltd;;;;;
Pioneer Fishing (West Coast) (Pty) Ltd;;;;;
Pioneer Food Group Ltd;;;;;
Pioneer Foods Groceries (Pty) Ltd;;;;;
Pioneer Hi-Bred Kenya Ltd;;;;;
Pioneer Insurance;;;;;
Pioneer Kitchenware Ltd;;;;;
Pioneer Slots (Pty) Ltd;;;;;
Pioneer Structural Company (Pty) Ltd;;;;;
Pioneer Voedsel (Pty) Ltd;;;;;
Pioneering Solutions Studio;;;;;
Pioneers Holding Company for Financial Investment SAE;;;;;
Pioneers IT & Business Consulting;;;;;
Piotrans (Pty) Ltd;;;;;
Pipe Makers (Pty) Ltd;;;;;
Pipeflo (Pty) Ltd;;;;;
Pipex Plastics Botswana (Pty) Ltd;;;;;
Pison Airways Ltd;;;;;
Piston Power Chemicals CC;;;;;
pitchline.co.za;;;;;
Pitpan Projects (Pty) Ltd;;;;;
pitqif.com;;;;;
Pivot Payments Limited;;;;;
Pivotal Capital;;;;;
Pivotal Fund Ltd (The);;;;;
Pixley Ka Seme District Municipality;;;;;
Pizza Hut (Pty) Ltd;;;;;
pjprojectsrb.co.za;;;;;
PK Gain Investment Holdings (Pty) Ltd;;;;;
PKF in Eastern Africa;;;;;
PKF Kenya LLP;;;;;
PKF Octagon;;;;;
PKF Rademeyer Wesson;;;;;
PKF South Africa Inc;;;;;
pkx.co.za;;;;;
Plan International Kenya;;;;;
Plan One (Pty) Ltd;;;;;
Plan Trust Development (Pty) Ltd;;;;;
Planet Fitness;;;;;
Planet Waves 359 (Pty) Ltd;;;;;
Planet World;;;;;
Planet42;;;;;
Plan-My-Power (Pty) Ltd;;;;;
Plant Boutique (Pty) Ltd;;;;;
Plantation Farm Stall CC;;;;;
Plantation Shutters (Pty) Ltd;;;;;
plasser.co.za;;;;;
Plastamid (Pty) Ltd;;;;;
Plastamid Manufacturing (Pty) Ltd;;;;;
Plastic;;;;;
Plastic Industry (Mauritius) Ltd;;;;;
Plastichem (Pty) Ltd;;;;;
Plastics Convertors Association of South Africa;;;;;
Plastics Federation of South Africa (The);;;;;
Plastics Institute of Southern Africa (PISA);;;;;
Plastics South Africa;;;;;
plasticssa.co.za;;;;;
Plastinax Austral Ltd;;;;;
Plastools (Manufacturing Company) (Pty) Ltd;;;;;
Plateau Resources (Pty) Ltd;;;;;
Platfields Ltd;;;;;
Platinum Credit - Platcorp Holdings;;;;;
Platinum Credit LTD;;;;;
Platinum Group Holdings South Africa (Pty) Ltd;;;;;
Platinum Group Metals (RSA) (Pty) Ltd;;;;;
Platinum Health Medical Scheme;;;;;
Platinum Hospitality Corporation (Pty) Ltd;;;;;
Platinum Hospitality Holdings (Pty) Ltd;;;;;
Platinum Hospitality Property Holdings (Pty) Ltd;;;;;
Platinum Hotels Trading (Pty) Ltd;;;;;
Platinum Management Investment Company (Pty) Ltd;;;;;
Platinum Stars FC (Pty) Ltd;;;;;
Platinum Valley Holdings (Pty) Ltd;;;;;
platinumverifications.co.za;;;;;
Platmed (Pty) Ltd;;;;;
Platmed Properties (Pty) Ltd;;;;;
Platmin South Africa (Pty) Ltd;;;;;
Plato Communications CC;;;;;
Plattner Golf (Pty) Ltd;;;;;
Playback Properties (Pty) Ltd;;;;;
Pleasure Foods Property Holdings 1 (Pty) Ltd;;;;;
Plennary;;;;;
Plennegy;;;;;
Plessey (Pty) Ltd;;;;;
Plessey Wireless Solutions (Pty) Ltd;;;;;
Plexprop (Pty) Ltd;;;;;
Plexus Administrators (Pty) Ltd;;;;;
Plexus Asset Consulting (Pty) Ltd;;;;;
Plexus Holdings (Pty) Ltd;;;;;
Plexus Wealth Management (Pty) Ltd;;;;;
Plot One Hundred Bush Hill (Pty) Ltd;;;;;
PLP Group;;;;;
Plumblink;;;;;
Pluriscope (Pty) Ltd;;;;;
Plus 94 Research (Pty) Ltd;;;;;
Plus Plastik (Pty) Ltd;;;;;
Plus Rent a Car Lda t/a Europcar;;;;;
Plush Products (Pty) Ltd;;;;;
Plush Professional Leather Care (Pty) Ltd;;;;;
PlusNarrative;;;;;
PM Ideas;;;;;
PMB Finance (Pty) Ltd;;;;;
pmBusinessCase;;;;;
PMC;;;;;
PMG Group (Tanzania) Ltd;;;;;
PMI;;;;;
PMP;;;;;
PMS Group;;;;;
PNA Stationers (Pty) Ltd;;;;;
PNet (Pty);;;;;
PNG Institute of Medical Research;;;;;
po.gov.za;;;;;
Poa Internet;;;;;
Point Group Marketing Services Partner;;;;;
POINTE AUX PIMENTS HOTEL LTD;;;;;
Pointe aux Piments Hotel Ltd ;;;;;
Pointer SA (Pty) Ltd;;;;;
Pointer Telocation Ltd;;;;;
Polar Ice Cream Company (Pty) Ltd;;;;;
Polar Star Management (Pty) Ltd;;;;;
Polaris Shipping Company Ltd;;;;;
Police and Prisons Civil Rights Union;;;;;
Policy Property Holdings One (Pty) Ltd;;;;;
Policy Property Holdings Two (Pty) Ltd;;;;;
Pollen Creative Media (Pty) Ltd;;;;;
Polliack Investments (Pty) Ltd;;;;;
pologroup.co.za;;;;;
Polokwane Local Municipality;;;;;
Polyflex Africa;;;;;
Polygon Logistics;;;;;
Polygon Logistics Limited;;;;;
Polygon Underwriting Agency (Pty) Ltd;;;;;
Polymeric Composites Institute of South Africa;;;;;
Polymorph Systems;;;;;
Polyoak Packaging (Pty) Ltd;;;;;
Polyoak Packaging Group (Pty);;;;;
Polyolefin Recycling Company (The);;;;;
poly-prop.co.za;;;;;
Polystyrene Packaging Council of South Africa;;;;;
Pomobel Lda;;;;;
Pon Ukhamba Lezwe SPV (Pty) Ltd;;;;;
PONCINI;;;;;
Pong Agencies;;;;;
Pont HKB;;;;;
Poolbell Investments (RF) (Pty) Ltd;;;;;
Poortview Docco (RF) (Pty) Ltd;;;;;
Popcru Investment (Pty) Ltd;;;;;
Popechester (Pty) Ltd;;;;;
Popedom Dealers (Pty) Ltd;;;;;
Popeyes Louisiana Kitchen;;;;;
Popote Innovations Ltd;;;;;
POPTECH;;;;;
Population Service Kenya;;;;;
Porcupine;;;;;
Port Autonome d'Abidjan;;;;;
Port Autonome de Dakar Sénégal;;;;;
Port Autonome du Senegal;;;;;
Port Launay Resort Ltd;;;;;
Port Management Association of Eastern and Southern Africa;;;;;
Port Services (Pty) Ltd;;;;;
Port Shepstone Liquors (Pty) Ltd;;;;;
Port St Johns Local Municipality;;;;;
Porta Loo CC;;;;;
portfoliometrix.co.za;;;;;
Portimix (Pty) Ltd;;;;;
Portion 2 of Lot 8 Sandown (Pty) Ltd;;;;;
Portland Holdings Ltd;;;;;
Portland Hollowcore Slabs (Pty) Ltd;;;;;
Portland Paint and Products Nigeria Plc;;;;;
Portland Quarry (Pty) Ltd;;;;;
Portnex (Pty) Ltd;;;;;
Portnex International (Pty) Ltd;;;;;
Porto Group Holding SAE;;;;;
Portobelo Property Investments (Pty) Ltd;;;;;
Portos do Norte SA;;;;;
Portuguese Embassy & Consulates;;;;;
Posh Car Sales CC;;;;;
PoshVine;;;;;
Positive Switch (Pty) Ltd;;;;;
Posix Systems (Pty) Ltd;;;;;
Post Bank Uganda;;;;;
Post Paid Company (Pty) Ltd (The);;;;;
Postal and Telecommunications Regulatory Authority of Zimbabwe (POTRAZ);;;;;
Postal Corporation of Kenya;;;;;
postalbank.co.tz;;;;;
Postbank;;;;;
PostBank Uganda;;;;;
postbank.co.ls;;;;;
Posterscope (Pty) Ltd;;;;;
Postnet Advertising (Pty) Ltd;;;;;
Postnet Holdings (Pty) Ltd;;;;;
Postnet Southern Africa (Pty) Ltd;;;;;
Poulet Arc-en-Ciel Lte;;;;;
Poulina Group Holding SA;;;;;
poulinagroup.com;;;;;
Powder-Lak (Pty) Ltd;;;;;
Powell Tronics;;;;;
Power Cest La Vie (Pty) Ltd;;;;;
Power City Network;;;;;
Power Construction (Pty) Ltd;;;;;
Power Development Projects (Pty) Ltd;;;;;
Power Financial Services KZN (Pty) Ltd;;;;;
Power Group;;;;;
POWER HOUSE CLOTHING;;;;;
Power Metal Recyclers (Pty) Ltd;;;;;
Power of 9;;;;;
Power Stationery;;;;;
Power Technologies (Pty) Ltd;;;;;
Power Workwear CC;;;;;
Powerbat Namibia (Pty) Ltd;;;;;
Powerbrake (Pty) Ltd;;;;;
Powered by WordPress To the top ? Up ?;;;;;
powergate.net.za;;;;;
PowerGen;;;;;
PowerGen Renewable Energy;;;;;
Powerhouse Appointments;;;;;
Powerhouse Clothing (Pty) Ltd;;;;;
PowerPlay;;;;;
Powerpointlifestyles;;;;;
Powerspeed Electrical Ltd;;;;;
Powertech Batteries International Holdings (Pty) Ltd;;;;;
Powertech Calidus (Pty) Ltd;;;;;
Powertech Industries (Pty) Ltd;;;;;
Powertech Nigeria Ltd;;;;;
Powertech Properties and Investments (Pty) Ltd;;;;;
Powertech System Integrators (Pty) Ltd;;;;;
Powertech Transformers (Pty) Ltd;;;;;
Powertrans;;;;;
Powerworks (Pty) Ltd;;;;;
PPA Construction Project Managers (Pty) Ltd;;;;;
PPC Aggregate Quarries (Pty) Ltd;;;;;
PPC Aggregate Quarries Botswana (Pty) Ltd;;;;;
PPC Barnet DRC;;;;;
PPC Botswana (Pty) Ltd;;;;;
PPC Group Services (Pty) Ltd;;;;;
PPC International Holdings (Pty) Ltd;;;;;
PPC Lime Ltd;;;;;
PPC Ltd;;;;;
PPC Mozambique Holdings Lda;;;;;
PPC Mozambique SA;;;;;
PPC Zimbabwe Ltd;;;;;
ppcdrc.cd;;;;;
PPECB;;;;;
PPG Industries, Inc.;;;;;
ppgpmc.co.za;;;;;
Ppjtechnology;;;;;
Pple Group;;;;;
ppmaximizing.co.za;;;;;
PPS;;;;;
PR Connections (Pty) Ltd;;;;;
PR Worx CC;;;;;
Practice Relief (Pty) Ltd;;;;;
Praelexis AI;;;;;
PRÆSIDIAD;;;;;
Praesidium Capital Management (Pty) Ltd;;;;;
Praesignis;;;;;
Praga Technical (Pty) Ltd;;;;;
Pragma;;;;;
Pragma Africa (Pty) Ltd;;;;;
Pragma Global;;;;;
Pragma Products;;;;;
Pragmaticskillsacademy;;;;;
Prasa;;;;;
prasa.co.za;;;;;
Pratley (Pty) Ltd;;;;;
Pratley Perlite Mining Company (Pty) Ltd;;;;;
Pratt & Whitney Power Systems (PWPS) Algeria;;;;;
Praxos 373;;;;;
Precinct 2A Investments (Pty) Ltd;;;;;
Precious Height Ltd;;;;;
Precise Staffing Solutions designed by CIMPLICITY;;;;;
Precision Air Services Plc;;;;;
Predator Securities CC;;;;;
predator.co.za;;;;;
Predict Support Systems (Pty) Ltd;;;;;
Predictive Discovery Ltd;;;;;
Preferred Provider Negotiators (Pty) Ltd;;;;;
Prefix Technologies (Pty) Ltd t/a Everlytic;;;;;
Prefsure Botswana Ltd;;;;;
pregroup.co.za;;;;;
PREI Instrumentation (Pty) Ltd;;;;;
premfish.co.za;;;;;
Premier Bank;;;;;
Premier Breweries Plc;;;;;
Premier Credit Ltd Uganda;;;;;
Premier Electric Contractors;;;;;
Premier Fishing and Brands Ltd;;;;;
Premier Fishing SA (Pty) Ltd;;;;;
Premier FMCG (Pty) Ltd;;;;;
Premier FMCG Swazi Bakeries;;;;;
Premier Food Industries;;;;;
Premier Foods Limited;;;;;
Premier Foods Ltd Kenya;;;;;
Premier Foods plc;;;;;
Premier Group (Pty) Ltd;;;;;
Premier Group Ltd (The);;;;;
Premier Hotels and Resorts (Pty) Ltd;;;;;
Premier Human Capital Corporation - Mozambique;;;;;
Premier Lodge (Pty) Ltd;;;;;
Premier Paints Plc;;;;;
Premier Plastics (Pty) Ltd;;;;;
Premier Rose Management Services (Pty) Ltd;;;;;
Premier Valves (Pty) Ltd;;;;;
premierbee.co.za;;;;;
PremierCredit Zambia;;;;;
Premium Automotive (Pty) Ltd;;;;;
Premium Brand Distributors (Pty) Ltd;;;;;
Premium Ideas Distribution (Pty) Ltd;;;;;
Premium Ideas South Africa (Pty) Ltd;;;;;
Premium Properties Ltd;;;;;
Prentec (Pty) Ltd;;;;;
Prepaid Company (Pty) Ltd (The);;;;;
Prepaid24;;;;;
Pres Les (Pty) Ltd;;;;;
Prescient;;;;;
Prescient Holdings (Pty) Ltd;;;;;
Prescient Investment Management (Pty) Ltd;;;;;
Prescient Khawuleza (Pty) Ltd;;;;;
Prescient Life (RF) Ltd;;;;;
Prescient Profile (Pty) Ltd;;;;;
Prescient Property Holdings (Pty) Ltd;;;;;
Prescient Securities (Pty) Ltd;;;;;
Prescient Wealth Management (Pty) Ltd;;;;;
Presclean;;;;;
Presco Plc;;;;;
Presidency;;;;;
Presidency of the republic of TOGO;;;;;
Press Cane Limited;;;;;
Press Corporation Plc;;;;;
Press Council (The);;;;;
Press Support (Pty) Ltd;;;;;
Presscane Ltd;;;;;
Pressed In Time (Pty) Ltd;;;;;
Pressure Die Castings (Pty) Ltd;;;;;
Presta (Pty) Ltd;;;;;
prestclean.co.za;;;;;
Prestige Assurance Company Plc;;;;;
Prestige Bullion (RF) (Pty) Ltd;;;;;
Prestige Clothing (Pty) Ltd;;;;;
Presto Deliveries Egypt;;;;;
Pretcron Boerdery CC;;;;;
Pretoria Boeremark (Pty) Ltd;;;;;
Pretoria Boys High School;;;;;
Pretoria Dry Cleaners (Pty) Ltd;;;;;
Pretoria High School for Girls;;;;;
Pretoria North Sameday Surgical Centre Partnership;;;;;
Pretoria Society of Advocates;;;;;
Pretty Girl Fashion Group (SA) CC;;;;;
pretty24.com;;;;;
Prevail Engineering (Pty) Ltd;;;;;
Prexision Asset Finance (Pty) Ltd;;;;;
Prezence SA (Pty) Ltd;;;;;
Priceless Car Rental Holdings (Pty) Ltd;;;;;
Price's Candles (Pty) Ltd;;;;;
Price's Candles (South Africa) (Pty) Ltd;;;;;
PricewaterhouseCoopers Exordia (Pty) Ltd;;;;;
PriceWaterhouseCoopers Ghana Limited;;;;;
PricewaterhouseCoopers Inc;;;;;
Pride Microfinance Limited;;;;;
Pride Milling Company (Pty) Ltd;;;;;
Prieska Copper Mines Ltd;;;;;
Prifin MIB CC;;;;;
Prikell Clothing CC;;;;;
Prilla 2000 (Pty) Ltd;;;;;
Prima Reinsurance Plc;;;;;
Prima Toy and Leisure Trading (Pty) Ltd;;;;;
Primador South Africa (Pty) Ltd;;;;;
primaflowers.com;;;;;
Primagas CC;;;;;
Primall Media (Pty) Ltd;;;;;
Primarosa Flowers Limited;;;;;
PrimaryAsset Administrative Services (Pty) Ltd;;;;;
Prime Asset Managers (Pty) Ltd;;;;;
Prime Bank Ltd;;;;;
Prime Cleaning Suppliers CC;;;;;
Prime Cure Health (Pty) Ltd;;;;;
Prime Cure Wellness (Pty) Ltd;;;;;
Prime Gold Exploration Ltd;;;;;
Prime Holding for Financial Investments SAE;;;;;
Prime Insurance Ltd;;;;;
Prime Insurance Rwanda;;;;;
Prime Med Administrators (Pty) Ltd;;;;;
Prime Meridian Direct;;;;;
Prime Minister's Office Cameroon;;;;;
Prime Product Manufacturing (Pty) Ltd;;;;;
Prime Realty Obligors Packaged Securities (Pty) Ltd;;;;;
Prime Services FZE;;;;;
Prime Stars Marketing (Pty) Ltd;;;;;
Prime Talent (Pty) Ltd;;;;;
Primedia (Pty) Ltd;;;;;
Primedia Digital (Pty) Ltd;;;;;
Primedia Events (Pty) Ltd;;;;;
Primedia holdings (Pty) Ltd;;;;;
Primedia Instore;;;;;
Primedia Interactive (Pty) Ltd;;;;;
Primedia Interactive Properties (Pty) Ltd;;;;;
Primedia Lifestyle (Pty) Ltd;;;;;
Primedia Online (Pty) Ltd;;;;;
Primedia Outdoor;;;;;
Primemordius;;;;;
Primeserv Group Ltd;;;;;
PrimeTech Design and Engineering Nigeria Ltd;;;;;
PrimeTime Property Holdings Ltd;;;;;
Primi World;;;;;
Primi World (Pty) Ltd;;;;;
Primkop Airport Management (Pty) Ltd;;;;;
Primordium Ecotourism (Pty) Ltd;;;;;
Primusnumberus;;;;;
Princes Tuna (Mauritius) Ltd;;;;;
princes.co.uk;;;;;
princesmauritius.com;;;;;
Princess Emma (Pty) Ltd;;;;;
principalsacademy.co.za;;;;;
Principle Plastics (Pty) Ltd;;;;;
Print & Digital Media South Africa;;;;;
Printacom (Pty) Ltd;;;;;
Printafoil (Pty) Ltd;;;;;
Printing Craftsman's Association;;;;;
Printing Industries Federation of South Africa;;;;;
PRIONTEX;;;;;
Prior Learning Centre (Pty) Ltd;;;;;
Priorprops 22 (Pty) Ltd;;;;;
prisk.co.za;;;;;
Prism Architects (Pty) Ltd;;;;;
Prism Construction Company Ltd;;;;;
Prism Holdings (Pty) Ltd;;;;;
Prism Payment Technologies (Pty) Ltd;;;;;
Prisma Comms;;;;;
Prisma Investments (Pvt) Ltd;;;;;
prismacomms.co.za;;;;;
Pristine Laundry and Dry Cleaning Services CC;;;;;
Private Backend lead;;;;;
Private Commercial Mortgages (Pty) Ltd;;;;;
Private Consultants;;;;;
Private Health Administrators;;;;;
Private Property;;;;;
Private Residential Mortgages (RF) Ltd;;;;;
Private Security Industry Regulatory Authority;;;;;
PRN Advisory and Tax Services;;;;;
Pro Appointments;;;;;
Pro Helvetia Johannesburg;;;;;
Pro Immo Construction;;;;;
Pro Minerals (Cape) (Pty) Ltd;;;;;
Pro Paint Manufacturing (Pty) Ltd;;;;;
Pro Roof Steel and Tube (Pty) Ltd;;;;;
Pro Sano Medical Scheme;;;;;
Pro Solutions;;;;;
Proactive Employers' Association of South Africa;;;;;
Probe Integrated Mining Technologies (Pty) Ltd;;;;;
Probity bioresearch;;;;;
Problicity (Pty) Ltd;;;;;
Probrands (Pvt) Ltd (Zimbabwe);;;;;
procargo.co.za;;;;;
Proceed Group;;;;;
Process Automation;;;;;
Process Containment Solutions;;;;;
Process Sales (Pty) Ltd;;;;;
Proclare (Pty) Ltd;;;;;
ProComm Group;;;;;
Procomm Technologies;;;;;
Proconics;;;;;
Proconics1;;;;;
Proconstroi Mozambique Lda;;;;;
Proconsult Ltd;;;;;
ProCredit Bank Congo SARL;;;;;
Procter and Gamble Manufacturing SA (Pty) Ltd;;;;;
Procter and Gamble SA (Pty) Ltd;;;;;
Procul Ltd;;;;;
Procurement International (Pty) Ltd;;;;;
Procureworld (Pty) Ltd;;;;;
Prod U Star 154 CC;;;;;
Prod U Star CC;;;;;
Prodeco Engineering Ltd;;;;;
Prodigy Asset Management (Pty) Ltd;;;;;
Prodigy Finance;;;;;
Prodist (Pty) Ltd;;;;;
Product of the Year South Africa (Pty) Ltd;;;;;
Production Hub CC (The);;;;;
Production Management Institute of Southern Africa (Pty) Ltd;;;;;
Production Projects (Pty) Ltd;;;;;
productionhub.co.za;;;;;
Productivity SA;;;;;
productONE;;;;;
Produtrade (Pvt) Ltd;;;;;
Profeeds (Pvt) Ltd (Zimbabwe);;;;;
Profert (Pty) Ltd;;;;;
Professional Career Services;;;;;
Professional Cost Consultants (Pty) Ltd;;;;;
Professional Creative Learning Limited;;;;;
Professional Educators Union;;;;;
Professional Field Marketing (Pty) Ltd;;;;;
Professional Learning Centre Ltd (The);;;;;
Professional Pharmaceutical Marketing Services (Pty) Ltd;;;;;
Professional Provident Society Healthcare Administrators (Pty) Ltd;;;;;
Professional Provident Society Insurance Company Ltd (PPS);;;;;
Professional Provident Society Investments (Pty) Ltd;;;;;
Professional Provident Society Ltd;;;;;
Professional Provident Society Multi-Managers (Pty) Ltd;;;;;
Professional Speakers Association of Southern Africa (Masterminds);;;;;
Professional Transport and Allied Workers' Union of South Africa;;;;;
Profica (Pty) Ltd;;;;;
Profica Project Management (Pty) Ltd;;;;;
Profile Data Technology (Pty) Ltd;;;;;
Profile Software International (Pty) Ltd;;;;;
Proflight Commuter Services Ltd;;;;;
Pro-Flight Zambia;;;;;
Profmed Medical Scheme;;;;;
profmsa.co.za;;;;;
Profurn (Mozambique) Lda;;;;;
Profurn Ltd;;;;;
Programme for Capacity Development in Africa;;;;;
prograph.co.za;;;;;
Progress Software (Pty) Ltd;;;;;
Progress Trust (CPFA) Ltd;;;;;
Progression;;;;;
Progression Options;;;;;
Progressive Credit Limited;;;;;
Progroup Holdings (Pvt) Ltd (Zimbabwe);;;;;
Project codeX;;;;;
Project Northwards Share Block (Pty) Ltd;;;;;
Project Sugar Ltd;;;;;
ProjectLink;;;;;
Projects Concern;;;;;
Proko Ghana Ltd;;;;;
prolinelogistic;;;;;
Promac Paints (Pty) Ltd;;;;;
Promasidor (Benin) SA;;;;;
Promasidor (Ghana) Ltd;;;;;
Promasidor (Pvt) Ltd;;;;;
Promasidor (South Africa) (Pty) Ltd;;;;;
Promasidor Djazair Sarl;;;;;
Promasidor Kenya Ltd;;;;;
Promasidor Malawi Ltd;;;;;
Promasidor Nigeria Ltd;;;;;
Promasidor Tanzania Ltd;;;;;
Promasidor Zambia Ltd;;;;;
Promeal (Pty) Ltd;;;;;
ProMed;;;;;
Prominent Paints (Pty) Ltd;;;;;
Promise Group;;;;;
Promo-Corp Solutions CC;;;;;
promodc.co.za;;;;;
Promopharm SA;;;;;
Promotion and Development Ltd;;;;;
Promotion et Diversification Publicitaire Lte;;;;;
promptit.co.za;;;;;
Pronourish (Pvt) Ltd (Zimbabwe);;;;;
Pronto Global Air And Ocean Freight;;;;;
Pronto Technology LTD;;;;;
Propack Kenya Limited;;;;;
Propay Systems;;;;;
Property Development and Management Ltd;;;;;
Property Facilities Systems (Pvt) Ltd;;;;;
Property Fund Managers Ltd;;;;;
Property Management Team (Pty) Ltd (The);;;;;
Property Payment Solutions (Pty) Ltd;;;;;
Property Point;;;;;
Property Practitioners Regulatory Authority;;;;;
Property Referral Network (Pty) Ltd;;;;;
Property24 Publishing (Pty) Ltd;;;;;
Proplant Stainless Steel CC;;;;;
Proplastics Ltd;;;;;
Propmania 82 (Pty) Ltd;;;;;
Pro-Print (Pty) Ltd;;;;;
ProProcess;;;;;
ProServ South Africa;;;;;
Proserve Group SA;;;;;
proservegroup.co.za;;;;;
Prosimex Industrial Company Ltd;;;;;
Prosirius;;;;;
Prosound (Pty) Ltd;;;;;
pro-spec.co.za;;;;;
Prosperity Agencies;;;;;
Prosperity Funeral Administrators (Pty) Ltd;;;;;
Prosperity Life Ltd;;;;;
Prostart Investments 93 (Pty) Ltd;;;;;
Prosus N.V.;;;;;
Prosus Services B.V.;;;;;
ProSysCom;;;;;
Protarp Manufacturing (Pty) Ltd;;;;;
Protea Chemicals (Pty) Ltd (A Member of  the Omnia Group);;;;;
Protea Chemicals Namibia (Pty) Ltd;;;;;
Protea Electronics (Pty) Ltd;;;;;
Protea Furnishers (Namibia) (Pty) Ltd;;;;;
Protea Hospitality Group (Pty) Ltd;;;;;
Protea Hotel Group (Pty) Ltd;;;;;
Protea Hotels and Inns (Pty) Ltd;;;;;
Protea Hotels Empowerment Initiative (Pty) Ltd;;;;;
Protea Polymers East Africa Ltd;;;;;
proteamining.co.za;;;;;
Pro-Tech Fasteners (Pty) Ltd;;;;;
Protech Khuthele Holdings Ltd;;;;;
Protech Power Corp (Pty) Ltd;;;;;
Protectaire Properties (Pty) Ltd;;;;;
Proteus Capital (Pty) Ltd;;;;;
Protherm Systems (Pty) Ltd;;;;;
Proto Energy;;;;;
Protobac (Pty) Ltd;;;;;
Protocol Treasury Services (Pty) Ltd;;;;;
Pro-Touch Dies CC;;;;;
Proud Partners;;;;;
Proudly South African;;;;;
Provantage (Pty) Ltd;;;;;
Provicom Risk Solutions (Pty) Ltd;;;;;
Providence Consultants and Actuaries (Pty) Ltd;;;;;
Providence Healthcare Management (Pty) Ltd;;;;;
Providence Healthcare Risk Managers (Pty) Ltd;;;;;
Providence Risk Management Services (Pty) Ltd;;;;;
Providence Risk Managers (Pty) Ltd;;;;;
Providence Warehouse Co Ltd;;;;;
prowebbs;;;;;
Prowess Investment Managers (Pty) Ltd;;;;;
Proxa (Pty) Ltd;;;;;
prsadmin.co.za;;;;;
prsitsolutions.co.za;;;;;
Prudential Bank Ghana;;;;;
Prudential Investment Managers (South Africa) (Pty) Ltd;;;;;
Prudential Kenya;;;;;
Prudential Life Assurance Kenya;;;;;
Prudential Life Assurance Zambia;;;;;
Prudential Life Ghana;;;;;
Prudential Portfolio Managers (South Africa) (Pty) Ltd;;;;;
Prudential Portfolio Managers (South Africa) Life Ltd;;;;;
Prudential Uganda;;;;;
PS Kenya;;;;;
PSG Alpha Investments (Pty) Ltd;;;;;
PSG Asset Management (Pty) Ltd;;;;;
PSG Asset Management Holdings (Pty) Ltd;;;;;
PSG Capital (Pty) Ltd;;;;;
PSG Collective Investments Ltd;;;;;
PSG Corporate Services (Pty) Ltd;;;;;
PSG Financial Services Ltd;;;;;
PSG Fixed Income and Commodities (Pty) Ltd;;;;;
PSG Group Ltd;;;;;
PSG Invest Nominees (Pty) Ltd;;;;;
PSG Konsult Ltd;;;;;
PSG Konsult Securities (Pty) Ltd;;;;;
PSG Life Ltd;;;;;
PSG Management Services (Pty) Ltd;;;;;
PSG Nominees (Pty) Ltd;;;;;
PSG Private Equity Consortium (RF) (Pty) Ltd;;;;;
PSG Securities Ltd;;;;;
PSG Wealth Holdings;;;;;
PSI IT Services;;;;;
PSIRA;;;;;
Psitek (Pty) Ltd;;;;;
PSP ICON;;;;;
PSPF Eswatini;;;;;
PSV Holdings Limited;;;;;
PSV Holdings Ltd;;;;;
PSV Zambia Ltd;;;;;
Psybergate;;;;;
Psychai;;;;;
PT Operational Services (Pty) Ltd;;;;;
PTA Bank;;;;;
Ptbatteries;;;;;
ptclgroup.com;;;;;
PTN 113 Weltevreden (Pty) Ltd;;;;;
PTP Integrated;;;;;
ptrust.co.za;;;;;
ptsi.co.za;;;;;
Public Administration Leadership and Management Academy;;;;;
Public and Allied Workers Union of South Africa;;;;;
Public Ethos Consulting;;;;;
Public Health Association of South Africa;;;;;
Public Investment Corporation;;;;;
Public Investment Corporation SOC Ltd;;;;;
Public Protector SA;;;;;
Public Relations Society of Kenya;;;;;
Public Servants Association of South Africa;;;;;
Public Servants Movement;;;;;
Public Service Co-Ordinating Bargaining Council;;;;;
Public Service Education and Training Authority;;;;;
PUBLIC TREASURY;;;;;
Public Treasury Ivory Coast;;;;;
Publications Network (Pty) Ltd;;;;;
Publishers' Association of South Africa;;;;;
Publishers Support Services ;;;;;
Publishing Partnership (Pty) Ltd (The);;;;;
PULA;;;;;
Pula Capital Partners;;;;;
Pula Capital Partners (Pty) Ltd;;;;;
Pula Paper Products;;;;;
Puleng Technologies (Pty);;;;;
Pullmaflex Southern Africa (Pty) Ltd;;;;;
Pulplink Property Investments (Pty) Ltd;;;;;
Pulse Affordable Living (Pty) Ltd;;;;;
Pulse Holdings (Pty) Ltd;;;;;
Pulse Tiles & Sanware;;;;;
Puma Energy Cote d'Ivoire SA;;;;;
Puma Energy DRC;;;;;
Puma Energy International B.V., Ams;;;;;
Puma Energy Malawi Ltd;;;;;
Puma Energy Mozambique Lda;;;;;
Puma Energy Namibia (Pty) Ltd;;;;;
Puma Energy Procurement South Africa (Pty) Ltd;;;;;
Puma Energy Services South Africa (Pty) Ltd;;;;;
Puma Energy South Africa (Pty) Ltd;;;;;
Puma Energy Tanzania Ltd;;;;;
Puma Energy Zambia Plc;;;;;
Puma Energy Zimbabwe;;;;;
Puma International Congo SA - Brazzaville;;;;;
Puma International Congo SA - Pointe Noire;;;;;
Puma Sports Distributors (Pty) Ltd;;;;;
Puma Sports S A (Pty) Ltd;;;;;
Puma Technologies CC;;;;;
Pumangol Lda;;;;;
Pupkewitz Motors;;;;;
Pure Oil Industries (Pvt) Ltd;;;;;
Pure Trading Projects;;;;;
Pureau Fresh Water Company (Pty) Ltd;;;;;
Puregas (Pty) Ltd;;;;;
Purely Decadent;;;;;
Purple blue;;;;;
Purple Group Ltd;;;;;
Purple Infinity (Pty) Ltd;;;;;
Puruma Boerdery CC;;;;;
PUTCO (Pty) Ltd;;;;;
Putprop Ltd;;;;;
Putshana;;;;;
PV Engineering (South Africa) (Pty) Ltd;;;;;
PW Ghana Ltd;;;;;
PW Nigeria Ltd;;;;;
Pwani Oil Group Limited;;;;;
Pwani Oil Products Ltd;;;;;
PwC;;;;;
PwC Francophone Africa;;;;;
PwC Kenya;;;;;
PwC Zambia;;;;;
Pybus 108 (Pty) Ltd;;;;;
Pybus 97 (Pty) Ltd;;;;;
Pybus Eighty-Five (Pty) Ltd;;;;;
Pybus Fifty-Eight (Pty) Ltd;;;;;
Pybus Fifty-Seven (Pty) Ltd;;;;;
Pybus Seventy-Nine (Pty) Ltd;;;;;
Pybus Sixty-One (Pty) Ltd;;;;;
Pybus Sixty-Two (RF) (Pty) Ltd;;;;;
Pyramisa Hotels & Resorts SAE;;;;;
Pyraned (Pty) Ltd;;;;;
Pyromet Technologies (Pty) Ltd;;;;;
Pyrotek Africa (Pty) Ltd;;;;;
Pyrotek Engineering Materials (Pty) Ltd;;;;;
PZ Cussons East Africa Ltd;;;;;
PZ Cussons Ghana Ltd;;;;;
PZ Cussons Nigeria Plc;;;;;
PZ Power Company Ltd;;;;;
PZ Tower Ltd;;;;;
PZ Wilmar Food Ltd;;;;;
PZ Wilmar Ltd;;;;;
Q Link;;;;;
Q2Q Properties (Pty) Ltd;;;;;
Q400 Leasing (Pty) Ltd;;;;;
Qakazana Investment Holdings (Pty) Ltd;;;;;
Qalaa Holdings SAE;;;;;
Qantas Airways Ltd;;;;;
Qatar Airways Q.C.S.C;;;;;
QCF Design (Pty) Ltd;;;;;
QCK Lezmin 4321 CC;;;;;
QCK Lezmin 4648 CC;;;;;
Qcto;;;;;
QEC (Pty) Ltd;;;;;
QED Actuaries and Consultants (Pty) Ltd;;;;;
Q-Ed Enterprises (Pty) Ltd;;;;;
QHL;;;;;
QI Logistics (Pty) Ltd;;;;;
qinile.co.za;;;;;
Qinsile Construction Service (Pty) Ltd;;;;;
QK Meats SA (Pty) Ltd;;;;;
QK Meats South Africa;;;;;
Q-KON;;;;;
q-mail.co.za;;;;;
Q-Meats CC;;;;;
QMS Consulting (Pty) Ltd;;;;;
QMuzik Technologies (Pty) Ltd;;;;;
QNB Alahli SAE;;;;;
qobusa.co.za;;;;;
Q-Pet (Pty) Ltd;;;;;
qplas.com;;;;;
qsd.co.za;;;;;
QSR International Pty Ltd;;;;;
Quadpara Association of South Africa;;;;;
Quadrem Africa (Pty) Ltd;;;;;
Quadridge Trust Services;;;;;
Quali Health Care Group (Pty) Ltd;;;;;
Qualichem (Pty) Ltd;;;;;
Qualitas Career Academy;;;;;
Quality Assured Auto;;;;;
Quality Beverages 2000 (Pty) Ltd;;;;;
Quality Beverages JHB (Pty) Ltd;;;;;
Quality Beverages Ltd;;;;;
Quality Chemicals Industries Limited;;;;;
Quality Chemicals Limited;;;;;
Quality Group Ltd;;;;;
Quality Insurance Company;;;;;
Quality Sugars (Pty) Ltd;;;;;
Quality Time Marketing (Pty) Ltd;;;;;
Quality Tyres Namibia (Pty) Ltd;;;;;
Qualtrics International Inc.;;;;;
qualys;;;;;
Quantec Capital Management (Pty) Ltd;;;;;
Quantified Living (Pty) Ltd;;;;;
Quantum Energy CC;;;;;
Quantum Foods (Pty) Ltd;;;;;
Quantum Foods Holdings Ltd;;;;;
Quantum Foods Uganda Ltd;;;;;
Quantum Leap Investments 439 (Pty) Ltd;;;;;
Quantum Liability Underwriting Managers (Pty) Ltd;;;;;
Quantum Property Group Ltd;;;;;
Quantum Publishers (Pty) Ltd;;;;;
Quarphix;;;;;
Quarry Cats (Pty) Ltd;;;;;
Quarry Cats 126 Jan Van Riebeeck Street (Pty) Ltd;;;;;
Quarry Cats 19 Duncan Drive (Pty) Ltd;;;;;
Quarry Cats Lesotho (Pty) Ltd;;;;;
Quarry Cats Mining License Laezonia (Pty) Ltd;;;;;
Quarry Cats Modderfontein Farm (Pty) Ltd;;;;;
Quartile Captial (Pty) Ltd;;;;;
Quarto Nominees (Pty) Ltd;;;;;
Quay Group;;;;;
Qubed POS;;;;;
Qubeka Mining Consultants;;;;;
Qubitx;;;;;
Queen Mashaba;;;;;
Queen Wendy;;;;;
Queen's University Belfast;;;;;
Queensgate Hotel & Leisure Ltd;;;;;
Queensgate Leisure Holdings (Pty) Ltd;;;;;
Queenspark (Pty) Ltd;;;;;
Quest Flexible Staffing Solutions (Pty) Ltd;;;;;
Quest Research Services (Pty) Ltd;;;;;
Quest Staffing Solutions (Pty) Ltd;;;;;
Questionmark Computing Ltd;;;;;
Quick Pools CC;;;;;
Quick T T-Shirt Printing;;;;;
Quickcut Pre Press Network S A (Pty) Ltd;;;;;
Quickvest 130 (Pty) Ltd;;;;;
Quigleys' Candles CC;;;;;
Quiksilver;;;;;
Quince Capital (Pty) Ltd;;;;;
Quintax 31 CC;;;;;
Quintica;;;;;
Quintica Group;;;;;
Quintiles (Pty) Ltd;;;;;
Quintiles Clindata (Pty) Ltd;;;;;
Quintiles Clindepharm (Pty) Ltd;;;;;
Quintiles Commercial South Africa (Pty) Ltd;;;;;
Quintiles South Africa (Pty) Ltd;;;;;
Quipfin (Pty) Ltd;;;;;
Quisisana (Pty) Ltd;;;;;
Quizzical Pictures (Pty) Ltd;;;;;
Qunu Staffing;;;;;
Quton Seed Company (Pvt) Ltd;;;;;
Quton Tanzania (Pvt) Ltd;;;;;
Qwa-Qwa Wire Products (Pty) Ltd;;;;;
R A Consulting Services Zambia Ltd;;;;;
R A Gilbert (Pty) Ltd;;;;;
R and B Timbers (Pty) Ltd;;;;;
R and E Clothing CC;;;;;
R and H Rail (Pty) Ltd;;;;;
R Assam;;;;;
R Cox ;;;;;
R E D Graniti SA (Pty) Ltd;;;;;
R G C Engineering (Pty) Ltd;;;;;
R Gordon;;;;;
R I H Investments (Pty) Ltd;;;;;
R P M Catering and Equipment Hire CC;;;;;
R Properties (Pty) Ltd;;;;;
R T Briscoe (Nigeria) Plc;;;;;
R&A Strategic Communications;;;;;
R&L Architects (Pty) Ltd;;;;;
R.E.A.L. Garments Ltd;;;;;
ra.co.za;;;;;
RAA Limited;;;;;
Rabie Property Group (Pty) Ltd;;;;;
Rabobank;;;;;
Rabro and Sturdy Products CC;;;;;
Racec Group Ltd;;;;;
Racorpac Holdings (Pty) Ltd;;;;;
racter.co.za;;;;;
Radar Holdings Ltd;;;;;
Raddison Group;;;;;
Radeen Fashions (Pty) Ltd;;;;;
Radford House School;;;;;
Radiant Group (Pty) Ltd;;;;;
Radiant Insurance Company;;;;;
Radiant Lighting;;;;;
Radical Cloud Solutions;;;;;
Radical Sports Gear CC;;;;;
Radio Africa Group;;;;;
Radio Heart 104 9 (Pty) Ltd;;;;;
Radio iGagasi 99 5 (Pty) Ltd;;;;;
Radiological Society of South Africa;;;;;
Radiometer;;;;;
Radisson Blu;;;;;
Radisson Hospitality South Africa (Pty) Ltd;;;;;
Radisson Hotels;;;;;
Radley Private Schools;;;;;
Radnor en Kington Boerdery CC;;;;;
RADO Civil (Pty) Ltd;;;;;
Raffles Fourth Ltd;;;;;
Raffles Third Ltd;;;;;
Rafiki Microfinance Bank;;;;;
Rafiki Microfinance Bank Ltd;;;;;
rag.co.za;;;;;
Rage Distribution (Pty) Ltd;;;;;
Ragolis Waters Nigeria Ltd;;;;;
Ragon Industries (Pty) Ltd;;;;;
Rahab;;;;;
Rail 2 Rail (Pty) Ltd;;;;;
Railcor (Pty) Ltd;;;;;
railfurn.co.za;;;;;
Railroad Association of South Africa;;;;;
Railway Furnishers (Pty) Ltd;;;;;
Railway Safety Regulator (The);;;;;
Rain (Pty) Ltd;;;;;
Rain Africa Innovations (Pty) Ltd;;;;;
Rainbow Construction (Pty) Ltd;;;;;
Rainbow Hotel Mozambique Ltd;;;;;
Rainbow Nappies CC;;;;;
Rainbow Nations Community Towers (Pty) Ltd;;;;;
Rainbow Pepper Trading 61 (Py) Ltd;;;;;
Rainbow Rare Earths Ltd;;;;;
Rainbow Technology Services;;;;;
Rainbow Tourism Group (Zambia) Ltd;;;;;
Rainbow Tourism Group Ltd;;;;;
Rainbowtech;;;;;
Raintree;;;;;
Raisebore Rental (Pty) Ltd;;;;;
Raiser Resource Group;;;;;
Raiz;;;;;
Raizcorp;;;;;
Rak Unity Petroleum Company Plc;;;;;
Rake Investments (Pty) Ltd;;;;;
Rakevest Eight (Pty) Ltd;;;;;
Rakevest Seven (RF) (Pty) Ltd;;;;;
Rakta Paper Manufacturing Company;;;;;
Rallen (Pty) Ltd;;;;;
Rallis India Ltd;;;;;
Ralph's Mirror and Glass (Pty) Ltd;;;;;
Ram Fasteners (Pty) Ltd;;;;;
RAM Hand to Hand Couriers;;;;;
Ram Transport (South Africa) (Pty) Ltd;;;;;
Rama Construction Plc;;;;;
Ramagale Holdings (Pty) Ltd;;;;;
Ramani;;;;;
Ramani Geosystems Ltd;;;;;
RAMASCAN (Pty) Ltd;;;;;
Ramathe Inc;;;;;
Ramco;;;;;
Ramco Group;;;;;
Ramco Group Limited;;;;;
Ramco Systems;;;;;
ramgroup.co.za;;;;;
Ramiweb (Pty) Ltd;;;;;
RAMJACK;;;;;
Rampa Ltd;;;;;
Rampage Clothing (Pty) Ltd;;;;;
Ramsay Engineering;;;;;
Ramsay Media (Pty) Ltd;;;;;
ramulongoaccountants.co.za;;;;;
Ramutsa Rail CC;;;;;
Ranamane Mokalane Inc;;;;;
Ranbaxy;;;;;
Ranbaxy (SA) (Pty) Ltd;;;;;
Ranbaxy Nigeria Ltd;;;;;
Ranbaxy Pharmaceuticals (Pty) Ltd;;;;;
Rand Agri (Pty) Ltd;;;;;
Rand Aid Association;;;;;
Rand Air South Africa (Pty) Ltd;;;;;
Rand Consolidated Construction (Pty) Ltd;;;;;
Rand Consolidated Financial Services (Pty) Ltd;;;;;
Rand Consolidated Holdings (Pty) Ltd;;;;;
Rand Consolidated Investments (Pty) Ltd;;;;;
Rand Consolidated Property Holdings (Pty) Ltd;;;;;
Rand Data Forms (Pty) Ltd;;;;;
Rand Leases (Vogelstruisfontein) Gold Mining Company Ltd;;;;;
Rand Merchant Bank - Nigeria;;;;;
Rand Merchant Bank (RMB) Botswana;;;;;
Rand Merchant Bank, a division of FirstRand Bank Limited;;;;;
Rand Merchant Investment Holdings Ltd;;;;;
Rand Merchant Nominees (Pty) Ltd;;;;;
Rand Mutual Admin Services (Pty) Ltd;;;;;
Rand Mutual Assurance Company Ltd (RMA);;;;;
Rand Oil (Pty) Ltd;;;;;
Rand Refinery;;;;;
Rand Refinery (Pty) Ltd;;;;;
Rand Uranium (Pty) Ltd;;;;;
Rand Water;;;;;
Rand West City Local Municipality;;;;;
Randfontein Local Municipality;;;;;
Randgold and Exploration Company Ltd;;;;;
Randgold Resources Ltd;;;;;
Random House Struik (Pty) Ltd;;;;;
Random Logic (Pty) Ltd;;;;;
Range And Rain Trading Enterprise (Pty) Ltd;;;;;
Rank Interactive Services (Mauritius) Limited;;;;;
Rapfund (Pty) Ltd;;;;;
Rapfund Holdings (Pty) Ltd;;;;;
Rapfund Investments (Pty) Ltd;;;;;
Rapid Allweiler Pump and Engineering Company (Pty) Ltd;;;;;
Rapid Blue;;;;;
Rapid Freight;;;;;
Rapid Spill Response CC;;;;;
Rapid Sport CC;;;;;
Rapiprop 174 (Pty) Ltd;;;;;
Rapiprop 89 (Pty) Ltd;;;;;
Rapivest 4 (Pty) Ltd;;;;;
Rapivest 46 (Pty) Ltd;;;;;
Rapivest 56 (Pty) Ltd;;;;;
RARE Holdings (Pty) Ltd;;;;;
rarearth.co.za;;;;;
RASA Recycling;;;;;
Rashomon Investments (Pty) Ltd;;;;;
Rasimu Ltd;;;;;
Raslouw Darul Baraka Association;;;;;
Ratata Logistics No 2 (Pty) Ltd;;;;;
Ratehang Projects CC;;;;;
Ratlou;;;;;
ratlou local municipality;;;;;
Rattan Direct Ltd;;;;;
Raubex (Pty) Ltd;;;;;
Raubex Construction Zambia Ltd;;;;;
Raubex Group Ltd;;;;;
Raumix Aggregates (Pty) Ltd;;;;;
Raumix Aggregates Pty;;;;;
Ravasia Petroleum Limited;;;;;
ravasiapetroleum.com;;;;;
Raven Energy Ltd;;;;;
Ravenswood House (Pty) Ltd;;;;;
Ravhuyani Construction and Projects CC;;;;;
RAW;;;;;
RawBank;;;;;
Rawson Property Group;;;;;
rawsonproperties.com;;;;;
Ray Nkonyeni Municipality;;;;;
Ray Wilson Productions (Pty) Ltd;;;;;
Raya Holding for Financial Investments SAE;;;;;
Raylene Design (Pty) Ltd;;;;;
raysonshipping;;;;;
RAZ Branding;;;;;
RB Clothing Projects CC;;;;;
RBA Holdings Ltd;;;;;
RBF Technology (Pty) Ltd;;;;;
RBNDT Management Services Company (Pty) Ltd;;;;;
RBS Health and Wealth (Pty) Ltd;;;;;
RBS Health Management (Pty) Ltd;;;;;
RBS Insurance Administration Services (Pty) Ltd;;;;;
rbwfintech;;;;;
RC and C Manufacturing Company (Pty) Ltd;;;;;
RC Fenner Holdings (Pty) Ltd;;;;;
rcf.co.za;;;;;
RCI (Zimbabwe) (Pvt) Ltd;;;;;
RCL Foods Consumer (Pty) Ltd;;;;;
RCL Foods Ltd;;;;;
RCL Foods Sugar and Milling (Pty) Ltd;;;;;
RCL Foods Treasury (Pty) Ltd;;;;;
RCL Group Services (Pty) Ltd;;;;;
rclfoods.co.za;;;;;
rcmin.co.za;;;;;
rcomext.com;;;;;
RCS Cards (Pty) Ltd;;;;;
RCS Collections (Pty) Ltd;;;;;
RCS Home Loans (Pty) Ltd;;;;;
RCS Mining Supplies (Pty) Ltd;;;;;
RDC Gases & Welding SPRL;;;;;
RDC Properties Ltd;;;;;
rdconsulting.co.za;;;;;
RDI Communications;;;;;
RDI REIT Plc;;;;;
RDK Consulting;;;;;
RDP Distribution Enterprises CC;;;;;
RE 32 Randjesfontein Investments (Pty) Ltd;;;;;
R-E Four Nought Two Wadeville (Pty) Ltd;;;;;
REA Vipingo Plantations Ltd;;;;;
Reacap Financial Investments SAE;;;;;
Reach Africa Birding & Getaways;;;;;
READ Educational Trust;;;;;
Read Swatman and Voigt (Pty) Ltd;;;;;
Reagola;;;;;
Reakgona Group;;;;;
reakgonagroup.com;;;;;
Real Africa Holdings Ltd;;;;;
Real Beverage Company (Pty) Ltd (The);;;;;
Real Connect;;;;;
Real Estate Egyptian Consortium SAE;;;;;
Real Estate Investments Zambia Plc;;;;;
Real Futures (Pty) Ltd;;;;;
Real IRM;;;;;
Real People (Pty) Ltd;;;;;
Real People Home Finance;;;;;
Real People Investment Holdings Ltd;;;;;
Real People Kenya Ltd;;;;;
Real Promotions;;;;;
Real Telematics;;;;;
Real Wise Trading (Pty) Ltd;;;;;
RealFin Global;;;;;
Realfin Trustee Services (Pty) Ltd;;;;;
realfoodsgroup.com;;;;;
Really Great Brand Company (Pty) Ltd (The);;;;;
realnet.co.sz;;;;;
Realtime Finance (Pty) Ltd;;;;;
Realtime Financial Solutions (Pty) Ltd;;;;;
Realty Dynamix 8 (Pty) Ltd;;;;;
Realty One International Property Group (Pty) Ltd;;;;;
Reatile Gaz (Pty) Ltd;;;;;
Reatile-Redigas (Pty) Ltd;;;;;
Rebel Safetygear (Pty) Ltd;;;;;
Rebel Tech CC;;;;;
rebinc.co.za;;;;;
Rebosis Property Fund Ltd;;;;;
Reboss Awnings CC;;;;;
Rech Management center;;;;;
Reckitt Benckiser Services Kenya Ltd;;;;;
Reckitt Benckiser South Africa (Pty) Ltd;;;;;
Reclamation Group (Pty) Ltd (The);;;;;
Reclite SA (Pty) Ltd;;;;;
RECM and Calibre Ltd;;;;;
Recoil (Pty) Ltd;;;;;
Recon Properties (Pty) Ltd;;;;;
Record Stone Crushers CC;;;;;
Recording Industry South Africa;;;;;
Recruit Digital;;;;;
RecruitCo;;;;;
Rectron (Pty) Ltd;;;;;
Rectron Capital (Pty) Ltd;;;;;
Recycling Solutions (Pty) Ltd;;;;;
Red & Yellow;;;;;
Red & Yellow School;;;;;
Red Alert TSS (Pty) Ltd;;;;;
Red Bull South Africa (Pty) Ltd;;;;;
Red Cherry Interactive;;;;;
Red Coral Investments 23 (Pty) Ltd;;;;;
Red Dot Distribution Limited;;;;;
Red Edge Solutions;;;;;
Red Edge Solutions (Pty) Ltd;;;;;
Red Espresso;;;;;
Red Human Capital;;;;;
Red Igloo Music Publishing CC;;;;;
RED Management Consultants;;;;;
Red Meat Abattoir Association (The);;;;;
Red Meat Producers Organisation;;;;;
Red Olive Consulting;;;;;
Red Pepper Book Distributors CC;;;;;
Red Pepper Pictures (Pty) Ltd;;;;;
Red Ribbon Communications;;;;;
Red Rocket South Africa;;;;;
Red Sea Gateway Terminal Company Ltd;;;;;
Red Seal Manufacturers (Pty) Ltd;;;;;
Red Star Express Plc;;;;;
Red View Investments (Pty) Ltd;;;;;
Redan Petroleum (Pvt) Ltd;;;;;
Redbridge Investments Ltd;;;;;
Redbul Amaphiko Foundaton;;;;;
Redbull;;;;;
Redefine Commercial (Pty) Ltd;;;;;
Redefine Properties International Ltd;;;;;
Redefine Properties Ltd;;;;;
Redefine Properties Opco (Pty) Ltd;;;;;
Redefine Retail (Pty) Ltd;;;;;
redfield.co.za;;;;;
Redgwoods Holdings (Pty) Ltd;;;;;
Redhill School;;;;;
redhillunion.co.za;;;;;
Redhouse 1 Property (Pty) Ltd;;;;;
Redhouse 8 Property (Pty) Ltd;;;;;
Redington Kenya;;;;;
redingtongulf.com;;;;;
Rediy;;;;;
Redknee South Africa (Pty) Ltd;;;;;
RedPanda Software;;;;;
REDPATH MINING;;;;;
Redpath Mining ;;;;;
redpathminning.com;;;;;
RedScreen;;;;;
Redsim Building Construction CC;;;;;
Redt Energy (South Africa) (Pty) Ltd;;;;;
Reduce.com;;;;;
Reed Events Management (Pty) Ltd;;;;;
Reed Exhibitions (Pty) Ltd;;;;;
Reed Exhibitions Group (Pty) Ltd;;;;;
Reed Simpson Civil Engineering Contractors CC;;;;;
Reed Simpson Properties CC;;;;;
Reeds Motor Group;;;;;
reedsimp.co.za;;;;;
Reef Construction Machinery Company (Pty) Ltd;;;;;
Reef Tankers;;;;;
Reef Tankers (Pty) Ltd;;;;;
Reeflite (Pty) Ltd;;;;;
Reel Mada SA;;;;;
Reelanalytics;;;;;
ReelAnalytics;;;;;
Reepon Trading (Pty) Ltd;;;;;
reeves.co.za;;;;;
Refinery Post Production Facilities (Pty) Ltd (The);;;;;
Refinitiv;;;;;
Reflect-All 1105 CC;;;;;
Reflex Investments (Pty) Ltd;;;;;
Reflex Property Partners (Pty) Ltd;;;;;
Refractory and Metallurgical Solutions;;;;;
RefreshhhZA;;;;;
Refriango SA;;;;;
Refrigerantes Vumba Lda;;;;;
Refrigeration Solutions;;;;;
Regal Distributors;;;;;
Regal Distributors SA (Pty) Ltd;;;;;
Regal Nutrients (Pty) Ltd;;;;;
regal paints uganda;;;;;
Regalconsult;;;;;
Regarding Capital Management (Pty) Ltd;;;;;
Regen Waters CC;;;;;
Regency Alliance Insurance Company Plc;;;;;
Regency Alliance Insurance Ltd;;;;;
Regency Promotions and Embroidery CC;;;;;
RegencyNem Insurance Ghana Ltd;;;;;
Regenesys Management;;;;;
Regenesys Management (Pty) Ltd;;;;;
Regenorganics;;;;;
Regent Business School (Pty) Ltd;;;;;
Regent Insurance Botswana (Pty) Ltd;;;;;
Regent Insurance Company Ltd;;;;;
Regent Life Assurance Company Ltd;;;;;
Regent Life Botswana (Pty) Ltd;;;;;
Regent Life Zambia Ltd;;;;;
RegimA International Skin Treatments CC;;;;;
Regiments Securities Ltd;;;;;
Regro Technology (Pty) Ltd;;;;;
Regus;;;;;
Regus International Holdings BV;;;;;
Regus Management Group (Pty) Ltd;;;;;
REH Operations and Maintenance (Pty) Ltd;;;;;
REH Project Development (Pty) Ltd;;;;;
REHAU Industries (Pty) Ltd;;;;;
REHAU Polymer (Pty) Ltd;;;;;
REHM Grinaker;;;;;
Rehm Grinaker Construction Company Ltd;;;;;
Reichmans Holdings (Pty) Ltd;;;;;
Reinet Advisors (SA) (Pty) Ltd;;;;;
Reinet Investments SCA;;;;;
Reinforcing & Allied Industries (Namibia) (Pty) Ltd;;;;;
Reinforcing Steel Contractors (Pty) Ltd;;;;;
Reinhardt Transport Group;;;;;
Reinol-Janek Chemicals (Pty) Ltd;;;;;
Reinsurance Consultants & Intermediaries (Namibia) (Pty) Ltd;;;;;
Rekaofela Refractory Services (Pty) Ltd;;;;;
Rekindle Learning;;;;;
Releaf;;;;;
relevancy.co.za;;;;;
Reliable Transformers CC;;;;;
Reliance Group Trading (Pty) Ltd;;;;;
Reliancecloud;;;;;
Relianz Foods PTY LTD;;;;;
Relief Medical (Pty) Ltd;;;;;
reliefmedsupplies.com;;;;;
RELX (Pty) Ltd;;;;;
RELX INC.;;;;;
Rely precision Castings (Pty) Ltd;;;;;
Relyant Life Assurance Company Ltd;;;;;
Relyant Retail (Swaziland) (Pty) Ltd;;;;;
REMA TIP TOP Automotive (Pty) Ltd;;;;;
REMA TIP TOP Holding South Africa (Pty) Ltd;;;;;
REMA TIP TOP South Africa (Pty) Ltd;;;;;
REMA TIP TOP Surface Protection (Pty) Ltd;;;;;
REMA TIP TOP Training Foundation (Pty) Ltd;;;;;
Remade Holdings (Pty) Ltd;;;;;
Remade Printing and Publishing Recycling (Pty) Ltd;;;;;
Remant Alton Land Transport (Pty) Ltd;;;;;
Rembrandt Tobacco Corporation (Overseas) Ltd;;;;;
Remco Tourism Villages Construction SAE;;;;;
Remgro Finance Corporation (Pty) Ltd;;;;;
Remgro International Holdings (Pty) Ltd;;;;;
Remgro Investment Corporation (Pty) Ltd;;;;;
Remgro Loan Corporation (Pty) Ltd;;;;;
Remgro Ltd;;;;;
Remgro Management Services Ltd;;;;;
Remgro South Africa (Pty) Ltd;;;;;
Remgro-Capevin Investments (Pty) Ltd;;;;;
Remhoogte Wine Estate;;;;;
Remito Frazao Magaia;;;;;
REMMY;;;;;
Remont (Pty) Ltd;;;;;
Remote Drilling Services Botswana;;;;;
Remote Exploration Services (Pty) Ltd;;;;;
Remu Microfinance Bank Ltd;;;;;
Remz;;;;;
Rena Scott;;;;;
Renaicance Consultants CC;;;;;
Renaissance Asset Managers (South Africa) (RF) (Pty) Ltd;;;;;
Renaissance Ontwikkelings (Pty) Ltd;;;;;
RENAISSANCE SA RATING;;;;;
Renaissance Securities Holdings (SA) (Pty) Ltd;;;;;
renaissance-pty.co.za;;;;;
Renasa Insurance Company Ltd;;;;;
Renault Group;;;;;
Renault Maroc;;;;;
Renault South Africa (Pty) Ltd;;;;;
Renbid Travel (Pty) Ltd;;;;;
Rencap Securities (Pty) Ltd;;;;;
Renergen Ltd;;;;;
Renergy Technologies (Pty) Ltd;;;;;
Renewable Energy Debt Finance (RF) (Pty) Ltd;;;;;
Renewable Energy Investments SA RF (Pty) Ltd;;;;;
Ren-Form cc;;;;;
Renfreight (Pty) Ltd;;;;;
Renico Plant Hire (Pty) Ltd;;;;;
Renmere Transaction & Tax Advisory;;;;;
Rennie Murray and Company (Pty) Ltd;;;;;
Rennies Distribution Services (Pty) Ltd;;;;;
Rennies Foreign Exchange Botswana (Pty) Ltd;;;;;
Rennies Foreign Exchange Malawi;;;;;
Rennies Property Holdings (Pty) Ltd;;;;;
Rennies Ships Agency (Pty) Ltd;;;;;
Rennies Travel (Pty) Ltd;;;;;
renniesbcdtravel.com;;;;;
Renosterberg Local Municipality;;;;;
renovati.co.za;;;;;
Renprop (Pty) Ltd;;;;;
Rent-A-Drum;;;;;
Rent-A-Store (Pty) Ltd;;;;;
Rentco Africa Limited;;;;;
RentMyRide (Pty) Ltd;;;;;
Rentokil Initial (Pty) Ltd;;;;;
Rentokil Initial Dikapi JV (Pty) Ltd;;;;;
Rentokil Initial Investments South Africa;;;;;
Rentrak (Pty) Ltd;;;;;
Renttech South Africa (Pty) Ltd;;;;;
Renttemp SA Planthire (Pty) Ltd;;;;;
Rentworks Africa (Pty);;;;;
RentWorks Africa (Pty) Limited;;;;;
Rentworks Africa (Pty) Ltd;;;;;
Renwick C & P Business Brokers CC;;;;;
renz.onl;;;;;
Repelectric (Kenya) Ltd;;;;;
repli8.co.bw;;;;;
Replic8 Cloud Services;;;;;
Reptile Investment Nine (Pty) Ltd;;;;;
Reptile Investment Ten (Pty) Ltd;;;;;
Reptile Uranium Namibia (Pty) Ltd;;;;;
Republic Bank Ghana;;;;;
Republic Bus & Truck;;;;;
Republic Computer Services (Pty) Ltd;;;;;
Republic of Mozambique Pipeline Investments Company (Pty) Ltd;;;;;
REREC;;;;;
res.co.sz;;;;;
Re-Sa;;;;;
Research Institute for Innovation and Sustainability (Pty) Ltd (The);;;;;
Research International;;;;;
Research International (South Africa) (Pty) Ltd;;;;;
Reserve Bank of Zimbabwe;;;;;
Resident Nominees (Pty) Ltd;;;;;
Residentia Foundation;;;;;
Residual Asset Value Investments (Pty) Ltd;;;;;
Residual Debt Services Ltd;;;;;
Resilient Properties (Pty) Ltd;;;;;
Resilient REIT Ltd;;;;;
RESILIENT SERVERS AND NETWORKS;;;;;
Resinkem (Pty) Ltd;;;;;
Resolute Mining Ltd;;;;;
Resolution Circle;;;;;
Resolution Insurance Kenya;;;;;
Resolux Africa (Pty) Ltd;;;;;
Resolve Immix (Pty) Ltd;;;;;
Resolve Optima (Pty) Ltd;;;;;
Resolve Red (Pty) Ltd;;;;;
Resolve Solution Partners (Pty) Ltd;;;;;
Resort Savings & Loans Plc;;;;;
Resource Associates Limited;;;;;
Resource Environmental Solutions;;;;;
Resource Generation Ltd;;;;;
Resourgenix;;;;;
Respitek (Pty) Ltd;;;;;
Respublica (Pty) Ltd;;;;;
Rest and Retire Travel and Tours (Pty) Ltd;;;;;
Rest Assured Group (Pty) Ltd;;;;;
Restaurant Association of South Africa (The);;;;;
Restonic (Pty) Ltd;;;;;
Restonic Mattresses;;;;;
Retail Apparel Group Ltd;;;;;
Retail Bank (STB);;;;;
Retail Capital;;;;;
Retail Capital SA;;;;;
Retail Holdings Botswana (Pty) Ltd;;;;;
Retail Motor Industry Organisation;;;;;
Retail Plus Consultancy;;;;;
Retail Supermarkets Nigeria Ltd;;;;;
Retailability;;;;;
Retailability (Pty) Ltd;;;;;
RetailNext;;;;;
retalabolity.co.za;;;;;
retalality.co.za;;;;;
Retfin 211 (Pty) Ltd;;;;;
Retfin 212 (Pty) Ltd;;;;;
Rethink Management Consulting;;;;;
Retirement Online Fund;;;;;
Retro Rabbit;;;;;
RetroEpic Software CC;;;;;
Retroviral Digital Communications;;;;;
Retsol (Pty) Ltd;;;;;
Retsol Stores (Pty) Ltd;;;;;
Reunert Connect;;;;;
Reunert Finance Company (Pty) Ltd;;;;;
Reunert Ltd;;;;;
Reutech;;;;;
Reutech Radar Systems;;;;;
Reuters Events;;;;;
Rev Mehana;;;;;
Revelation Consulting;;;;;
Revenue Services Lesotho;;;;;
Reverside;;;;;
Revert Risk Management Solutions (Pty) Ltd;;;;;
Revin Zambia Limited;;;;;
Reviva Technology (Pty) Ltd;;;;;
Revival;;;;;
Revive Electrical Transformers (Pty) Ltd;;;;;
Revlon;;;;;
Revlon South Africa (Pty) Ltd;;;;;
Rewardsco Sales (Pty) Ltd;;;;;
rewardsco.co.za;;;;;
Rex Trueform Group Ltd;;;;;
Rexe Roofing Products Ltd.;;;;;
Rexview Investments (Pty) Ltd;;;;;
Rexxon (Pty) Ltd;;;;;
Rexxon Agri SA (Pty) Ltd;;;;;
Rexxon Atlantis Storage Facility (Pty) Ltd;;;;;
Rexxon Development (Pty) Ltd;;;;;
Rexxon Energy (Pty) Ltd;;;;;
Rexxon Green Fuels (Pty) Ltd;;;;;
Rexxon Holdings (Pty) Ltd;;;;;
Rexxon International (Pty) Ltd;;;;;
Rexxon Logistics (Pty) Ltd;;;;;
Rexxon Petroleum and Gas (Pty) Ltd;;;;;
Rexxon Petroleum SA (Pty) Ltd;;;;;
Rey & Lenferna;;;;;
Reyanco Johnson;;;;;
Reynolds Construction Company Nigeria Ltd;;;;;
Rezco Collective Investments Ltd;;;;;
Rezco Investment Counsel (Pty) Ltd;;;;;
Rezolve Solutions;;;;;
Rezult;;;;;
RG Investment S.A.E;;;;;
RGA Reinsurance Company of South Africa Ltd;;;;;
RGBrose Automotive Components (Pty) Ltd;;;;;
R-Group Management Company (Pty) Ltd (The);;;;;
Rgt Smart Hi-Performance Decision Support;;;;;
rgt.co.za;;;;;
RH Bophelo Ltd;;;;;
rham equipment Pty Ltd.;;;;;
Rheebok Brick Operations (Pty) Ltd;;;;;
Rheem South Africa (Pty) Ltd;;;;;
Rheinmetall Denel Munition (RF) (Pty) Ltd;;;;;
Rheinmetall International Engineering South Africa (Pty) Ltd;;;;;
Rheinmetall Laingsdale (Pty) Ltd;;;;;
Rheinmetall Waffe Munition South Africa (Pty) Ltd;;;;;
RHEOCHEM;;;;;
RHI Stretch Tents;;;;;
Rhine Ruhr Pumps and Valves (Pty) Ltd;;;;;
Rhino Distribution Centre (Pty) Ltd;;;;;
Rhino Marine Products (Pty) Ltd;;;;;
Rhino Plastics;;;;;
Rhodes Food Group;;;;;
Rhodes Food Group (Pty) Ltd;;;;;
Rhodes Food Group Holdings Ltd;;;;;
Rhodes University;;;;;
Rhodium Reefs Ltd;;;;;
Rho-Tech;;;;;
RHT Holding Ltd;;;;;
RHT Media Ltd;;;;;
RHW Management Southern Africa (Pty) Ltd;;;;;
Rial International;;;;;
Riana Group;;;;;
Riara University;;;;;
rica-services.com;;;;;
Rice Mill (Pvt) Ltd (Zimbabwe);;;;;
Rich Products Corporation;;;;;
Richard Kane Hides and Skins (Pty) Ltd;;;;;
Richards Bay 1-Stop (Pty) Ltd;;;;;
Richards Bay Cable Distributors (Pty) Ltd;;;;;
Richards Bay Coal Terminal (Pty) Ltd;;;;;
Richards Bay Industrial Development Zone Company SOC Ltd;;;;;
Richards Bay Iron and Titanium (Pty) Ltd;;;;;
Richards Bay Mining (Pty) Ltd;;;;;
Richards Bay Mining Holdings (Pty) Ltd;;;;;
Richards Bay Ship Loading (Pty) Ltd;;;;;
Richards Bay Titanium (Pty) Ltd;;;;;
Richards Bay Titanium Holdings (Pty) Ltd;;;;;
Richbay Chemicals (Pty) Ltd;;;;;
Richella Trading CC;;;;;
Richfield Graduate Institute of Technology (Pty) Ltd;;;;;
Richline SA (Pty) Ltd;;;;;
Richmond Local Municipality;;;;;
Richmond Park Development Company (Pty) Ltd;;;;;
Richprop Cape (Pty) Ltd;;;;;
Richtersveld Local Municipality;;;;;
Richtrau No 115 (Pty) Ltd;;;;;
Richtrau No 144 (Pty) Ltd;;;;;
Richtrau No 191 (Pty) Ltd;;;;;
Richtrau No 241 (Pty) Ltd;;;;;
Richtrau No 393 (Pty) Ltd;;;;;
Rickard Air Diffusion;;;;;
Rickford Investments (Pty) Ltd;;;;;
Ricks Fashion Wear House CC;;;;;
Ricky;;;;;
Ricoh Europe;;;;;
Ricoh South Africa (Pty) Ltd;;;;;
RICTA (Rwanda Internet Community and Technology Alliance);;;;;
RICTS Holdings (Pty) Ltd;;;;;
Ridge Empowerment Capital (Pty) Ltd;;;;;
Ridge School (The);;;;;
Ridge Times (Pty) Ltd;;;;;
Ridgeway Energy Ltd;;;;;
Ridgeway Energy SARL;;;;;
Ridley;;;;;
riembo.co.za;;;;;
Rietspruit Mine Services (Pty) Ltd ;;;;;
Rift Valley Bottlers Ltd;;;;;
Rift Valley Corporation Ltd;;;;;
Rifumo Empowerment Holdings;;;;;
RiG adviesdienste;;;;;
Riggio Tobacco Corporation of New York Ltd;;;;;
Right to Care;;;;;
Rightback Technology;;;;;
Rights Reserved;;;;;
Rigifoam (Pty);;;;;
Riley Road Office Park Owners Association (The);;;;;
Ringier One Africa Media (ROAM);;;;;
Ringside Iron Ore (Pty) Ltd;;;;;
Rio Tinto Group;;;;;
Rio Tinto Management Services South Africa (Pty) Ltd;;;;;
Rio Tinto Mining and Exploration Ltd;;;;;
Rio Tinto SIMFER SA;;;;;
Riodor Twaalf (Pty) Ltd;;;;;
Riotone (Pty) Ltd;;;;;
RioZim Ltd;;;;;
Riphah International University;;;;;
Ris;;;;;
Ris munch;;;;;
Risctec;;;;;
RisCura Holdings (Pty) Ltd;;;;;
RisCura Invest (Pty) Ltd;;;;;
Rise & Learn;;;;;
Rise & Learn Global;;;;;
Rise and Learn;;;;;
Rise Broadcast (Pty) Ltd;;;;;
Rising Sun Community Newspapers (Pty) Ltd (The);;;;;
Risk Benefit Investment Holdings (Pty) Ltd;;;;;
Risk Benefit Solutions (Pty) Ltd;;;;;
Risk Technical Services Construction and Engineering Underwriters (Pty) Ltd;;;;;
Risma SA;;;;;
Ristco;;;;;
Ritachem (Pty) Ltd;;;;;
Ritch Chem CC;;;;;
rits.za.net;;;;;
Rittal (Pty) Ltd;;;;;
Rittal South Africa;;;;;
Ritz Tiles (Pty) Ltd;;;;;
Ritzshelf 100 (Pty) Ltd;;;;;
Ritztrade 161 (Pty) Ltd;;;;;
Rivabrite (Pty) Ltd;;;;;
Rivavect Investments (Pty) Ltd;;;;;
River Corporation International Investments (Pty) Ltd;;;;;
River Don Properties (Pty) Ltd;;;;;
Riverbend Trade and Invest 50 (Pty) Ltd;;;;;
riverbio.com;;;;;
Riversands Farm Properties (Pty) Ltd;;;;;
Riversdale Anthracite Colliery (Pty) Ltd;;;;;
Riversdale Connections (Pty) Ltd;;;;;
RIVIÈRE CITRON LTÉE;;;;;
Rivonia Imaging;;;;;
Rivonia Share Scheme Services (Pty) Ltd;;;;;
RJ Connect;;;;;
RJ Genesis Company (Pty) Ltd;;;;;
RJ45;;;;;
RL Daly;;;;;
RLG Africa (Pty) Ltd;;;;;
Rlg Communications;;;;;
RMA Life Assurance Company Ltd;;;;;
RMB Asset Finance Ltd;;;;;
RMB Corvest (Pty) Ltd;;;;;
RMB Finance Company (Pty) Ltd;;;;;
RMB Holdings Ltd;;;;;
RMB Investments and Advisory (Pty) Ltd;;;;;
RMB Morgan Stanley (Pty) Ltd;;;;;
RMB Namibia (Pty) Ltd;;;;;
RMB Nigeria Ltd;;;;;
RMB Private Equity (Pty) Ltd;;;;;
RMB Private Equity Holdco 1 (Pty) Ltd;;;;;
RMB Private Equity Holdco 2 (Pty) Ltd;;;;;
RMB Private Equity Holdings (Pty) Ltd;;;;;
RMB Property Holdco 1 (Pty) Ltd;;;;;
RMB Property Holdco 2 (Pty) Ltd;;;;;
RMB Property Holdco 3 (Pty) Ltd;;;;;
RMB Securities (Pty) Ltd;;;;;
RMB Stockbroking Operations (Pty) Ltd;;;;;
RMB Ventures (Pty) Ltd;;;;;
RMB Ventures Five (Pty) Ltd;;;;;
RMB Ventures Four (Pty) Ltd;;;;;
RMB Ventures Holding Ltd;;;;;
RMB Ventures Investments (Pty) Ltd;;;;;
RMB Ventures Seven (Pty) Ltd;;;;;
RMB Ventures Six (Pty) Ltd;;;;;
RMB Ventures Two (Pty) Ltd;;;;;
RMB Westport Property Partners South Africa (Pty) Ltd;;;;;
RMC Minerals CC;;;;;
RMD Kwikform (South Africa) (Pty) Ltd;;;;;
RMI SA (Pty) Ltd;;;;;
RML Lighting (Pty) Ltd;;;;;
RMS Property and Facilities Management (Pty) Ltd;;;;;
RMT Systems (Pty) Ltd;;;;;
RNA Distribution;;;;;
RNA Distributors;;;;;
RNE Holdings (Pty) Ltd;;;;;
RO Metrics Trading (Pty) Ltd;;;;;
Road Accident Fund - Head Office;;;;;
Road Freight Association (The);;;;;
Road Fund - Lesotho;;;;;
Road Fund Administration;;;;;
Road Traffic Management Corporation;;;;;
RoadCover;;;;;
Roadgrip Afrityre (Northwest) (Pty) Ltd;;;;;
Roadlab Laboratories Pty;;;;;
Roads Agency Limpopo;;;;;
Roads Agency Limpopo SOC Ltd (RAL);;;;;
Roads Authority;;;;;
Roads Authority of Namibia;;;;;
Roads Nigeria Plc;;;;;
Ro-Al Construction (Pty) Ltd;;;;;
Roal Investment Holdings (Pty) Ltd;;;;;
Roam Africa;;;;;
Roan Systems;;;;;
robchap.co.za;;;;;
Robert Bosch (Pty) Ltd;;;;;
Robert Bosch GmbH;;;;;
Robertson and Caine (Pty) Ltd;;;;;
Robertson Kooperatiewe Wynmakery Ltd;;;;;
Robertsons Holdings (Pty) Ltd;;;;;
Robex Resources Inc;;;;;
Robinson Hospital Holdings (Pty) Ltd;;;;;
Robinson Liquors (Pty) Ltd;;;;;
Robor (Pty) Ltd;;;;;
Robson Civils (Pty) Ltd;;;;;
Robson Savage (Pty) Ltd;;;;;
Rocarm;;;;;
Rocarm (Pty) Ltd;;;;;
Rocbolt Technologies (Pty) Ltd;;;;;
ROCCI;;;;;
Roche Diabetes Care South Africa (Pty) Ltd;;;;;
Roche Products (Pty) Ltd;;;;;
Rochester Midland Industries;;;;;
Rock Agencies CC;;;;;
Rockcastle Global Real Estate Company Ltd;;;;;
rocketmine;;;;;
Rocketmine (Pty) Ltd;;;;;
Rocketsigns (Pty) Ltd;;;;;
Rocksoup;;;;;
Rockwell Automation;;;;;
Rockwell Automation, Inc.;;;;;
Rockwell Diamonds Inc;;;;;
Rockwood Private Equity (Pty) Ltd;;;;;
Rocla (Pty) Ltd;;;;;
Rodag Holdings (Pty) Ltd;;;;;
rodcol.co.za;;;;;
Rode and Associates (Pty) Ltd;;;;;
Rodeo Drive Cars (Pty) Ltd;;;;;
Rodina Investments (Pty) Ltd;;;;;
Rodini Films (Pty) Ltd;;;;;
Rodl and Partner (Pty) Ltd;;;;;
Rodney's Panel Beaters CC;;;;;
Roedean School;;;;;
Roelcor Holdings (Pty) Ltd;;;;;
ROFFEKE (Rock 'n' Roll Film Festival, Kenya);;;;;
Rofhedza Air (Pty) Ltd;;;;;
Roga Properties (Pty) Ltd;;;;;
Rogella Farming Company (Pty) Ltd;;;;;
Rogers and Company Ltd;;;;;
Rogers Capital;;;;;
Rogers Capital Ltd;;;;;
rogers-logistics.com;;;;;
Rogerwilco (2stroke Interactive);;;;;
Roggeveld Wind Power (Pty) Ltd;;;;;
Rogue Star Films CC;;;;;
Rohek Industrial Warehousing (Durban) (Pty) Ltd;;;;;
Röhlig-Grindrod;;;;;
Rohlig-Grindrod (Pty) Ltd;;;;;
Rohlig-Grindrod Botswana (Pty) Ltd;;;;;
Rohlig-Grindrod Lda;;;;;
Rohlig-Grindrod Pharma (Pty) Ltd;;;;;
Rohlig-Grindrod Tanzania Lda;;;;;
rohloffgroup.co.za;;;;;
ROI;;;;;
ROI Media;;;;;
Rokana Industries Plc;;;;;
ROKO Construction Company;;;;;
Rolfe Industrial Holdings (Pty) Ltd;;;;;
Rolfes Colour Pigments International (Pty) Ltd;;;;;
Rolfes Holdings Ltd;;;;;
Rolfes Silica (Pty) Ltd;;;;;
rolfesagri.com;;;;;
rolfeschemicals.com;;;;;
Rolider Ltd;;;;;
Rollex Cargo (Pty) Ltd;;;;;
Rolling Beanz;;;;;
Rolling Stock Leasing Company (Pty) Ltd (The);;;;;
Roma Manufacturing CC;;;;;
ROMAN PROTECTION SOLUTIONS;;;;;
Roman's Pizza (Pretoria) CC;;;;;
Ronald McDonald House Charities of South Africa;;;;;
Ronald Sewell and Associates South Africa (Pty) Ltd;;;;;
Ronalds LLP;;;;;
Rondebosch Boys High School;;;;;
Roney Hoffmann Consultants CC;;;;;
Ronin System Solutions (Pty) Ltd;;;;;
Ron-Li (Pty) Ltd;;;;;
Ron's Hire (Mpumalanga) CC;;;;;
Roodepoort Chamber of Commerce & Industry (ROCCI);;;;;
Roodepoort Gold Mine (Pty) Ltd;;;;;
Roodepoort Metered Taxi Association;;;;;
Rooderand Chrome (Pty) Ltd;;;;;
Roofbuild Trusses (Pty) Ltd;;;;;
Roofings Group;;;;;
Rooibos Ltd;;;;;
Rooipoort Developments (Pty) Ltd;;;;;
Rooipoort Holdings (Pty) Ltd;;;;;
Roossenekal Foods (Pty ) Ltd;;;;;
Root Insurance;;;;;
Rope Access Inspection;;;;;
Roprops 5 (Pty) Ltd;;;;;
Roprops 6 (Pty) Ltd;;;;;
Roprops No 3 (Pty) Ltd;;;;;
Rosaparks;;;;;
Rosatom Central and Southern Africa (Pty) Ltd;;;;;
Rose Travel and Enterprises Ltd;;;;;
Rosebank College Head Office;;;;;
Rosebank Rooftop Market (Pty) Ltd;;;;;
Rosebank Sunday Market (Pty) Ltd;;;;;
Rosebank Wealth Group (Pty) Ltd;;;;;
Rosendal Winery;;;;;
Rosh Pinah Zinc Corporation (Pty) Ltd;;;;;
Roshan Jugnauth;;;;;
Rosie Chirongoma;;;;;
Rosond (Pty) Ltd;;;;;
Ross Africa Ltd;;;;;
Ross Breeders (Botswana) (Pty) Ltd;;;;;
Ross Breeders (Namibia) (Pty) Ltd;;;;;
Ross Breeders Zambia Ltd;;;;;
Ross Healthcare (Pty) Ltd;;;;;
Rossal No 101 (Pty) Ltd;;;;;
Rossal No 126 (Pty) Ltd;;;;;
Rossana Textiles Ltd;;;;;
Rossgro;;;;;
Rossi Engineering;;;;;
Rossing Uranium Mine;;;;;
Rossiter Trading (Pty) Ltd;;;;;
Rotam East Africa Ltd;;;;;
Rotek Industries SOC Ltd;;;;;
Rotex Fabrics (Pty) Ltd;;;;;
Rothe Plantscapers;;;;;
Rothko;;;;;
Rothmans of Pall Mall London Ltd;;;;;
Rothschild & Co;;;;;
Rothschild (South Africa) (Pty) Ltd;;;;;
Rotolabel (Pty) Ltd;;;;;
rotolabel.co.za;;;;;
Route Holdings (Pty) Ltd;;;;;
Route Management (Pty) Ltd;;;;;
Roux-Essa-Roux (Pty) Ltd;;;;;
Rovac Engineering;;;;;
Rowad Misr for Tourism Investment Company SAE;;;;;
Rowad Tourism Company SAE;;;;;
Rowaga Properties (Pty) Ltd;;;;;
Rowan Knitting Mill CC;;;;;
Rowan Tree 107 (Pty) Ltd;;;;;
Rowan Tree 130 (Pty) Ltd;;;;;
Rowash Fashions (Pty) Ltd;;;;;
Rowest Properties (Pty) Ltd;;;;;
Rowmoor Investments 1017 (Pty) Ltd;;;;;
Rowmoor Investments 864 (Pty) Ltd;;;;;
Rowmoor Investments No 329 (Pty) Ltd;;;;;
Roy That Magic Man Clothing Manufacturers CC;;;;;
Royal Adhesive Industries CC;;;;;
Royal Air Charters;;;;;
Royal Anthem Investments 134 (Pty) Ltd;;;;;
Royal Bafokeng Holdings;;;;;
Royal Bafokeng Holdings (Pty) Ltd;;;;;
Royal Bafokeng Platinum Ltd;;;;;
Royal Bafokeng Platinum Management Services (Pty) Ltd;;;;;
Royal Bafokeng Resources (Pty) Ltd;;;;;
Royal Bafokeng Resources Properties (RF) (Pty) Ltd;;;;;
Royal Bank, The;;;;;
Royal Canin South Africa (Pty) Ltd;;;;;
Royal Commerce Trading (Pty) Ltd;;;;;
Royal Contractors cc;;;;;
Royal DSM N.V.;;;;;
Royal Electrical (Pty) Ltd;;;;;
Royal Eswatini National Airways Corporation – RENAC;;;;;
Royal Eswatini Sugar Corporation;;;;;
Royal Exchange Finance and Asset Management Ltd;;;;;
Royal Exchange General Insurance Company Ltd;;;;;
Royal Exchange Healthcare Company Ltd;;;;;
Royal Exchange Microfinance Bank Ltd;;;;;
Royal Exchange Plc;;;;;
Royal Exchange Prudential Life Assurance Plc;;;;;
Royal HaskoningDHV;;;;;
Royal HaskoningDHV (Pty) Ltd;;;;;
Royal HaskoningDHV1;;;;;
Royal Lusiba Holdings (Pty) Ltd;;;;;
Royal Media Services;;;;;
Royal Mnandi / Bidvest Catering;;;;;
Royal Palm Hotel;;;;;
Royal Retail (Pty) Ltd;;;;;
Royal Road Investments (Pty) Ltd;;;;;
Royal Salt Ltd;;;;;
ROYAL SCIENCE AND TECHNOLOGY PARK;;;;;
Royal Swaziland Sugar Corporation Ltd;;;;;
Royal Tea Packers CC;;;;;
Royal Trading Logistics (Pty) Ltd;;;;;
Royal Unibrew A/S;;;;;
RoyalBafokengNation;;;;;
Royale;;;;;
Royale Energy (Pty) Ltd;;;;;
Royalyard Traders 19 (Pty) Ltd;;;;;
RPC Astrapak (Pty) Ltd;;;;;
RPC Data Consulting (Pty) Ltd;;;;;
RPC Data Ltd;;;;;
RPMGlobal;;;;;
RPP Developments (Pty) Ltd;;;;;
RRL Grindrod Ltd (Sierra Leone);;;;;
RRT Property Investments (Pty) Ltd;;;;;
RS Components Ltd;;;;;
RSA Web;;;;;
rsaconsulting.co.za;;;;;
RSAWEB;;;;;
RSC Avelo (Pty) Ltd;;;;;
R-SC Internet Services South Africa (Pty) Ltd ;;;;;
RSJ Prop PCC;;;;;
RSL Enterprise Solutions (Pty) Limited;;;;;
RSM Eastern Africa LLP;;;;;
RSM RSA (Pty) Ltd;;;;;
RSM SA Inc;;;;;
rsm-ea.com;;;;;
RSS Security Services CC;;;;;
rss-group.co.za;;;;;
RST Nominees (Pty) Ltd;;;;;
RSwitch Limited;;;;;
RT Cain;;;;;
RT Knits Ltd;;;;;
RT X-Ray (Pty) Ltd;;;;;
RTB Platinum Panelbeaters CC;;;;;
rtsa.org.zm;;;;;
RTT Group (Pty) Ltd;;;;;
RTT Holdings (Pty) Ltd;;;;;
RTT Intelligent Logistics;;;;;
RTV Vleisbemarkers (Pty) Ltd;;;;;
Ruashi Holdings (Pty) Ltd;;;;;
Ruashi Mining Sprl;;;;;
ruashi.com;;;;;
Rubber and Associated Manufacturers (Pty) Ltd;;;;;
Rubex International for Plastic and Acrylic Manufacturing Company SAE;;;;;
Rubicon;;;;;
RUBiS Energy Kenya;;;;;
Rubis Kenya;;;;;
Rubric Consulting;;;;;
Ruby Mountain Trading 38 (Pty) Ltd;;;;;
rubybox;;;;;
Rubybox  (Pty) Ltd;;;;;
RUC Australia Contractors Mining Pty Ltd;;;;;
Rudiarius Capital Management (Pty) Ltd;;;;;
Rudolf van den Berg Boerdery (Pty) Ltd;;;;;
Rufaro Garments (Pty) Ltd;;;;;
Ruffle Investments (Pty) Ltd;;;;;
RULMECA;;;;;
Rum Distributors Co Ltd;;;;;
Rumo International CC;;;;;
Runda Water Ltd;;;;;
RuneStorm (Pty) Ltd;;;;;
Runtpale Investments (Pty) Ltd;;;;;
Rural Doctors Association of Southern Africa;;;;;
Rural Health Advocacy Project;;;;;
Rushaan Toefy Financial Services CC;;;;;
Ruskolor (Pty) Ltd;;;;;
Russell & Associates;;;;;
Russellstone Risk Services (Pty) Ltd;;;;;
Rustenberg Wines (Pty) Ltd;;;;;
Rustenburg Abattoir (Pty) Ltd;;;;;
Rustenburg Girls' High School;;;;;
Rustenburg Hospital Properties (Pty) Ltd;;;;;
Rustenburg Local Municipality;;;;;
Rustenburg Minerals Development Company (Pty) Ltd;;;;;
Rustenburg Platinum Mines Ltd;;;;;
Rutzscore 003 (Pty) Ltd;;;;;
Ruwacon;;;;;
Ruwag;;;;;
Ruwag (Pty) Ltd;;;;;
RVN Accountants;;;;;
Rwanda Energy Group;;;;;
Rwanda Social Security Board;;;;;
Rwanda Towers Ltd;;;;;
Rwanda Utilities Regulatory Authority;;;;;
RwandAir Limited;;;;;
RwandAir Ltd;;;;;
Ryda Technologies (Pty) Ltd;;;;;
Ryke Dealers (Pty) Ltd;;;;;
Rymco (Pty) Ltd;;;;;
RZT Zelpy 4592 (Pty) Ltd;;;;;
RZT Zelpy 4595 (Pty) Ltd;;;;;
S & N Labels;;;;;
S & W Synergy Ltd;;;;;
S A Appraisers and Valuers CC;;;;;
S A Bias Industries (Pty) Ltd;;;;;
S A Biomedical (Pty) Ltd;;;;;
S A Block (Pty) Ltd;;;;;
S A Breweries Ltd;;;;;
S A Cleaning Services (Pty) Ltd;;;;;
S A Cloth CMT Specialists 1 CC;;;;;
S A Cloth CMT Specialists CC;;;;;
S A F I C (Pty) Ltd;;;;;
S A Fruit Promoters (Pty) Ltd;;;;;
S A Lime and Gypsum (Pty) Ltd;;;;;
S A M E Water (Pty) Ltd;;;;;
S A M Engineering (Pty) Ltd;;;;;
S A Natural Products (Pty) Ltd;;;;;
S A Olive Industry Association;;;;;
S A Payroll Association;;;;;
S A Rice Mills (Pty) Ltd;;;;;
S A Truck Bodies (Pty) Ltd;;;;;
S A Waste Holdings (Pty) Ltd;;;;;
S and J Land Investments (Pty) Ltd;;;;;
S and N Rubber (Pty) Ltd;;;;;
S B V Services (Pty) Ltd;;;;;
S Buys (Pty) Ltd;;;;;
S C Johnson and Son of South Africa (Pty) Ltd;;;;;
S F Haasbroek Boerdery (Pty) Ltd;;;;;
S G Plastic Construction CC;;;;;
S I P Project Managers (Pty) Ltd;;;;;
S K S Business Solutions CC;;;;;
S McCurrach;;;;;
S N Pool Transport;;;;;
S R S Aviation (Pty) Ltd;;;;;
S&P Global;;;;;
s2consulting.co.za;;;;;
S3M;;;;;
S3N Consulting Pty Ltd;;;;;
SA Aerial Photography CC;;;;;
SA Auto Centre (Pty) Ltd;;;;;
SA Biodiversity;;;;;
SA Bolt Manufacturers (Pty) Ltd;;;;;
SA Bulk Terminals;;;;;
SA Business Coaches;;;;;
SA Cab Holdings (Pty) Ltd;;;;;
SA Commercial (Pty) Ltd;;;;;
SA Copperworks (Pty) Ltd;;;;;
SA Corporate Real Estate Fund;;;;;
SA Corporate Real Estate Fund Managers (Pty) Ltd;;;;;
SA Corporate Real Estate Fund Nominees (Pty) Ltd;;;;;
SA Corporate Real Estate Ltd;;;;;
SA Council for the Property Valuers Profession;;;;;
SA Derivatives (Pty) Ltd;;;;;
SA FASTENERS;;;;;
SA Greetings;;;;;
SA Greetings (Pty) Ltd;;;;;
SA Heavy Rim Importers (Pty) Ltd;;;;;
SA Home Loans;;;;;
SA Home Loans (Pty) Ltd;;;;;
SA Leisure (Pty) Ltd;;;;;
SA Metal Group (Pty) Ltd;;;;;
SA Metal Mining Services (Pty) Ltd;;;;;
SA Mint;;;;;
SA National Film Video & Sound Archives;;;;;
SA Nut Industries (Pty) Ltd;;;;;
SA Outsourcing (Pty) Ltd;;;;;
SA POCO Retail (Pty) Ltd;;;;;
SA Post Office;;;;;
SA Power Solutions (Pty) Ltd;;;;;
SA Precious Metals (Pty) Ltd;;;;;
SA REIT Association;;;;;
SA Retail Properties (Pty) Ltd;;;;;
SA Roadlink Passenger Services (Pty) Ltd;;;;;
SA Scaffolding CC;;;;;
SA Speedbumps;;;;;
SA Steel Mills (Pty) Ltd ;;;;;
SA Stock Brokers (Pty) Ltd;;;;;
SA Stock Brokers Capital (Pty) Ltd;;;;;
SA Tafeldruiwe;;;;;
SA Taxi Development Finance (Pty) Ltd;;;;;
SA Taxi Finance Solutions (RF) (Pty) Ltd;;;;;
SA Taxi Securitisation (Pty) Ltd;;;;;
SA The Good News;;;;;
SA Tourism;;;;;
SA Vehicle Maintenance (Pty) Ltd;;;;;
SA Venture Capital and Private Equity Association;;;;;
SA Weather Service;;;;;
SA Wine & Brandy Company;;;;;
SA Wine Barrels (Pty) Ltd;;;;;
sa.org.za;;;;;
SAAB Grintek Defence (Pty) Ltd;;;;;
SAAB Grintek Technologies (Pty) Ltd;;;;;
SAAB Kenya;;;;;
SAAB South Africa (Pty) Ltd;;;;;
saairforce.co.za;;;;;
Saambou Holdings Ltd;;;;;
Saamwerk Soutwerke (Pty) Ltd;;;;;
Saatchi and Saatchi (Pty) Ltd;;;;;
SAB Alrode Brewery;;;;;
SAB Global Consulting Services (Pty) Ltd;;;;;
SAB&T;;;;;
SAB&T TEC Consulting;;;;;
Sabaa International Company for Pharmaceutical and Chemical Industry;;;;;
Sabacloud;;;;;
Sabat Battery Company (Pty) Ltd;;;;;
SABC;;;;;
SABC Inception IT;;;;;
Saber Energy Corporate Services (SA) (Pty) Ltd;;;;;
Sabertek;;;;;
Sabfin (RF) (Pty) Ltd;;;;;
Sabido eAcademy;;;;;
Sabie Valley Coffee CC;;;;;
Sabila Air and Sea (Pty) Ltd;;;;;
Sabinet;;;;;
Sable Chemical Industries Ltd;;;;;
Sable Data Works (Pty) Ltd;;;;;
Sable Earth (Pty) Ltd;;;;;
Sable Hills Waterfront Estate CC;;;;;
Sable Holdings Ltd;;;;;
Sable Place Properties 103 (Pty) Ltd;;;;;
Sable Place Properties 106 (Pty) Ltd;;;;;
Sable Place Properties 129 (Pty) Ltd;;;;;
Sable Transport and Construction Ltd;;;;;
Sabn;;;;;
Sabodala Gold Operations SA;;;;;
Sabodala Mining Company SARL;;;;;
SABPP;;;;;
Sabre Radio Networks (Pty) Ltd;;;;;
Sabreal (Pty) Ltd;;;;;
SABRITA The British Chamber of Business in Southern Africa Liimited;;;;;
SABS Commercial SOC Ltd;;;;;
SABSA Holdings Ltd;;;;;
sabsc.co.za;;;;;
Sabsure Ltd;;;;;
sabull.co.za;;;;;
Sabvest Finance and Guarantee Corporation (Pty) Ltd;;;;;
Sabvest Financial Services (Pty) Ltd;;;;;
Sabvest Ltd;;;;;
SACAA;;;;;
SACAP;;;;;
Saccabulla Properties (Pty) Ltd;;;;;
Sace SpA;;;;;
Sachs and Sons International Trade CC;;;;;
SACNASP;;;;;
Saco;;;;;
SACO CFR;;;;;
Sacor Engineering (Pty) Ltd;;;;;
sacorp.co.za;;;;;
SACOS Insurance Company Ltd;;;;;
SACOS Insurance Group Ltd;;;;;
SACOS Life Assurance Company Ltd;;;;;
Sacoven Plc;;;;;
SACPVP;;;;;
Sacred Heart College;;;;;
SADC Banking Association;;;;;
SADC Lawyers Association;;;;;
SADC Secretariat;;;;;
SADC-GMI;;;;;
SAD-ELEC (Pty) Ltd;;;;;
SAE Institute;;;;;
Sa-Etoll;;;;;
sa-etoll.co.za;;;;;
SAfAIDS Zimbabwe;;;;;
Safair;;;;;
Safair Holdings (Pty) Ltd;;;;;
Safair Lease Finance (Pty) Ltd;;;;;
Safair Operations (Pty) Ltd;;;;;
Safal Group - Uganda Baati Limited (UBL);;;;;
Safal Group _ ALAF Limited;;;;;
Safal Group _ Safintra Rwanda;;;;;
Safal Group Africa;;;;;
Safal Group_MABATI ROLLING MILLS LIMITED;;;;;
Safal Group_South Africa Business Units;;;;;
Safal Steel (Pty) Ltd;;;;;
Safari and Outdoor Warehouse (Pty) Ltd;;;;;
Safari Exploration Ltd;;;;;
Safari Investments (RSA) Ltd;;;;;
Safaricom Plc;;;;;
Safaricom Telecommunications Ethiopia PLC;;;;;
SafariNow;;;;;
SAFCOL;;;;;
Safcor Freight (Pty) Ltd;;;;;
SAFDA;;;;;
Safe Farm Exports (Pty) Ltd;;;;;
Safe Surgery SA;;;;;
Safe Working Practice;;;;;
SafeBoda;;;;;
Safeguard Nominees Ltd;;;;;
SafeQuip (Pty) Ltd;;;;;
Safe-T-Pack (Pty) Ltd;;;;;
Safety and Security Sector Education and Training Authority;;;;;
Safety and Training Solutions;;;;;
Safetycloud;;;;;
SafetyXpress Stromberg Cape Sales CC;;;;;
Safeway (Namibia) (Pty) Ltd;;;;;
Safeway Swaziland (Pty) Ltd;;;;;
Saffer Union (West Africa) Ltd;;;;;
Saffron Wealth (Pty) Ltd;;;;;
Safi Accounting;;;;;
SAFI E-Learning Resources;;;;;
Saficon Industrial Equipment (Pty) Ltd;;;;;
Safika Holdings (Pty) Ltd;;;;;
Safire Insurance;;;;;
Safko Construction Company Nigeria Ltd;;;;;
Saflec Systems;;;;;
Safmarine (Pty) Ltd;;;;;
Safmarine and Rennies Holdings Ltd;;;;;
Safmarine Ghana Ltd;;;;;
SafMed (Pty) Ltd;;;;;
Safomar Aviation;;;;;
Safomar Holdings;;;;;
Safor Ltd;;;;;
Safran;;;;;
SAFreight Logistics (Pty) Ltd;;;;;
Safrican Insurance;;;;;
Safrican Insurance Company Ltd;;;;;
Safripol;;;;;
Safripol (Pty) Ltd;;;;;
Safripol Sasolburg (Pty) Ltd;;;;;
SAFSPEC;;;;;
SAGA;;;;;
Sagaci Research;;;;;
Sagarmatha Technologies Ltd;;;;;
Sage Group Ltd;;;;;
Sage Guaranteed Options (Pty) Ltd;;;;;
Sage Life Ltd;;;;;
Sage Pastel Accounting;;;;;
Sage Software;;;;;
Sage South Africa (Pty) Ltd;;;;;
Sage Wise 104 (Pty) Ltd;;;;;
Sage Wise 112 (RF) (Pty) Ltd;;;;;
Sage Wise 36 (Pty) Ltd;;;;;
Sagiterre Lte;;;;;
Sagittata Investments CC;;;;;
Saham Assurance SA;;;;;
Sahara Computers (Pty) Ltd;;;;;
Sahara Consumables (Pty) Ltd;;;;;
Sahara Distribution (Pty) Ltd;;;;;
Sahara Holdings (Pty) Ltd;;;;;
Sahara Media Holdings (Pty) Ltd;;;;;
Sahara Press (Pty) Ltd;;;;;
Sahara Systems (Pty) Ltd;;;;;
Saheti;;;;;
SAHL Foundation;;;;;
SAHL Insurance Company Ltd;;;;;
SAHL Life Assurance Company Ltd;;;;;
SAICA;;;;;
saico.co.uk;;;;;
Saicom Group (Pty) Ltd;;;;;
Saicom Payphones (Pty) Ltd;;;;;
Saicom Voice;;;;;
Saiens Boutique Creations and Supply (Pty) Ltd;;;;;
SAIGA;;;;;
Sail;;;;;
Sa-Il;;;;;
Sail Rights Commercialisation (Pty) Ltd;;;;;
Sail-Edu;;;;;
SAIMC;;;;;
Saint-Gobain;;;;;
Saint-Gobain Abrasives (Pty) Ltd;;;;;
Saint-Gobain Construction Products South Africa (Pty) Ltd;;;;;
Saint-Gobain Isover South Africa (Pty) Ltd;;;;;
Saint-Gobain Mining (Pty) Ltd;;;;;
Saint-Gobain Weber South Africa (Pty) Ltd;;;;;
SAIPA;;;;;
Saipem SpA;;;;;
sairr.org.za;;;;;
SAIYL;;;;;
Sakhile Initiative 2 Ltd;;;;;
sakhisizwe.co.za;;;;;
Sakhisizwearchitects;;;;;
SAKR Group;;;;;
saladder.co.za;;;;;
Salafin SA;;;;;
Salberg Concrete Products (Pty) Ltd;;;;;
Saldanha Bay Municipality;;;;;
Saldanha Protein (Pty) Ltd;;;;;
Saldanha Steel (Pty) Ltd;;;;;
SALDaTI;;;;;
Salem Construction Ltd;;;;;
Sales Institute;;;;;
Sales Pal (Pty) Ltd;;;;;
Sales Rehab;;;;;
Salestalk 268 (Pty) Ltd;;;;;
SALGA;;;;;
salga.org;;;;;
Saliere de I'Ouest Lte;;;;;
Sallies (Pty) Ltd;;;;;
Sally Williams Fine Foods (Pty) Ltd;;;;;
Salopia Ltd;;;;;
Salt Employee Benefits;;;;;
Salt Employee Benefits (Pty) Ltd;;;;;
Salt Essential IT;;;;;
Salt of the Earth Creations (Pty) Ltd;;;;;
Salt Refiners and Packers (Pty) Ltd;;;;;
Salt Refiners and Packers Holdings (Pty) Ltd;;;;;
Salt Sales Agencies (Cape) (Pty) Ltd;;;;;
Salton (South Africa) (Pty) Ltd;;;;;
Salvage Management and Disposals (Pty) Ltd;;;;;
Salvation Army Property Company (The);;;;;
Salvo Capital (Pty) Ltd;;;;;
Salvus Bain (Africa) (Pty) Ltd;;;;;
Sam Green Holdings (Pty) Ltd;;;;;
SAM Test 2;;;;;
SAMA;;;;;
Samad Misr Egyfert SAE;;;;;
Samancor Chrome Holdings (Pty) Ltd;;;;;
Samancor Chrome Ltd;;;;;
Samancor Holdings (Pty) Ltd;;;;;
Samancor Manganese (Pty) Ltd;;;;;
Samawati Capital Partners;;;;;
Samba Foods Ltd;;;;;
Sambe Recruitment;;;;;
SAMbelu Attorneys Incorporated;;;;;
Samber Trading No 57 (Pty) Ltd;;;;;
Samcrete Misr;;;;;
Sameer Africa (Tanzania) Ltd;;;;;
Sameer Africa (Uganda) Ltd;;;;;
Sameer Africa Ltd;;;;;
Sameer Industrial Park Ltd;;;;;
Samil Natural Fibres (Pty) Ltd;;;;;
Samrand Development Holdings Ltd;;;;;
Sam's Tissue Products (Pty) Ltd;;;;;
Samsung a03 core;;;;;
Samsung Electronics East Africa Ltd;;;;;
Samsung Electronics South Africa (Pty) Ltd;;;;;
Samsung Service center;;;;;
Samuel Scott;;;;;
Sam-Woode Ltd;;;;;
SAMWU National Medical Scheme;;;;;
San Marco Tile Centre;;;;;
San Miguel Fruits South Africa (Pty) Ltd;;;;;
SANBI;;;;;
sancatdra;;;;;
sancryl.co.za;;;;;
Sandile Coal (Pty) Ltd;;;;;
SanDock Austral;;;;;
Sandock Austral Shipyards;;;;;
Sandown Capital Ltd;;;;;
Sandown Motor Holdings (Pty) Ltd;;;;;
Sandoz (Pty) Ltd;;;;;
Sandoz South Africa (Pty) Ltd;;;;;
San-Dre Embroidery CC;;;;;
Sandton Plaza Properties (Pty) Ltd;;;;;
Sandton Sales (Pty) Ltd;;;;;
Sandton Taxi Cabs (Pty) Ltd;;;;;
Sandvik (Pty) Ltd;;;;;
Sandvik AB;;;;;
Sandvik Holdings Southern Africa (Pty) Ltd;;;;;
Sandvik Mining and Construction Delmas (Pty) Ltd;;;;;
Sandvik Mining RSA (Pty) Ltd;;;;;
Sandy Place Share Block (Pty) Ltd;;;;;
Sanergy;;;;;
sanfin.co.za;;;;;
Sangari;;;;;
Sangath;;;;;
Sangio Pipe (Pty) Ltd;;;;;
Sangrigen (RF) (Pty) Ltd;;;;;
Sani Pass Hotel (Pty) Ltd;;;;;
Sania Cie;;;;;
Sanitech;;;;;
Sanjem Investments (Pty) Ltd;;;;;
Sanlam;;;;;
Sanlam (Miway);;;;;
Sanlam Africa Core Real Estate Investments Ltd;;;;;
Sanlam Capital Markets (Pty) Ltd;;;;;
Sanlam Capital Markets Property Holdings (Pty) Ltd;;;;;
Sanlam Collective Investments (RF) (Pty) Ltd;;;;;
Sanlam Credit Conduit (Pty) Ltd;;;;;
Sanlam Customised Insurance Ltd;;;;;
Sanlam Developing Markets Ltd;;;;;
Sanlam Emerging Markets (Pty) Ltd;;;;;
Sanlam Fundshares Nominee (Pty) Ltd;;;;;
Sanlam General Insurance Tanzania Ltd;;;;;
Sanlam Health Managed Care (Pty) Ltd;;;;;
Sanlam Immaterial Property (Pty) Ltd;;;;;
Sanlam Independent Financial Services (Pty) Ltd;;;;;
Sanlam International Investment Services (Pty) Ltd;;;;;
Sanlam Invest (Pty) Ltd;;;;;
Sanlam Investment Management (Pty) Ltd;;;;;
Sanlam Investments;;;;;
Sanlam Investments General Partner (Pty) Ltd;;;;;
Sanlam Kenya Plc;;;;;
Sanlam Life Insurance;;;;;
Sanlam Life Insurance Ltd;;;;;
Sanlam Life Insurance Zambia Limited;;;;;
Sanlam Life Namibia Ltd;;;;;
Sanlam Limited;;;;;
Sanlam Linked Investments (Pty) Ltd;;;;;
Sanlam Ltd;;;;;
Sanlam Multi Manager International (Pty) Ltd;;;;;
Sanlam Namibia;;;;;
Sanlam Personal Loans (Pty) Ltd;;;;;
Sanlam Personal Loans 102 (Pty) Ltd;;;;;
Sanlam Personal Loans 102 Security SPV (Pty) Ltd;;;;;
Sanlam Personal Loans 102 Security SPV Owner Trust;;;;;
Sanlam prefco (Pty) Ltd;;;;;
Sanlam Prime Services (RF) (Pty) Ltd;;;;;
Sanlam Private Wealth (Pty) Ltd;;;;;
Sanlam Securities (Pty) Ltd;;;;;
Sanlam Share Account Nominee (Pty) Ltd;;;;;
Sanlam Share Incentive Trust (The);;;;;
Sanlam Sky;;;;;
Sanlam Spec (Pty) Ltd;;;;;
Sanlam Trust (Pty) Ltd;;;;;
Sanlam Uitkeeropsies (Pty) Ltd;;;;;
Sanlam Umbrella Fund Administrators (Pty) Ltd;;;;;
Sanlam Wealthsmiths Trust (Pty) Ltd;;;;;
sanlamkeysolutions.co.za;;;;;
SANNE South Africa (Pty) Ltd;;;;;
Sanofi-Aventis South Africa (Pty) Ltd;;;;;
SANPARKS;;;;;
Sanpeace (Pty) Ltd;;;;;
Sanpref (Pty) Ltd;;;;;
SANRAL;;;;;
SANS Fibres (Pty) Ltd;;;;;
Sanso Properties Pretoria (Pty) Ltd;;;;;
Santam Ltd;;;;;
Santam Namibia Ltd;;;;;
Santam SI Investments (Pty) Ltd;;;;;
Santam Structured Insurance Limited;;;;;
Santam Structured Life Ltd;;;;;
santam.com.na;;;;;
santan.co.za;;;;;
santom.co.za;;;;;
Santon Workwear (Pty) Ltd;;;;;
Santova Logistics (Pty) Ltd;;;;;
Santova Ltd;;;;;
SANTS Private Higher Education Institution (Pty) Ltd;;;;;
San-Vest Venture Options No 14 CC;;;;;
Sanwyn Enterprises (Pty) Ltd;;;;;
Sanyati Civil Engineering & Construction (Pty) Ltd;;;;;
Sanyati Holdings Ltd;;;;;
SAOL - Servizi Auto On Line S.p.A;;;;;
SAOTA PTY Ltd;;;;;
SAOUG Connect;;;;;
SAP South Africa;;;;;
Sapconet;;;;;
saperef.com;;;;;
SAPICS;;;;;
SAPMA;;;;;
Sapphital Learning Ltd;;;;;
Sappi Export Services (Pty) Ltd;;;;;
Sappi Fine Paper (Pty) Ltd;;;;;
Sappi Forests (Pty) Ltd;;;;;
Sappi Ltd;;;;;
Sappi Management Services (Pty) Ltd;;;;;
Sappi Saiccor (Pty) Ltd;;;;;
Sappi Share Facilitation Company (Pty) Ltd;;;;;
Sappi Southern Africa Ltd;;;;;
Sappi Specval Coatings (Pty) Ltd;;;;;
Sappi Trading Africa (Pty) Ltd;;;;;
sapreff.com;;;;;
Sapro;;;;;
saprrff.com;;;;;
SAPS;;;;;
Saps;;;;;
saqa.co.za;;;;;
Sara Et Cie Sarl;;;;;
Sarah Baartman District Municipality;;;;;
Sarah Vale Consultancy;;;;;
Saram Investors (Pty) Ltd;;;;;
Sarama Resources Ltd;;;;;
Saratoga;;;;;
Saravana Textiles CC;;;;;
SARCDA Trade Exhibitions (Pty) Ltd;;;;;
Sargas (Pty) Ltd;;;;;
sargocargoservices.co.za;;;;;
sarili.co.za;;;;;
SARIMA;;;;;
Sarova Hotels Ltd;;;;;
Sarova Woodlands;;;;;
SARS;;;;;
SARU;;;;;
Sarusas Development Corporation (Pty) Ltd;;;;;
SAS Institute (Pty) Ltd;;;;;
SASA (South African Sugar Export Corporation PTY LTD);;;;;
Sasai Fintech;;;;;
Sasani Africa (Pty) Ltd;;;;;
Sasani Ltd;;;;;
SasaPay;;;;;
Sasbo - The Finance Union;;;;;
sasbojhb.org.za;;;;;
sasbope.org.za;;;;;
sasbopta.org.za;;;;;
Sasco Metrology Services (Pty) Ltd;;;;;
Saseti Dealers (Pty) Ltd;;;;;
Sasfin Asset Managers (Pty) Ltd;;;;;
Sasfin Bank Ltd;;;;;
Sasfin Financial Advisory Services (Pty) Ltd;;;;;
Sasfin Holdings Ltd;;;;;
Sasfin Property Holdings (Pty) Ltd;;;;;
Sasfin Securities (Pty) Ltd;;;;;
sasfinfa.com;;;;;
sasfinhrs.co.za;;;;;
sasfinsa.com;;;;;
Sasguard Insurance Company Ltd;;;;;
Sasini Plc;;;;;
Sasko Pasta (Pty) Ltd;;;;;
Sasol Africa (Pty) Ltd;;;;;
Sasol Aviation (Pty) Ltd;;;;;
Sasol Dyno Nobel (Pty) Ltd;;;;;
Sasol Financing (Pty) Ltd;;;;;
Sasol Gas (Pty) Ltd;;;;;
Sasol Gas Holdings (Pty) Ltd;;;;;
Sasol Investment Company (Pty) Ltd;;;;;
Sasol Inzalo Groups Funding (RF) (Pty) Ltd;;;;;
Sasol Inzalo Public (RF) Ltd;;;;;
Sasol Inzalo Public Funding (RF) (Pty) Ltd;;;;;
Sasol Ltd;;;;;
Sasol Mafutha (Pty) Ltd;;;;;
Sasol Mafutha Mining (Pty) Ltd;;;;;
Sasol Middle East and India (Pty) Ltd;;;;;
Sasol Mining Holdings (Pty) Ltd;;;;;
Sasol Mozambique;;;;;
Sasol Mynbou (Pty) Ltd;;;;;
Sasol New Energy Holdings (Pty) Ltd;;;;;
Sasol Oil (Pty) Ltd;;;;;
Sasol Petroleum Mozambique Lda;;;;;
Sasol Petroleum Temane Lda;;;;;
Sasol South Africa (Pty) Ltd;;;;;
Sasol Synfuels (Pty) Ltd;;;;;
Sasol Technology;;;;;
Sasolburg Scrap Metal (Pty) Ltd;;;;;
Sasolmed Medical Scheme;;;;;
Sasria SOC Ltd;;;;;
SASSA;;;;;
sassenberg.co.za;;;;;
sassol.com;;;;;
sat.co.za;;;;;
sat.za.com;;;;;
satam.co.za;;;;;
Satcc;;;;;
Satchtech;;;;;
SATIB Insurance Brokers;;;;;
Satrix Managers (RF) (Pty) Ltd;;;;;
Saudi Egyptian Investment & Finance Company SAE;;;;;
SAUMA Managers;;;;;
Sauron Investments (Pty) Ltd;;;;;
Savanna Tanks (Pty) LTD;;;;;
Savanna Tobacco;;;;;
Savannah Cement;;;;;
Savannah Cement Ltd;;;;;
Savannah Coffee House Ltd;;;;;
Savannah Fine Chemicals (Pty) Ltd;;;;;
Savannah Platinum SPV (Pty) Ltd;;;;;
Savannah Properties Ltd;;;;;
Savannah Sugar Milling Company Ltd (The);;;;;
Savcio Holdings (Pty) Ltd;;;;;
Save the Children;;;;;
Savi & Bridging Solutions (Pty) Ltd;;;;;
Savings & Loan Kenya Ltd;;;;;
Savings and Investment Association - South Africa;;;;;
Savino Del Bene;;;;;
Savino Del Bene (South Africa) (Pty) Ltd;;;;;
Savino Del Bene Powered by WordPress;;;;;
Savino Del Bene S.p.A.;;;;;
sawc.org.za;;;;;
Saxo Capital Markets South Africa (Pty) Ltd;;;;;
Saxon Hotel (Pty) Ltd;;;;;
Saxum Insurance Ltd;;;;;
Sayora Minerals (Pty) Ltd;;;;;
SB Cattle Ltd;;;;;
SBB Mozambique Lda;;;;;
SBE Tanzania Ltd;;;;;
SBG Securities (Pty) Ltd;;;;;
SBH Cotton Mills (Pty) Ltd;;;;;
SBM (Madagascar) Ltd;;;;;
SBM (NFC) Holdings Ltd;;;;;
SBM Asset Management Ltd;;;;;
SBM Bank (Kenya) Ltd;;;;;
SBM Bank (Mauritius) Ltd;;;;;
SBM Bank Kenya Limited;;;;;
SBM Capital Management Ltd;;;;;
SBM Fund Services Ltd;;;;;
SBM Holdings Ltd;;;;;
SBM Mauritius Asset Managers Ltd;;;;;
SBM Securities Ltd;;;;;
SBS Water Systems (Pty) Ltd;;;;;
SBT Software Operations (SA) (Pty) Ltd;;;;;
SBTH;;;;;
SBV;;;;;
SC Johnson & Sons;;;;;
SC Johnson Kenya;;;;;
Scamont Engineering (Pty) Ltd;;;;;
Scan Display Solutions (Pty) Ltd;;;;;
SCANCOM GHANA LTD;;;;;
Scancom Ltd;;;;;
Scania East Africa Ltd;;;;;
Scania Finance Southern Africa (Pty) Ltd;;;;;
Scania South Africa (Pty) Ltd;;;;;
Scantec (Pty) Ltd;;;;;
Scarlet Dawn Trading 40 CC;;;;;
Scarlet Ibis Investments 23 (Pty) Ltd;;;;;
Scatec ASA;;;;;
Scatterlings of Africa (Pty) Ltd;;;;;
Scaw Metals Ltd;;;;;
Scaw South Africa (Pty) Ltd;;;;;
scb.ci;;;;;
SCCR Group;;;;;
Scenic Air;;;;;
Scenic Air (Namibia);;;;;
Scenivision (Pty) Ltd;;;;;
Scent Pac (Pty) Ltd;;;;;
SCFC - Strategy and Corporate Finance Consulting;;;;;
Schaeffler South Africa (Pty) Ltd;;;;;
Schalit Shipley Network (Pty) Ltd;;;;;
Schauenburg System;;;;;
Scheckters Organic Beverages South Africa (Pty) Ltd;;;;;
SchemaZone;;;;;
Schenker South Africa (Pty) Ltd;;;;;
Schindler;;;;;
Schindler (SA) Investment Holding (Pty) Ltd;;;;;
Schindler Lifts (SA) (Pty) Ltd;;;;;
Schlumberger- Côte d'Ivoire;;;;;
Schneider Electric;;;;;
Schneider Electric IT South Africa (Pty) Ltd;;;;;
Schneider Electric Kenya;;;;;
Schneider Electric- Morocco;;;;;
Schneider Electric South Africa (Pty) Ltd;;;;;
Schoemans Technologies;;;;;
School Gear CC;;;;;
Schoombie Hartmann;;;;;
Schréder;;;;;
Schroder European Real Estate Investment Trust Plc;;;;;
Schwarte Engineering (Pty) Ltd;;;;;
Schweppes Zimbabwe Ltd;;;;;
Science for Africa Foundation;;;;;
Scientastic Inventions CC;;;;;
Scientia Optimate Financial Services (Pty) Ltd;;;;;
Scientific Chemicals (Pty) Ltd;;;;;
Scientific Industrial Firm ORT CC;;;;;
scientific.co.za;;;;;
SCIP Engineering Group;;;;;
SCJ South Africa Manufacturing (Pty) Ltd;;;;;
sc-mauritius.com;;;;;
SCNET (Pty) Ltd t/a Supply Chain Network;;;;;
SCOA Nigeria Plc;;;;;
Scoop Distribution;;;;;
Scooters Pizza Retail (Pty) Ltd;;;;;
Scope Markets Kenya;;;;;
Scopefull 21 (Pty) Ltd;;;;;
SCOR Africa Ltd;;;;;
Score Distribuicao SA;;;;;
Score Supermarkets (Trading) (Pty) Ltd;;;;;
Scott & Co;;;;;
Scottbader;;;;;
Scottburgh Quarries (Pty) Ltd;;;;;
SCOUL;;;;;
Scouts South Africa;;;;;
SCP Pharmaceuticals (Pty) Ltd;;;;;
scraptaxi.net;;;;;
Screen Image CC;;;;;
Screwy Lightbulb (Pty) Ltd;;;;;
Scribante Africa Mining (Pty) Ltd;;;;;
Scribante Concrete (Pty) Ltd;;;;;
Scribante Construction (EC) (Pty) Ltd;;;;;
Scribante Construction (Pty) Ltd;;;;;
Scribante Holdings (PE) (Pty) Ltd;;;;;
Scribante Labour Consultants;;;;;
Scribante Plant (Pty) Ltd;;;;;
Scriptnet Ltd;;;;;
Scriptpharm Risk Management (Pty) Ltd;;;;;
scsafrica.com;;;;;
SCV Consulting;;;;;
SD Mantell;;;;;
sda.co.za;;;;;
sdekock.co.za;;;;;
sdi.ac.mw;;;;;
SDK - Grand Optical Inc;;;;;
sdnp.org.mw;;;;;
SDS Sustainability Projects;;;;;
SDS SUSTAINABILITY PROJECTS;;;;;
SDTM;;;;;
Sea Breeze Group (Pty) Ltd;;;;;
Sea Harvest Corporation (Pty) Ltd;;;;;
Sea Harvest Investment Plc;;;;;
SEA INVEST;;;;;
Sea Kay Holdings Ltd;;;;;
Sea Lake Investments (Pty) Ltd;;;;;
Sea Monster Entertainment (Pty) Ltd;;;;;
Sea Point Craft Market CC;;;;;
Sea Submarine Communications Ltd;;;;;
Seaboard Overseas Ltd;;;;;
Seaboard Overseas Trading And Shipping (Pty) Ltd;;;;;
seaboardship.co.za;;;;;
Seaclad maritime;;;;;
SEACOM Ltd;;;;;
SEACOM Shared Services (Pty) Ltd;;;;;
SEACOM South Africa (Pty) Ltd;;;;;
SEAD (Pty) Ltd;;;;;
Seafood Hub Limited;;;;;
Seagro Fertilisers (Pty) Ltd;;;;;
Seagull Industries (Pty) Ltd;;;;;
Seal n Devices (Pty) Ltd;;;;;
Seal Shopfitting Services;;;;;
Sealed Air Africa (Pty) Ltd;;;;;
Sealed Air South Africa (Pty) Ltd;;;;;
Sealflex (Pty) Ltd;;;;;
Seamless Technologies (Pty) Ltd;;;;;
Seaproafrica;;;;;
Search Networx;;;;;
Search South Africa;;;;;
Searchie;;;;;
Seartec;;;;;
Seasons Find 1063 CC;;;;;
Seating (Bidvest);;;;;
Seattle Coffee Company (South Africa) (Pty) Ltd;;;;;
seavest.co.za;;;;;
Seaways (Pty) Ltd;;;;;
Seawind Investments 13 (Pty) Ltd;;;;;
Sebata Municipal Solutions;;;;;
Sebenza Forwarding and Shipping (Pty) Ltd;;;;;
Sebenzi Logistics (Pty) Ltd;;;;;
Sebokeng Fuels (Pty) Ltd;;;;;
sebola.co.za;;;;;
Sebtech Technologies (Pty) Ltd;;;;;
Sechaba Brewery Holdings Ltd;;;;;
Sechaba Computer Services;;;;;
Sechaba Medical Solutions (Pty) Ltd;;;;;
Sechaba Protection Services;;;;;
Sechabap;;;;;
Seche Group;;;;;
SeCo Project Managers (Pty) Ltd;;;;;
Seco Tools South Africa (Pty) Ltd;;;;;
Second Mouse Investments (The);;;;;
SECONDARY MANDATE 2;;;;;
Secoroc Ghana Ltd;;;;;
Section27;;;;;
Secunda Business Park Development (Pty) Ltd;;;;;
Secure Electronic Technology Plc ;;;;;
Secure Services Grp;;;;;
secureconekt.co.za;;;;;
Secured Mortgages One (Pty) Ltd;;;;;
SecureData Holdings Ltd;;;;;
SecureIT Consult Limited;;;;;
Securex Agencies;;;;;
Securex Agencies Ltd.;;;;;
SECURISYS-CI;;;;;
Securitas SA (Pty) Ltd;;;;;
Securitas SA Holdings (Pty) Ltd;;;;;
Securitas Specialised Services (Pty) Ltd;;;;;
Securitas Tactical (Pty) Ltd;;;;;
Securitas Technology (Pty) Ltd;;;;;
Security and Fire Projects;;;;;
Security and Property Protection Agency Co Ltd;;;;;
Security Association of South Africa;;;;;
Security Industry Alliance;;;;;
Security Officers Civil Rights and Allied Workers Union;;;;;
Security Services Employers' Organisation;;;;;
Security, Cleaning, Manufacturing and Allied Workers Union;;;;;
securitygroupug.com;;;;;
Sedgars Sport (Pty) Ltd;;;;;
Sedgefield 1-Stop (Pty) Ltd;;;;;
Sedgwick Claims Management Services, Inc.;;;;;
Sedibelo Platinum Mines Ltd;;;;;
Sedibeng Brewery (Pty) Ltd;;;;;
Sedibeng District Municipality;;;;;
Sedibeng Iron Ore (Pty) Ltd;;;;;
Sedibeng Water;;;;;
SEDICHEM;;;;;
Seed Co International Ltd;;;;;
Seed Co Ltd;;;;;
Seed Co Malawi Ltd;;;;;
Seed Co Tanzania Ltd;;;;;
Seed Co Zambia International Ltd;;;;;
Seed Co Zimbabwe (Pvt) Ltd;;;;;
Seedling Growers Association of South Africa;;;;;
Seeff Property Services (Pty) Ltd;;;;;
Seeff Sandton;;;;;
Seemahale Telecoms (Pty) Ltd;;;;;
Seemanns Quality Meats (Pty) Ltd;;;;;
SEESA;;;;;
SeeSIDE Extended;;;;;
Sefako Makgatho Health Sciences University;;;;;
Sefalana Cash and Carry Ltd;;;;;
Sefalana Holding Company Ltd;;;;;
Sefateng Chrome Mine (Pty) Ltd;;;;;
Sefeko;;;;;
SEI Investments (South Africa) (Pty) Ltd;;;;;
Seidor;;;;;
Seidor Africa;;;;;
SekelaXabiso (Pty) Ltd;;;;;
SekelaXabiso CA Inc;;;;;
Sekenke Exploration Ltd;;;;;
Sekhukhune District Municipality;;;;;
Sekunjalo Consumer Products (RF) (Pty) Ltd;;;;;
Selaki Sports;;;;;
Selby's Productions CC;;;;;
Select M Stores (Pty) Ltd;;;;;
Select PPE (Pty) Ltd;;;;;
Selected Energy (Pty) Ltd;;;;;
Selekane Asset Consultants (Pty) Ltd;;;;;
Self employed;;;;;
Self Help Africa;;;;;
Self Medication Manufacturers Association of South Africa;;;;;
self-employed;;;;;
Sellsure Insurance Brokers (Pty) Ltd;;;;;
Selpal;;;;;
Selpal (Pty) Ltd;;;;;
Selucreh (Pty) Ltd;;;;;
Sema Mobile Services Ltd;;;;;
SEMAFO Burkina Faso SA;;;;;
SEMAFO Guinee SA;;;;;
Semantica Digital;;;;;
Sembcorp Silulumanzi (RF) (Pty) Ltd;;;;;
Sembcorp Siza Water (RF) (Pty) Ltd;;;;;
Sembcorp Utilities South Africa (Pty) Ltd;;;;;
Senakha Diamonds Investments (Pty) Ltd;;;;;
Sendwave;;;;;
Sendy;;;;;
Sendy Limited;;;;;
Senegal Atac Supermarkets - SA;;;;;
SENET;;;;;
Senior Flexonics South Africa (Pty) Ltd;;;;;
Senj Investments (Pty) Ltd;;;;;
Senmin International (Pty) Ltd;;;;;
Senmin SA (Pty) Ltd;;;;;
Senqu Local Municipality;;;;;
Senqu Municipality;;;;;
Sensation Boats and Living (Pty) Ltd;;;;;
SensePost;;;;;
SensePost (Pty) Ltd;;;;;
Sensus;;;;;
Sentech SOC Ltd;;;;;
Senter 360 (Pty) Ltd;;;;;
Sentinal Clothing CC;;;;;
SENTINEL OCEAN ALLIANCE;;;;;
Sentinel Retirement Fund;;;;;
Sentio Capital Management (Pty) Ltd;;;;;
Sentra Namibia Ltd;;;;;
Sentraal-Suid Kooperasie Ltd;;;;;
Sentrachem Ltd;;;;;
Sentrasure Ltd;;;;;
Sentry Assurance of South Africa Ltd;;;;;
Sentula Mining Mauritius Ltd;;;;;
Senwes Grainlink de Mocambique Lda;;;;;
Senwes Grainlink East Africa Ltd;;;;;
Senwes Ltd;;;;;
Senwesbel Ltd;;;;;
Seoudi Supermarket;;;;;
sepcem.co.za;;;;;
Sephaku Holdings Ltd;;;;;
Seplat Petroleum Development Company Plc;;;;;
Seprotech (Pty) Ltd;;;;;
Sepyana Oil East Africa Ltd;;;;;
Sequel Support;;;;;
Sequence Logistics (Pty) Ltd;;;;;
SERATYPE (PTY) Ltd;;;;;
Serco Global Services South Africa (Pty) Ltd;;;;;
Serco Industries (Pty) Ltd;;;;;
Serein Dealers (Pty) Ltd;;;;;
Serendipity Toiletries (Pty) Ltd;;;;;
Serendipity Tours CC;;;;;
Serengeti Breweries Ltd;;;;;
Serengeti Energy;;;;;
Serengeti Fresh Ltd;;;;;
Serenity Spa Limited;;;;;
Serioplast;;;;;
Serious Choices Career Guidance (Pty) Ltd;;;;;
Seriti;;;;;
Seriti Coal (Pty) Ltd;;;;;
Seriti Financial Solutions (Pty) Ltd;;;;;
Seriti Kriel Colliery;;;;;
Seriti New Denmark Colliery;;;;;
Seriti New Vaal;;;;;
Seriti Power (Pty) Limited;;;;;
Seriti Resources Holdings (Pty) Ltd;;;;;
Seritigreen;;;;;
seritiza.co.za;;;;;
Sernet Soluções em Tecnologia;;;;;
Sernick Group (Pty) Ltd;;;;;
Serrol Ingredients Pty Ltd;;;;;
Servair Abidjan SA;;;;;
Servest (Pty) Ltd;;;;;
Servest Facilities Services (Pty) Ltd;;;;;
ServiceNow;;;;;
Services Air Group Inc;;;;;
Services and Systems Ltd;;;;;
Services Sector Education and Training Authority;;;;;
Services SETA;;;;;
Servicom SA;;;;;
ServiQual;;;;;
Servochem PTY;;;;;
Servsol Software Solutions;;;;;
Servworx Integrated Service Solutions (Pty) Ltd;;;;;
Sesfikile Capital (Pty) Ltd;;;;;
Sesha Fashions Clothing Manufacturers CC;;;;;
Session Blue Contractors Ltd;;;;;
SES-Zambia;;;;;
Set Point Group (Pty) Ltd;;;;;
Set Point Industrial Technology (Pty) Ltd;;;;;
SET Recruitment Consultants (Pty) Ltd;;;;;
Setcom (Pty) Ltd;;;;;
Seth Mokitimi Methodist Seminary;;;;;
Sethemba Coal (Pty) Ltd;;;;;
Setjhaba Carriers (Pty) Ltd;;;;;
Setoil (Pty) Ltd;;;;;
Setraco Nigeria Ltd;;;;;
Setsebi Property Services (Pty) Ltd;;;;;
Setshabelo Family and Child Services;;;;;
Setsoto Local Municipality;;;;;
Seven and Twelve on Houghton (Pty) Ltd;;;;;
Seven Seas Technologies Group Ltd.;;;;;
Seven Wood Trading 62 (Pty) Ltd;;;;;
Sevens Designs (Pty) Ltd;;;;;
Seventh Wave Investments (Pty) Ltd;;;;;
Seven-Up Bottling Company Plc;;;;;
Severstal OAO;;;;;
SEW EURODRIVE;;;;;
SEW-EURODRIVE (Pty) Ltd;;;;;
Sexual Rights Centre;;;;;
Seychelles Breweries Ltd;;;;;
SF Group of Companies Ltd;;;;;
SFF Association;;;;;
Sfikile Consulting;;;;;
sfilileconsulting.co.za;;;;;
SG Convenience;;;;;
SG Eksteen;;;;;
SG Tsogo (RF) (Pty) Ltd;;;;;
SGA Security;;;;;
SGA Security Kenya;;;;;
SGA Security Uganda;;;;;
SGB-Cape;;;;;
SGB-SMIT Group;;;;;
sgbsmit.group;;;;;
sgdistributors.co.za;;;;;
Sgits;;;;;
SGL Finance (Pty) Ltd;;;;;
SGRP Meridian;;;;;
SGS;;;;;
SGS Ghana Ltd;;;;;
SGS Kenya Limited;;;;;
SGS Mozambique LDA;;;;;
SGS South Africa (Pty) Ltd;;;;;
s-g-s.co.za;;;;;
SGX Logistics (Pty) Ltd;;;;;
SGX Transport (Pty) Ltd;;;;;
SHA Risk Specialists;;;;;
Shaft Sinkers (Pty) Ltd;;;;;
Shaft Sinkers International (Pty) Ltd;;;;;
Shah Solutions;;;;;
Shakaland (Pty) Ltd;;;;;
Shakaron Clothing (Pty) Ltd;;;;;
Shali Group Holdings Pty;;;;;
Shali Group Holdings Pty Ltd;;;;;
Shalina Healthcare Kenya;;;;;
Shalina Healthcare Nigeria Ltd;;;;;
Shalina Kinshasa Ltd (DRC);;;;;
Shalina Pharmaceuticals (Zambia) Ltd;;;;;
Shalina Pharmacy Ltd (South Sudan);;;;;
Shalina Pharmacy Sarl (Central African Republic);;;;;
Shallvest 5051 (Pty) Ltd;;;;;
Shamar Fashions CC;;;;;
Shamiri Institute;;;;;
Shamva Gold Mine;;;;;
Shamzang Property Investment Holdings (Pty) Ltd;;;;;
Shandong Iron and Steel Group Co Ltd;;;;;
Shanduka Beverages (South Africa) (Pty) Ltd;;;;;
Shanduka Group (Pty) Ltd;;;;;
Shangoni;;;;;
Shanta Gold Ltd;;;;;
Shantara Industries CC;;;;;
Sharaf Shipping Agency Ltd;;;;;
Share Buy-Back (Pty) Ltd;;;;;
Sharemax Investments SA (Pty) Ltd;;;;;
Sharkia National Company for Food Security SAE;;;;;
Sharm Dreams Company for Tourism Investment SAE;;;;;
sharobsteel.co.za;;;;;
Shatterprufe;;;;;
Shazaming West Africa;;;;;
Sheave Analytics;;;;;
Sheds At 1 Fox (Pty) Ltd (The);;;;;
Sheer Publishing (Pty) Ltd;;;;;
Sheerline Aluminium Systems (Pty) Ltd;;;;;
Sheerprops 1061 (Pty) Ltd;;;;;
Sheerprops 129 (Pty) Ltd;;;;;
Sheerprops 71 (Pty) Ltd;;;;;
Sheffield Minerals (Pty) Ltd;;;;;
Sheffield Steel Systems;;;;;
Sheffield Steel Systems Limited;;;;;
SHEGU;;;;;
Sheldon Recruitment;;;;;
Shelf Alfa Sandworks (Pty) Ltd;;;;;
Shelf Crushco (Pty) Ltd;;;;;
Shell and BP South African Petroleum Refineries (Pty) Ltd;;;;;
Shell Downstream South Africa (Pty) Ltd;;;;;
Shell Global Customer Services Centre Cape Town (Pty) Ltd;;;;;
SHELL Nigeria;;;;;
Shell South Africa Energy (Pty) Ltd;;;;;
Shell South Africa Exploration (Pty) Ltd;;;;;
Shell South Africa Holdings (Pty) Ltd;;;;;
Shell South Africa Marketing (Pty) Ltd;;;;;
Shella;;;;;
Shelter Afrique;;;;;
Shelys Africa Ltd;;;;;
Shelys Pharmaceuticals International Ltd;;;;;
Shelys Pharmaceuticals Ltd;;;;;
Shenka Industries CC;;;;;
Shepstone & Wylie Attorneys;;;;;
Sherborne Number Ten Parktown Investments (Pty) Ltd;;;;;
Sherbourne Capital Ltd;;;;;
Shereno Printers CC;;;;;
Sherlotronics;;;;;
Sherpa Trade and Invest 32 (Pty) Ltd;;;;;
Shezi Industrial Holdings (Pty) Ltd;;;;;
Shield Chemicals (Pty) Ltd;;;;;
Shimansky Collection (Pty) Ltd;;;;;
ShinCel (Pty) Ltd;;;;;
shineatdawn.co.za;;;;;
Shipping and General Transport Services (Pty) Ltd;;;;;
shipyards.co.za;;;;;
Shires Quarry (Pty) Ltd;;;;;
Shisa Energy Systems (Pty) Ltd;;;;;
Shisa Investments Ltd;;;;;
Shisaka Development Management Services;;;;;
Shiva Clothing CC;;;;;
Shiva Uranium (Pty) Ltd;;;;;
Shivani Manufacturing Ltd;;;;;
SHL US LLC;;;;;
Shock Proof Investments 171 (Pty) Ltd;;;;;
Shoe City (Pty) Ltd;;;;;
Shoe City Holdings (Pty) Ltd;;;;;
SHOFCO Kenya;;;;;
Shones Transform Oil CC;;;;;
Shongweni Farmers Market CC;;;;;
Shooga Shooga (Pty) Ltd;;;;;
Shop and Ship Online (Pty) Ltd;;;;;
Shopmax (Pty) Ltd;;;;;
Shoppers Supermarket Ltd;;;;;
Shoprite Checkers (Pty) Ltd;;;;;
Shoprite Holdings Ltd;;;;;
Shoprite Insurance Company Ltd;;;;;
Shoprite Investments Ltd;;;;;
Shoprite Mozambique Lda;;;;;
Shoreline Sales and Distribution (Pty) Ltd;;;;;
Shorouk for Modern Printing and Packaging SAE;;;;;
SHORTHORN PRINTERS LIMITED;;;;;
ShortKode;;;;;
SHOUT-IT-NOW;;;;;
Showtime Management (Pty) Ltd;;;;;
shporite.co.za;;;;;
Shree Property Holdings;;;;;
Shrijee Traders Ltd;;;;;
Shubombo Agricultural Services (Pty) Ltd;;;;;
Shumani Industrial Equipment;;;;;
Shumani Industrial Equipment (Pty) Ltd;;;;;
Shumani Mills Communications (Pty) Ltd;;;;;
Shumba Energy;;;;;
Shumba Energy Ltd;;;;;
Shumba Investments (Pty) Ltd;;;;;
shumsheid jeetoo;;;;;
shusa.co.za;;;;;
Shuter;;;;;
Shuter and Shooter Publishers (Pty) Ltd;;;;;
Shyr-Li Properties (Pty) Ltd;;;;;
SI Group;;;;;
Siae Microelettronica (South Africa) (Pty) Ltd;;;;;
Sias;;;;;
Sibaca and Maduna (Pty) Ltd;;;;;
Sibanye Bus Services (Pty) Ltd;;;;;
Sibanye Gold Ltd;;;;;
Sibanye Rustenburg Platinum Mines (Pty) Ltd;;;;;
Sibanye-Stillwater;;;;;
sibasi.ltd;;;;;
Sibelo Resource Development (Pty) Ltd;;;;;
Sibusiso Mahlangu;;;;;
SIC Financial Services Ltd;;;;;
SIC Insurance Company Ltd;;;;;
SIC Life Company Ltd;;;;;
Sicame South Africa (Pty) Ltd;;;;;
Sicamines Sarl;;;;;
Sice South Africa (Pty) Ltd;;;;;
SICK Automation Southern Africa (Pty) Ltd;;;;;
SICOM Financial Services Ltd;;;;;
SICOM General Insurance Ltd;;;;;
SICOM Global Fund Ltd;;;;;
SICOM Group;;;;;
SICOM Management Ltd;;;;;
SICOM Registry & Secretarial Services Ltd;;;;;
Sidi Kerir Petrochemicals Company;;;;;
Sidian Bank Ltd;;;;;
sidt.ci;;;;;
Sidu Investments CC;;;;;
Siemens (Pty) Ltd;;;;;
Siemens Energy;;;;;
Siemens Gamesa Renewable Energy, S.A.;;;;;
Siemens Healthcare (Pty) Ltd;;;;;
Siemens Healthcare Diagnostics (Pty) Ltd;;;;;
Siemens Healthineers;;;;;
Siemens in Africa;;;;;
Siemens IT Solutions & Services (Pty) Ltd;;;;;
Siemens IT Solutions and Services Holdings (Pty) Ltd;;;;;
Siemens Kenya Ltd;;;;;
Siemens Mobility (Pty) Ltd;;;;;
Siemens Real Estate Management (Pty) Ltd;;;;;
siemens-healthees.com;;;;;
siemens-healthines.com;;;;;
Sierra Mineral Holdings 1 Ltd;;;;;
Sierra Rutile Ltd;;;;;
sifca-ci.com;;;;;
SIFCO International Fashion Company (Pty) Ltd;;;;;
SIFCOM Group;;;;;
Sifft Investment Holdings (Pty) Ltd;;;;;
SIG Corporate Services, a division of Sanlam Life Insurance;;;;;
sigcombibloc.co.za;;;;;
Siginon Group;;;;;
Siginon Group Limited;;;;;
Sigma Coatings (Pty) Ltd;;;;;
Sigma Health Fund Managers (Pty) Ltd;;;;;
Sigma Lifts and Escalators (Pty) Ltd;;;;;
Sigma SA;;;;;
Signa Group;;;;;
Signant Health;;;;;
Signature Flight Support;;;;;
Signature Made (Pty) Ltd;;;;;
Signature-Life Hospitality (Pty) Ltd;;;;;
Signify;;;;;
Signify (Pty) Ltd;;;;;
Signify Software;;;;;
Sika;;;;;
Sika South Africa (Pty) Ltd;;;;;
Sikaliveshe General Trading (Pty) Ltd;;;;;
Sikhanyisizwe (Pty) Ltd;;;;;
Sikunyana Inc. Attorneys & Conveyancers;;;;;
Sikunye Bakery (Pty) Ltd;;;;;
SIL;;;;;
Silafrica Group;;;;;
Silcom (Pty) Ltd;;;;;
Silica Financial Administration Solutions (Pty) Ltd;;;;;
Silica Quartz (Pty) Ltd;;;;;
Silica Software Solutions (Pty) Ltd;;;;;
Silicon Overdrive;;;;;
Silicon Sky;;;;;
Silicon Smelters (Pty) Ltd;;;;;
Silicon Technology (Pty) Ltd;;;;;
Silk by Design (Pty) Ltd;;;;;
Silkblaze 15 (Pty) Ltd;;;;;
Silks Gaming and Leisure (Pty) Ltd;;;;;
Silkwood Trading 18 (Pty) Ltd;;;;;
Silo;;;;;
Silostrat (Pty) Ltd;;;;;
Silplat (Pty) Ltd;;;;;
silq.co.za;;;;;
SILS;;;;;
Silver Blade Abattoir (Pty) Ltd;;;;;
Silver Cluster Loan Stock Company (Pty) Ltd;;;;;
Silver Crest Trading 127 (Pty) Ltd;;;;;
Silver Crown Old Age Home;;;;;
Silver Food SA;;;;;
Silver Holdings Limited;;;;;
Silver Leaf Manco (Pty) Ltd;;;;;
Silver Solutions 2737 CC;;;;;
Silver Tint Investments 1 (Pty) Ltd;;;;;
Silver Tunnel Investments 20 (Pty) Ltd;;;;;
Silveray Manufacturers (Pty) Ltd;;;;;
Silveray Properties (Pty) Ltd;;;;;
Silveray Stationary Company;;;;;
Silveray Stationery;;;;;
Silverbridge Holdings Limited;;;;;
Silverfield Trading (Pty) Ltd;;;;;
Silverlight Events and Decor (Pty) Ltd;;;;;
Silversands Ethanol (Pty) Ltd;;;;;
Silversoft;;;;;
Silverstar Casino (Pty) Ltd;;;;;
Silverstar Digital Agency;;;;;
Silverstone Solutions;;;;;
Silverton Manufacturing (Pty) Ltd;;;;;
Silverton Travel (Pty) Ltd;;;;;
silverunicorn.co.za;;;;;
SIM Capital Alliance Value Fund;;;;;
Sima Chrome (Pty) Ltd;;;;;
Sima Operations (Pty) Ltd;;;;;
simarca.co.za;;;;;
Simba (Pty) Ltd;;;;;
Simba Africa Maritime (Pty) Ltd;;;;;
Simba Africa Rift Energy Ltd;;;;;
Simba Corporation Limited;;;;;
SIMBA Group Uganda;;;;;
Simba Milling Ltd;;;;;
Simba Oil Zambia;;;;;
simbacolt.com;;;;;
SimbaNet Malawi;;;;;
Simbarite Ltd;;;;;
Simbisa Brands Kenya;;;;;
Simbisa Brands Ltd;;;;;
Simco 5 (Pty) Ltd;;;;;
Sime Darby Hudson and Knight (Pty) Ltd;;;;;
Simeka Consultants and Actuaries (Pty) Ltd;;;;;
Simfy Africa (Pty) Ltd;;;;;
Simigyn (Pty) Ltd;;;;;
Similux (Pty) Ltd;;;;;
Simimark (Pty) Ltd;;;;;
Simitri Specialty Chemicals (Pty) Ltd;;;;;
Simlaw Seeds;;;;;
Simmer and Jack (Pty) Ltd;;;;;
Simmons (South Africa) (Pty) Ltd;;;;;
Simmons SA (Pty) Ltd;;;;;
Simon Efune Manufacturing Jewellers CC;;;;;
Simon Krok Investments (Pty) Ltd;;;;;
Simon Workwear;;;;;
Simondium Spring Water CC;;;;;
Simonsig Landgoed (Pty) Ltd;;;;;
Simplified Freight Services;;;;;
Simplified IT Services;;;;;
Simply I.T. S.A.;;;;;
Simpson's Bottle Store CC;;;;;
simrox.co.za;;;;;
Simunye Cluster Primary Co-operative Ltd;;;;;
Sinai Cement Company SAE;;;;;
Sinapi Biomedical (Pty) Ltd;;;;;
Sinapis Group;;;;;
Sinayo Securities (Pty) Ltd;;;;;
Sincephetelo Motor Vehicle Accidents Fund (SMVAF);;;;;
Sinetech (Pty) Ltd;;;;;
Singabakhi Holdings (Pty) Ltd;;;;;
Singapore Airlines Ltd;;;;;
Singenza Tree Felling CC;;;;;
Singisi Forest Products (Pty) Ltd;;;;;
Singita (Pty) Ltd;;;;;
Singita Management Company (Pty) Ltd;;;;;
Single Source Data (Pty) Ltd;;;;;
Singtex Clothing Manufacturers (Pty) Ltd;;;;;
Singular Systems;;;;;
Sino Malagasy de Travaux Publics;;;;;
Sinochem Ningbo Ltd;;;;;
Sinodale Deputate vir Diakonale Sake van die Gereformeerde Kerk in Suid-Afrika;;;;;
Sinohydro Corporation Ltd;;;;;
sinovuyonojoko.co.za;;;;;
Sinqobile Agricultural Co-operative Ltd;;;;;
Sintech;;;;;
Sintrex;;;;;
Sintrex Integration Services (Pty) Ltd;;;;;
Sinvac Piping (Pty) Ltd;;;;;
Sinvent Investments 195 (Pty) Ltd;;;;;
Sio valley technologies;;;;;
SIOC Community Development Trust;;;;;
SIPEM Banque Madagascar;;;;;
Siphelele Consulting (Pty) Ltd;;;;;
SIQ Conformity Assessment Africa (Pty) Ltd;;;;;
Siqalo Foods (Pty) Ltd;;;;;
SIR;;;;;
Sir Fruit;;;;;
Sir Fruit Pty Ltd;;;;;
Sir Juice;;;;;
Sirago Underwriting Managers (Pty) Ltd;;;;;
SIRECOM;;;;;
Sirius Consulting (Pty) Ltd;;;;;
Sirius Real Estate Ltd;;;;;
SIS Global;;;;;
SiSekela Consulting;;;;;
Sisekelo institute of sustainability;;;;;
Siseko Minerals (Pty) Ltd;;;;;
Sishen Iron Ore Company (Pty) Ltd;;;;;
SISOL LABOUR PROJECTS;;;;;
Sisonke Partnership (The);;;;;
Sisonke Pharmaceuticals (Pty) Ltd;;;;;
sisonkedm.gov.za;;;;;
Sissons Feeds CC;;;;;
Sistema Biobolsa;;;;;
sistema.bio;;;;;
Sisun Food Investments CC;;;;;
siswegroup.co.za;;;;;
SIT COM;;;;;
SIT elearning solutions;;;;;
SIT Land Holdings Ltd;;;;;
SITA;;;;;
SITA SOC;;;;;
Sita SOC (Ltd);;;;;
sita1.co.za;;;;;
sita11.co.za;;;;;
Sitatunga Resources (Pty) Ltd;;;;;
Site Maintenance and Fabrication Services (Pty) Ltd;;;;;
siths.co.za;;;;;
Sivaya Promotions;;;;;
SiVEST;;;;;
Sivunosetfu (Pty) Ltd;;;;;
Sixteen Herschensonn Road CC;;;;;
Sixth of October for Development and Investment Company SAE;;;;;
SixthGate Resources;;;;;
Siya construction ULT;;;;;
Siyabona Fishing (Pty) Ltd;;;;;
Siyach Cleaning and Hygiene Services (Pty) Ltd;;;;;
Siyaduma Auto Ferriers (Pty) Ltd;;;;;
SIYAFUNDA CTC;;;;;
Siyahamba Engineering (Pty) Ltd;;;;;
Siyahluma-Nathi Consultants (Pty) Ltd;;;;;
Siyakha Implementation Partners (Pty) Ltd;;;;;
Siyakhula Trust ETD Institute;;;;;
Siyan;;;;;
Siyanda Bakgatla;;;;;
Siyanda Business Management (Pty) Ltd;;;;;
Siyanda Chrome Investments (Pty) Ltd;;;;;
Siyanda Chrome Smelting Company (Pty) Ltd;;;;;
Siyanda Coal (Pty) Ltd;;;;;
Siyanda Inkwali Resources RF (Pty) Ltd;;;;;
Siyanda Investments (Pty) Ltd;;;;;
Siyanda Met Services (Pty) Ltd;;;;;
Siyanda Metals Marketing Company (Pty) Ltd;;;;;
Siyanda Mining Corporation (Pty) Ltd;;;;;
Siyanda Platinum (Pty) Ltd;;;;;
Siyanda Refining Services (Pty) Ltd;;;;;
Siyanda Resources (Pty) Ltd;;;;;
Siyanqoba Worldwide Express (Pty) Ltd;;;;;
Siyaphambili Manufacturing (Pty) Ltd;;;;;
Siyaphambili Sewing CC;;;;;
SiyaQhubeka Forests (Pty) Ltd;;;;;
Siyasebenza Manufacturing CC;;;;;
Siyashesha Construction CC;;;;;
Siyathemba Local Municipality;;;;;
Siyathuthuka Care Centre (Pty) Ltd;;;;;
Siyavula Education (Pty) Ltd;;;;;
Siyaya Phambili;;;;;
Siyaya Skills Institute;;;;;
siyayaec.co.za;;;;;
Siyeza Security Services (Pty) Ltd;;;;;
Siyuvela Facilities Services (Pty) Ltd;;;;;
Siza Coal Services CC;;;;;
Sizabantu Piping Systems (Pty) Ltd;;;;;
Sizanani Sizwe Agricultural Services (Pty) Ltd;;;;;
Sizano Staffing Services (Pty) Ltd;;;;;
Sizwe Africa IT Group;;;;;
Sizwe IT Group;;;;;
Sizwe Medical Fund;;;;;
Sizwentsaluba VSP Services (Pty) Ltd;;;;;
SizweNtsalubaGobodo Inc;;;;;
SJTI;;;;;
SK Chemtrade Services (Pty) Ltd;;;;;
Skaleupp Digital;;;;;
Skanem Interlabels Nairobi Limited;;;;;
Skema bar e churrascaria;;;;;
SKF Group;;;;;
SKF South Africa (Pty) Ltd;;;;;
Skhomo Technologies;;;;;
Skhwilisendlala Agricultural Primary Co-operative Limited;;;;;
Skikda Bottling Company;;;;;
Skill-Africa;;;;;
Skillinx;;;;;
Skills College;;;;;
Skills Resource Group;;;;;
SkillsGro (Pty) Ltd;;;;;
SkillsLink;;;;;
Skillsoft;;;;;
Skillsoft UK Limited;;;;;
Skin Rejuvenation Technologies (Pty) Ltd;;;;;
Skinwell Holdings Ltd;;;;;
Skol Brewery Ltd Rwanda;;;;;
Skol Building Contractors Ltd;;;;;
skorpionzinc.com.na;;;;;
skryflabpotch.co.za;;;;;
skxprotiviti.co.za;;;;;
Sky Blue Media (Pty) Ltd;;;;;
Sky Center Holdings Botswana;;;;;
Sky Jeans Company Ltd;;;;;
Sky Metro Office Automation (Pty) Ltd;;;;;
Sky Sands (Pty) Ltd;;;;;
Skybound Capital;;;;;
Skybound Capital (Pty) Ltd;;;;;
Skybound Trust Services (Pty) Ltd;;;;;
Skybox Security;;;;;
Skycore Aviation (Pty) Ltd;;;;;
Skye Bank Gambia Ltd;;;;;
Skye Bank Guinea Ltd;;;;;
Skye Bank Plc;;;;;
Skye Bank Sierra Leone Ltd;;;;;
Skye Distribution (Pty) Ltd;;;;;
Skye Shelter Fund Plc;;;;;
Skynamo (Pty) Ltd;;;;;
Skynamo Ltd;;;;;
Skynet South Africa (Pty) Ltd;;;;;
Skyprops 160 (Pty) Ltd;;;;;
Skyprops 22 (Pty) Ltd;;;;;
SKYROCKS TECHNICAL SERVICES;;;;;
Skyrove;;;;;
Skywater Dimensions CC;;;;;
SkyWire;;;;;
SL;;;;;
Slab Equipment Finance Company (Pty) Ltd;;;;;
Slab Joint Finance Company (RF) (Pty) Ltd;;;;;
Slab Leasing Company (Pty) Ltd;;;;;
Slab Trading Company (Pty) Ltd;;;;;
Sladden International (Botswana) (Pty) Ltd;;;;;
Slateblu Distribution (Pty) Ltd;;;;;
Slater Coal Marketing (Pty) Ltd;;;;;
slclogin.com;;;;;
Slipstream Data;;;;;
Slipstream Software Solutions;;;;;
Slow Food Garden Route;;;;;
Slow Market Group (Pty) Ltd;;;;;
SM Publishing South Africa (Pty) Ltd;;;;;
SMA Solar Technology South Africa (Pty) Ltd;;;;;
SMA Sub-Sahara Production (Pty) Ltd;;;;;
Small and Medium Enterprises Development Corporation (The);;;;;
Small Business Institute;;;;;
Small Enterprise Development Agency (The);;;;;
Small Enterprise Finance Agency Ltd;;;;;
Small Enterprise Foundation (The);;;;;
Smart Applications International;;;;;
Smart Applications International Ltd;;;;;
Smart Centre (Pty) Ltd;;;;;
Smart Insights;;;;;
Smart Life Insurance Company Ltd (The);;;;;
Smart Office Connexion Group Holdings (Pty) Ltd;;;;;
Smart People Africa;;;;;
Smart People Africa Ltd;;;;;
Smart Phone (Pty) Ltd;;;;;
Smart Products Nigeria Plc;;;;;
Smart River Industrial Corporation CC;;;;;
Smart Sapphire Dealings (Pty) Ltd;;;;;
Smart Union Resources South Africa Ltd;;;;;
Smart Village (Pty) Ltd;;;;;
Smart Wage;;;;;
smartadvance;;;;;
SmartAxess;;;;;
Smartcash Payment Service Bank Ltd;;;;;
Smartcom;;;;;
Smartcom (Pty) Ltd;;;;;
SmartLabs;;;;;
smartlearners.co.za;;;;;
SmartLinkConsultancy;;;;;
smartmatta.com;;;;;
smartoffice-kzn.co.za;;;;;
SmartPalm;;;;;
Smartpass Africa (Pty) Ltd;;;;;
Smartphone SP (Pty) Ltd;;;;;
smartplancc.co.za;;;;;
SmartProf;;;;;
Smartprof Business;;;;;
SmartRecruiters;;;;;
Smartsheet;;;;;
smart-source.net;;;;;
smartUP (Pty) Ltd;;;;;
SMC Brands (Namibia);;;;;
smc-sa.com;;;;;
SMD Technologies;;;;;
SME Bank Ltd;;;;;
SME Corporate Solutions (Pty) Ltd;;;;;
SME Infratech (Pty) Ltd;;;;;
SMEC Holdings Limited;;;;;
SMEC South Africa (Pty)Ltd;;;;;
sme-lightning;;;;;
SMEP Microfinance Bank Ltd;;;;;
Smgdistributors;;;;;
Smile Communications Nigeria Ltd;;;;;
Smilefin;;;;;
Smiley's Footwear (Pty) Ltd;;;;;
smilingone.com;;;;;
Smillie Properties (Pty) Ltd ;;;;;
Smit Amandla Marine (Pty) Ltd;;;;;
Smit Holdings SA (Pty) Ltd;;;;;
Smit Marine South Africa (Pty) Ltd;;;;;
Smith and Nephew (Pty) Ltd;;;;;
Smith Animal Feeds CC;;;;;
Smith Attorneys;;;;;
Smith Capital Equipment (Pty) Ltd;;;;;
Smith Garb;;;;;
Smith Garb & Associates;;;;;
Smith Mining Equipment (Pty) Ltd;;;;;
Smith Power Equipment;;;;;
Smith Tabata Buchanan Boyes Inc;;;;;
Smiths Manufacturing;;;;;
Smiths Manufacturing (Pty) Ltd;;;;;
smithtabata.co.za;;;;;
smithwin.co.za;;;;;
SMK Genomineerdes (Pty) Ltd;;;;;
SML4change (PTY)LTD;;;;;
SMM Instruments (Pty) Ltd;;;;;
Smoke Customer Intelligence Inc;;;;;
Smollan;;;;;
Smollan Group;;;;;
Smollan Group South Africa (Pty) Ltd;;;;;
Smollan Kenya Ltd;;;;;
Smollan SA Services (Pty) LTD;;;;;
SMS Mining;;;;;
SMS Portal;;;;;
SMSPortal;;;;;
smstechnologies.co.za;;;;;
smths.co.za;;;;;
Snackworks;;;;;
Snap-On Africa (Pty) Ltd;;;;;
Snappcab (Pty) Ltd;;;;;
Snapt;;;;;
SNC Lavalin - Murray and Roberts (Pty) Ltd;;;;;
Snhb;;;;;
SNS Technologies;;;;;
SNV (Netherlands development organisation);;;;;
Snyman Business Trust;;;;;
Soap & Allied Industries Ltd;;;;;
Soap Factory CC (The);;;;;
Soapstone Investment Ltd;;;;;
Soares da Costa Mozambique Sarl;;;;;
Sobhashile Alien Plant Control (Pty) Ltd;;;;;
socgen.co.za;;;;;
Social Housing Regulatory Authority;;;;;
Social Media Examiner;;;;;
Social Security Commission of Namibia;;;;;
Sociedade de Aguas de Mozambique Lda;;;;;
Societe Adwya SA;;;;;
Societe Africaine de Plantations d'Heveas SA;;;;;
Societe Africaine des Plantations d'Heveas SA;;;;;
Societe Anonyme Marocaine de l'Industrie de Raffinage SA;;;;;
Societe Arabe Internationale De Banque SAE;;;;;
Societe Ashanti Goldfields de Guinee SA;;;;;
Societe Centre Point;;;;;
Societe Chimique Alkimia SA;;;;;
Societe de Batiment et Travaux SA;;;;;
Societe De Boissons De I'Ouest;;;;;
Societe de Constructions et de Batiments;;;;;
Societe de Distribution d'Eau de la Cote d'Ivoire SA;;;;;
Societe de Fabrication des Boissons de Tunisie SA;;;;;
Societe de Limonaderies et Brasseries d'Afrique SA;;;;;
Societe de Production Agricole Teboulba SA;;;;;
Societe de Realisations Mecaniques SA;;;;;
Societe de Therapeutique Marocaine SA;;;;;
Societe de Transport Des Hydrocarbures Par Pipelines SA;;;;;
Societe d'Engrais et de Produits Chimiques de Madagascar;;;;;
Societe des Brasseries du Maroc SA;;;;;
Societe des Caoutchoucs de Grand-Bereby SA;;;;;
Societe Des Marques de la Republique de Cote d'Ivoire;;;;;
Societe des Mines De Morila SA;;;;;
Societe Des Mines de Taparko;;;;;
Societe des Mines du Liptako (SML) SA;;;;;
Societe d'Etudes et de Travaux pour l'Afrique de l'Ouest SA;;;;;
Societe d'Exploitation des Mines d'Or de Sadiola SA;;;;;
Societe d'Exploitation des Mines d'Or de Yatela SA;;;;;
Societe d'Exploitation des Ports SA;;;;;
Societe Du Courlis;;;;;
Societe Enatou;;;;;
Societe Europeenne des Peaux;;;;;
Societe Gare du Nord;;;;;
Société Générale;;;;;
Société Générale Cameroon;;;;;
Société Générale Cote d'Ivoire;;;;;
Societe Generale de Banques en Cote d'Ivoire SA;;;;;
Societe Generale Ghana Ltd;;;;;
Societe Generale SA;;;;;
Société Générale Senegal;;;;;
Societe HBM;;;;;
Societe Hexabyte SA;;;;;
Societe Immobiliere Balima SA;;;;;
Societe Immobiliere D'Ambodivona Sarl (SIA);;;;;
Societe Immobiliere Et De Participations SA;;;;;
Societe Immobiliere Tuniso-Saoudienne SA;;;;;
Societe Industrielle d'Appareillage et de Materiels Electriques SA;;;;;
Societe Ivoirienne de Cables SA;;;;;
Societe Ivoirienne De Coco Rape SA;;;;;
Societe Ivoirienne de Promotion de Supermarches;;;;;
Societe Ivoirienne des Tabacs SA;;;;;
Societe Magasin General SA;;;;;
Societe Maghrebine de Monetique SA;;;;;
Societe Mauricienne d'Entreprise Generale Ltee;;;;;
Societe Metallurgique D'imiter SA;;;;;
Societe Miniere de Dinguiraye;;;;;
Societe Moderne De Ceramique S.A.;;;;;
Societe Multinationale de Bitumes SA;;;;;
Societe Narien;;;;;
Societe National des Telecommunications du Senegal SA;;;;;
Societe Nationale de Chemins de Fer du Congo Sarl;;;;;
Societe Nationale d'Electrolyse et de Petrochimie SA;;;;;
Société Nationale des Télécommunications du Senegal;;;;;
Societe Nationale Industrielle et Miniere SA;;;;;
Societe Nouvelle des Phosphates du Togo;;;;;
Societe Nouvelle Maison de la Ville de Tunis SA;;;;;
Societe Proban;;;;;
Societe Rebab Company SA Ltd;;;;;
Societe Reunionnaise de Distribution Pharmaceutique (SOREDIP);;;;;
Societe Sicarex;;;;;
Societe Tunisienne De Banque SA;;;;;
Societe Tunisienne de Biscuiterie SA;;;;;
Societe Tunisienne de l'Electricite et du Gaz;;;;;
Societe Tunisienne De Verreries SA;;;;;
Societe Tunisienne d'Entreprises de Telecommunications SA;;;;;
Societe Tunisienne D'Equipement SA;;;;;
Societe Tunisienne des Industries Pharmaceutique de Tunisia SA;;;;;
Societe Tunisienne des Marches de Gros SA;;;;;
Societe Usiniere Du Sud;;;;;
Society for Family Health;;;;;
Society of Advocates of KwaZulu-Natal;;;;;
Society of Advocates Transkei;;;;;
Society of Incentive and Travel Executives;;;;;
SOCIMEX Madagascar;;;;;
SOCITECH SA;;;;;
Sockit Manufacturing (Pty) Ltd;;;;;
Socomex Nigeria Ltd;;;;;
Socomex Pharmacy Ltd (Ghana);;;;;
Socremo MicroBanco;;;;;
Soda King Franchising CC;;;;;
Sodexo Africa (Pty) Ltd;;;;;
Sodexo Investments (Pty) Ltd;;;;;
Sodexo Southern Africa (Pty) Ltd;;;;;
SOFAC S.A.;;;;;
SOFGEN Consulting;;;;;
SOFIBanque;;;;;
Sofisa Phillips;;;;;
Soft;;;;;
Soft company;;;;;
SoftBev (Pty) Ltd;;;;;
Softex Tissue Products (Pvt) Ltd;;;;;
Softline Accpac (Pty) Ltd;;;;;
SoftPoint;;;;;
Softtecinnovation;;;;;
Software AG South Africa (Pty) Ltd;;;;;
Software Tech Holdings (Pty) Ltd;;;;;
Software Technologies Limited;;;;;
SOHCO;;;;;
Soho Property (Pty) Ltd;;;;;
Soitec Solar RSA (Pty) Ltd;;;;;
Sokowatch;;;;;
Sokowatch Inc.;;;;;
SOKOWATCH LIMITED;;;;;
Sol Plaatje Local Municipality;;;;;
Sol Plaatje University;;;;;
Solahart Botswana;;;;;
Solar Heat Exchangers (Pty) Ltd;;;;;
Solar Panda;;;;;
Solar Panda Kenya;;;;;
Solar Sister Tanzania;;;;;
Solar Sport Manufacturers (Pty) Ltd;;;;;
Solardome SA CC;;;;;
Solareff;;;;;
Solareff (Pty) Ltd;;;;;
Solaris;;;;;
Solarplasma (Pty) Ltd;;;;;
Solarpop Distribution (Pty) Ltd;;;;;
SolarReserve;;;;;
SolarReserve GCL Humansrus PV1 (Pty) Ltd;;;;;
SolarReserve GCL Soutdrift PV1 (Pty) Ltd;;;;;
Solarsister Kenya;;;;;
Solarzone (Pty) Ltd;;;;;
Solauram;;;;;
Soled Ltd;;;;;
Solenco South Africa;;;;;
Solenta Aviation (Pty) Ltd;;;;;
Solera Holdings LLC;;;;;
Solethu Civils Holdings (Pty) Ltd;;;;;
Solethu Investments (Pty) Ltd;;;;;
Solethu Marine Services (Pty) Ltd;;;;;
Solgar South Africa (Pty) Ltd;;;;;
Solguard (Pty) Ltd;;;;;
solibra-ci.com;;;;;
Solice Pulchellus Marketing Group CC;;;;;
Solid State Power (Pty) Ltd;;;;;
Solid Systems;;;;;
Solid Waste Technologies South Africa (Pty) Ltd;;;;;
Solidaire Banque SA;;;;;
Solidaridad Network;;;;;
Solidarity;;;;;
SOLIDitech;;;;;
Soliton Telmec Uganda;;;;;
soliton.co.ug;;;;;
Solotrade 1088 CC;;;;;
SoluGrowth Pty;;;;;
Solutech Limited;;;;;
Solution Technologies;;;;;
Solutioneers;;;;;
Solv Kenya;;;;;
SOLV Kenya;;;;;
Solvay Polymers and Chemicals South Africa (Pty) Ltd;;;;;
Solvyng;;;;;
Soma Solutions;;;;;
Somagem Mining Company Ltd;;;;;
Somerset Baby Hyper (Pty) Ltd;;;;;
Somwes Eiendomme (Pty) Ltd;;;;;
Son Revieren (Pty) Ltd;;;;;
SONA Breweries Plc;;;;;
Sona Systems Associates Business Management Ltd;;;;;
Sonae Arauco;;;;;
Sonae Arauco South Africa (Pty) Ltd;;;;;
Sonamet;;;;;
Sonangol;;;;;
Sonasid S.A.;;;;;
Sonatrach;;;;;
SONATREL;;;;;
Sonatrel;;;;;
Sondor Industries (Pty) Ltd;;;;;
Songas Limited Tanzania;;;;;
Songhai Travel (Pty) Ltd;;;;;
Soniawear Ltd;;;;;
Sonja Smith Funeral Group (Pty) Ltd;;;;;
Sonke Pharmaceuticals (Pty) Ltd;;;;;
Sonke Telecoms;;;;;
Sonnendal Dairies (Pty) Ltd;;;;;
Sonop Old Age Home;;;;;
Sonset Nominees (Pty) Ltd;;;;;
Sony Music Entertainment Africa (Pty) Ltd;;;;;
Sony South Africa (Pty) Ltd;;;;;
Sorádio Lda;;;;;
Sorbet Experience (Pty) Ltd (The);;;;;
Sorec Ltd;;;;;
Sorfert Algeria Company;;;;;
Sorghum Forum of South Africa (The);;;;;
Sothema;;;;;
SOTRA CI;;;;;
SOTRAVIC;;;;;
Soudal SA (Pty) Ltd;;;;;
Soul City Institute;;;;;
Souldance Holdings 11 (Pty) Ltd;;;;;
Soulproviders;;;;;
Soundprops 1223 Investments (Pty) Ltd;;;;;
Soundprops 192 (Pty) Ltd;;;;;
Soundz of Asher;;;;;
Source Citrus Genesis RSA (Pty) Ltd;;;;;
Source Nominees (Pty) Ltd;;;;;
Source Public Relations CC (The);;;;;
sout32.net;;;;;
South;;;;;
South Afican Civil Aviation Authority;;;;;
south africa;;;;;
SOUTH AFRICA CARGO SERVICES;;;;;
South Africa Online;;;;;
South Africa Red Cross Society (The);;;;;
South AfricaICA;;;;;
South Africal Local Government Bargaining Council;;;;;
South African Adhesives (SA Adhesives) (Pty) Ltd;;;;;
South African Agency for Science and Technology Advancement (SAASTA);;;;;
South African Agricultural Processors Association;;;;;
South African Airways (SOC) Ltd;;;;;
South African Airways City Center (SOC) Ltd;;;;;
South African Airways Technical (SAAT);;;;;
South African Animal Health Association;;;;;
South African Apparel Association;;;;;
South African Association for Food Science and Technology;;;;;
South African Association of Freight Forwarders (The);;;;;
South African Association of Health and Skin Care Professionals;;;;;
South African Association of Herbal Practitioners;;;;;
South African Association of Ship Operators and Agents;;;;;
South African Association of the Flavour and Fragrance Industry;;;;;
South African Associations of Water Utilities;;;;;
South African Audience Research Foundation (The);;;;;
South African Avocado Growers' Association;;;;;
South African Bank Note Company;;;;;
South African Bank of Athens Ltd (The);;;;;
South African Bankers Services Company (Pty) Ltd ( BankservAfrica);;;;;
South African Battery Manufacturers Association;;;;;
South African Board for Sheriffs;;;;;
South African Board For Sheriffs (SABFS);;;;;
South African Book Development Council (The);;;;;
South African Booksellers Association;;;;;
South African Breweries (Pty) Ltd (The);;;;;
South African Breweries Barley Farm (Pty) Ltd (The);;;;;
South African Breweries Centenary Company (The);;;;;
South African Breweries Hop Farms (Pty) Ltd (The);;;;;
South African Breweries Maltings (Pty) Ltd (The);;;;;
South African Broadcasting Corporation SOC Ltd;;;;;
South African Building & Allied Workers Organisation;;;;;
South African Bulk Terminals (Pty) Ltd;;;;;
South African Bureau of Standards;;;;;
South African Bus Employers' Association;;;;;
South African Business Council;;;;;
South African Cactus Pear Growers Association;;;;;
South African Cane Growers Association;;;;;
South African Capital Equipment Export Council (The);;;;;
South African Chamber of Baking;;;;;
South African Chefs Association;;;;;
South African Chemical Institute (The);;;;;
South African Chemical Workers Union;;;;;
South African Cities Network;;;;;
South African Civil Aviation Authority;;;;;
South African Cleaners, Security and Allied Workers' Union;;;;;
South African Clothing Industries (Pty) Ltd;;;;;
South African Coal Mining Holdings Ltd;;;;;
South African College High School;;;;;
South African Colliery Managers' Association (The);;;;;
South African Commercial, Catering and Allied Workers Union;;;;;
South African Communication Association;;;;;
South African Communications Union;;;;;
South African Congress for Early Childhood Development;;;;;
South African Container Depots (Pty) Ltd;;;;;
South African Container Stevedores (Pty) Ltd;;;;;
South African Council for Educators;;;;;
South African Council for Natural Scientific Professions;;;;;
South African Council for the Architectural Profession;;;;;
South African Council for the Project & Construction Management Professions (The);;;;;
South African Council for the Quantity Surveying Profession (The);;;;;
South African Credit & Risk Reporting Association;;;;;
South African Custodial Management (Pty) Ltd;;;;;
South African Custodial Services (Louis Trichardt) (Pty) Ltd;;;;;
South African Deep Sea Angling Association;;;;;
South African Deep-Sea Trawling Industry Association;;;;;
South African Democratic Teachers' Union;;;;;
South African Dental Association (The);;;;;
South African Diamond & Precious Metals Regulator;;;;;
South African Diaries (Pty) Ltd;;;;;
South African Distilleries and Wines (SA) Ltd;;;;;
South African Elevator Company  (SAEC) (Pty) Ltd;;;;;
South African Express Airways (SOC) Ltd;;;;;
South African Express Parcel Association;;;;;
South African Facilities Management Association;;;;;
South African Federation of Trade Unions;;;;;
South African Feedlot Association;;;;;
South African Financial Services Intermediaries Association (The);;;;;
South African Fine Worsteds (Pty) Ltd;;;;;
South African Footwear and Leather Export Council;;;;;
South African Forestry Company (SOC) Ltd;;;;;
South African Forestry Contractors Association;;;;;
South African Forestry, Farming, Catering and Allied Workers Union;;;;;
South African Forum of Civil Engineering Contractors;;;;;
South African Fruit & Vegetable Canners' Export Council;;;;;
South African Fruit and Vegetable Canners' Association;;;;;
South African Furniture and Allied Workers Union;;;;;
South African Glass and Glazing Association;;;;;
South African Honeybush Tea Association;;;;;
South African Human Rights Commission (The);;;;;
South African Institute for Aquatic Biodiversity;;;;;
South African Institute Of Black Property Practitioners;;;;;
South African Institute of Chartered Accountants (The);;;;;
South African Institute Of Financial Markets;;;;;
South African Institute of Foundrymen;;;;;
South African Institute of Professional Accountants;;;;;
South African Institute of Refrigeration and Air Conditioning;;;;;
South African Institute of Stockbrokers;;;;;
South African Institute of Taxation;;;;;
South African Institution of Civil Engineering (The);;;;;
South African Institution of Mechanical Engineers;;;;;
South African Insurance Association (The);;;;;
South African Intruder Detection Services Association;;;;;
South African Iron & Steel Institute;;;;;
South African Koi Traders Association;;;;;
South African Landscapers Institute;;;;;
South African Leisure Tourism & Hospitality Association;;;;;
South African Liberated Public Sector Workers Union;;;;;
South African Liquor Brand Owners Association;;;;;
South African Local Government Association;;;;;
South African Mango Growers' Association;;;;;
South African Manufacturing Jewellery Company (Pty) Ltd;;;;;
South African Manufacturing Technology Demonstration Centre;;;;;
South African Maritime Safety Authority;;;;;
South African Meat Industry Company;;;;;
South African Meat Processors Association;;;;;
South African Medical Association (The);;;;;
South African Medical Device Industry Association;;;;;
South African Medical Research Council;;;;;
South African Medico Legal Association;;;;;
South African Metal Finishing Association;;;;;
South African Metal Processing (Pty) Ltd;;;;;
South African Micro-Finance Apex Fund;;;;;
South African Milk Processors Organisation (The);;;;;
South African Mining Development Association;;;;;
South African Mint Company (RF) (Pty) Ltd;;;;;
South African Municipal Workers Union;;;;;
South African Music Performance Rights Association;;;;;
South African National Accreditation System;;;;;
South African National Biodiversity Institute;;;;;
South African National Blood Service;;;;;
South African National Bottled Water Association;;;;;
South African National Congress Group;;;;;
South African National Consumers Union;;;;;
South African National Council on Alcoholism & Drug Dependence;;;;;
South African National Deaf Association;;;;;
South African National Editor's Forum (The);;;;;
South African National Energy Development Institute;;;;;
South African National Parks;;;;;
South African National Roads Agency SOC Ltd (The);;;;;
South African National Security and Allied Workers Forum;;;;;
South African National Security Employers' Association;;;;;
South African National Space Agency;;;;;
South African National Taxi Council;;;;;
South African Nuclear Energy Corporation SOC Ltd (The);;;;;
South African Nursery Association;;;;;
South African Nursing Council;;;;;
South African Oil and Gas Alliance;;;;;
South African Oil Refinery (Pty) Ltd;;;;;
South African Optometric Association;;;;;
South African Orthopaedic Association;;;;;
South African Orthotic and Prosthetic Association;;;;;
South African Paint Industry Training Institute;;;;;
South African Paint Manufacturers Association;;;;;
South African Paper Mills (Pty) Ltd;;;;;
South African Parastatal and Tertiary Institutions Union;;;;;
South African Pest Control Association;;;;;
South African Petroleum Industry Association;;;;;
South African Pharmacy Council (The);;;;;
South African Plywood (Pty) Ltd;;;;;
South African Police Service Medical Scheme;;;;;
South African Police Service(SAPS);;;;;
South African Polypropylene Yarns (Pty) Ltd;;;;;
South African Poultry Association;;;;;
South African Press Association (The);;;;;
South African Private Ambulance and Emergency Services Association (The);;;;;
South African Private Security Workers' Union;;;;;
South African Property Owners Association;;;;;
South African Public Service;;;;;
South African Qualification & Certification Committee for the Fire Industry (The);;;;;
South African Qualifications Authority;;;;;
South African Quality Institute;;;;;
South African Quarter Horse Association;;;;;
South African Radio Astronomy Observatory;;;;;
South African Recording Rights Association Ltd;;;;;
South African Reserve Bank;;;;;
South African Reserve Bank Captive Insurance Company (RF) Ltd;;;;;
South African Revenue Service;;;;;
South African Road Federation;;;;;
South African Road Passenger Bargaining Council;;;;;
South African Rooibos Council;;;;;
South African Rugby Legends;;;;;
South African Sailing;;;;;
South African Scale Company (Pty) Ltd;;;;;
South African School of Motion Picture Medium and Live Performance (Pty) Ltd (The);;;;;
South African Securitisation Programme (RF) Ltd;;;;;
South African Security Federation;;;;;
South African Social Security Agency;;;;;
South African Society for Enology & Viticulture;;;;;
South African Society of Integrative Medicine (The);;;;;
South African Society of Nuclear Medicine;;;;;
South African Society of Occupational Medicine;;;;;
South African Society of Physiotherapy (The);;;;;
South African Sociological Association;;;;;
South African Spa Association;;;;;
South African Spine Society;;;;;
South African Sports Medicine Association;;;;;
South African Squid Management Industrial Association;;;;;
South African State and Allied Workers Union;;;;;
South African Subtropical Growers Association;;;;;
South African Sugar Association;;;;;
South African Sugar Millers Association Ltd;;;;;
South African Sugar Technologists' Association;;;;;
South African Supplier Development Agency -SASDA (Pty) Ltd;;;;;
South African Textile Industry Export Council;;;;;
South African Textile Services Association;;;;;
South African Tissue Manufacturers Association;;;;;
South African Tourism Board;;;;;
South African Transport and Allied Workers Union;;;;;
South African Typographical Union;;;;;
South African Tyre Manufacturers Conference;;;;;
South African United Commercial and Allied Employers' Organisation;;;;;
South African Valve and Actuators Manufacturers Association;;;;;
South African Veterinary Council;;;;;
South African Warmblood Horse Society (The);;;;;
South African Weather Service;;;;;
South African Wind Energy Association;;;;;
South African Wine Industry Trust (The);;;;;
South African Wire Business Council;;;;;
South African Women in Mining Association;;;;;
South African Wood Preservers Association;;;;;
South Atlantic Express Submarine Cable (Pty) Ltd;;;;;
South Atlantic Fisheries (Pty) Ltd;;;;;
South Cairo & Giza Flour Mills & Bakeries Company SAE;;;;;
South Cape Wireless;;;;;
South Coast Bus Service (Pty) Ltd;;;;;
South Coast Business Chamber;;;;;
South Coast Stone Crushers (Pty) Ltd;;;;;
South Ocean Electric Wire Company (Pty) Ltd;;;;;
South Ocean Holdings Ltd;;;;;
South Spice International (Pty) Ltd;;;;;
South Valley Cement Company SAE;;;;;
South West Gauteng TVET College;;;;;
South32;;;;;
South32 Aluminium SA (Pty) Ltd;;;;;
South32 Group Operations Pty Ltd;;;;;
South32 Ltd;;;;;
South32 Properties (Pty) Ltd;;;;;
South32 SA Coal Holdings (Pty) Ltd;;;;;
South32 SA Finance (Pty) Ltd;;;;;
South32 SA Holdings Ltd;;;;;
South32 SA Ltd;;;;;
South32 SA Manganese Holdings (Pty) Ltd;;;;;
Southchester (RF) Ltd;;;;;
Southchester Capital (Pty) Ltd;;;;;
SouthCity E-Waste Recyclers (Pty) Ltd;;;;;
Southcote Management Services (Pty) Ltd;;;;;
Southdowns College;;;;;
Southdowns Investments (Pty) Ltd;;;;;
Southern Africa Compressed Gases Association;;;;;
Southern Africa Master Distributors (Pty) Ltd;;;;;
Southern Africa Ready-Mix Association;;;;;
Southern Africa Stainless Steel Development Association;;;;;
Southern Africa Tourism Services;;;;;
Southern Africa Travellers Cheque Company (Pty) Ltd;;;;;
Southern African Association for Learning and Educational Differences;;;;;
Southern African Association for Stationery, Home and Office Products (The);;;;;
Southern African Association for the Conference Industry;;;;;
Southern African Bioenergy Association;;;;;
Southern African Bio-Fuels Association;;;;;
Southern African Biogas Industry Association;;;;;
Southern African Bitumen Association (RF);;;;;
Southern African Book Dealers Association;;;;;
Southern African Broadcasting Association;;;;;
Southern African Bus Operators Association;;;;;
Southern African Clothing and Textile Workers Union;;;;;
Southern African Coal Processing Society;;;;;
Southern African Communications Industries Association;;;;;
Southern African Confederation of Agricultural Unions;;;;;
Southern African Footwear and Leather Industries Association;;;;;
Southern African Freelancers' Association;;;;;
Southern African Fruit Terminals (Pty) Ltd;;;;;
Southern African Gas Association;;;;;
Southern African Generic Medicines Association;;;;;
Southern African Grain Laboratory (The);;;;;
Southern African Institute For Occupational Hygiene (The);;;;;
Southern African Institute of Forestry (The);;;;;
Southern African Institute of Learning;;;;;
Southern African Institute Of Mining and Metallurgy (The);;;;;
Southern African Institute of Steel Construction;;;;;
Southern African Institute of Welding;;;;;
Southern African Laboratory Diagnostics Association;;;;;
Southern African Light Steel Frame Building Association (Division of Southern African Institute of Steel Construction);;;;;
Southern African Marketing Research Association;;;;;
Southern African Motorcycles (Pty) Ltd;;;;;
Southern African Music Rights Organisation;;;;;
Southern African Plastic Pipe Manufacturers Association;;;;;
Southern African Pump Systems Development Association;;;;;
Southern African Railways Association;;;;;
Southern African Regional Universities Association;;;;;
Southern African Research and Innovation Management Association (SARIMA);;;;;
Southern African Shippers Transport and Logistics Council;;;;;
Southern African Shipyards (Pty) Ltd;;;;;
Southern African Vehicle Rental and Leasing Association;;;;;
Southern African Vinyls Association;;;;;
Southern Air Conditioning (Pty) Ltd;;;;;
Southern Ambition 1385 CC;;;;;
Southern Arrows (Pty) Ltd;;;;;
Southern Canned Products (Pty) Ltd;;;;;
Southern Cross Investments (Pty) Ltd;;;;;
Southern Cross Tourist Company Ltd;;;;;
Southern Electricity Company (Pty) Ltd;;;;;
Southern Electricity Company Ltd;;;;;
Southern Energy Trading (Pty) Ltd;;;;;
Southern Fruit Growers (Pty) Ltd;;;;;
Southern Greetings (Pty) Ltd;;;;;
Southern Implants (Pty) Ltd;;;;;
SOUTHERN INDUSTRIAL ELECTRONICS;;;;;
Southern Life Property Developments (Pty) Ltd;;;;;
Southern Medical (Pty) Ltd;;;;;
Southern MN (Pty) Ltd;;;;;
Southern Oil (Pty) Ltd;;;;;
Southern Palace Investments 228 (Pty) Ltd;;;;;
Southern Palace Investments 245 (Pty) Ltd;;;;;
Southern Palace Investments 48 (Pty) Ltd;;;;;
Southern Pipeline Contractors (Pty) Ltd;;;;;
Southern Power Maintenance (Pty) Ltd;;;;;
Southern Pumps S A (Pty) Ltd;;;;;
Southern RX Distributors (Pty) Ltd;;;;;
Southern Star Computers;;;;;
Southern Star Production (Pty) Ltd;;;;;
Southern Sudan Beverages Ltd;;;;;
Southern Sun;;;;;
Southern Sun Holdings Ltd;;;;;
Southern Sun Hotel Interests (Pty) Ltd;;;;;
Southern View Finance SA (Pty) Ltd;;;;;
Southern View Finance SA Holdings (Pty) Ltd;;;;;
Southern View Finance UK Ltd;;;;;
Southern Wind Shipyards (Pty) Ltd;;;;;
Southernera Diamonds Inc;;;;;
Southernera Management Services South Africa (Pty) Ltd;;;;;
Southey Holdings (Pty) Ltd;;;;;
Southey SA (Pty) Ltd;;;;;
Southland Foods (Pty) Ltd;;;;;
Sovereign Food Investments Ltd;;;;;
Sovereign Motors (Pty) Ltd;;;;;
Sovereign Trust Insurance Plc;;;;;
sowetan.co.za;;;;;
Soweto Community Television;;;;;
SP Khanya Trading and Project (Pty) Ltd;;;;;
SP Knitting CC;;;;;
SP Media (Pty) Ltd;;;;;
Space and Style Limited;;;;;
Space Minerals (Pty) Ltd;;;;;
Space Television (Cape) (Pty) Ltd;;;;;
Space Television (Pty) Ltd;;;;;
Spacebyte;;;;;
Spacetel Benin SA;;;;;
Spacetel Guinea-Bissau SA;;;;;
Span Africa;;;;;
Spanet Technologies and Training Institute;;;;;
Spanet Technologies and Training Institute(Pty) Ltd;;;;;
Spanjaard Ltd;;;;;
Spank Trading CC;;;;;
SPAR;;;;;
SPAR Group (Botswana) (Pty) Ltd (The);;;;;
SPAR Group Ltd (The);;;;;
Spar Guild of Southern Africa (The);;;;;
Spar Harare (Pvt) Ltd;;;;;
SPAR International- Zimbabwe;;;;;
Spar Mozambique Lda;;;;;
Spar Namibia (Pty) Ltd;;;;;
Spar Retail Stores (Pty) Ltd;;;;;
SPAR Zambia Ltd;;;;;
sparcmelt.co.za;;;;;
Spark ATM Systems (Pty) Ltd;;;;;
Spark Micro Grants;;;;;
Spark MicroGrants;;;;;
Spark Schools SPC;;;;;
Sparkport Pharmacy;;;;;
Sparks and Ellis (Pty) Ltd;;;;;
Sparrow Consulting;;;;;
Sparrow Portal;;;;;
Sparta Baby Beef (Pty) Ltd;;;;;
Sparta Foods (Pty) Ltd;;;;;
Spartan Finance;;;;;
Spartan Technology Rentals (Pty) Ltd;;;;;
Spartan Truck Hire;;;;;
SPCA Durban;;;;;
spdental.co.za;;;;;
Spear Motors Ltd.;;;;;
Spear Reit Ltd;;;;;
Spearhead IT Industries (Pty) Ltd;;;;;
Spearhead Property Holdings (Pty) Ltd;;;;;
Spec Savers South Africa (Pty) Ltd;;;;;
Special Effects Media South Africa;;;;;
Special Ice Company Ltd;;;;;
Special Investigating Unit;;;;;
Special New Fruit Licensing South Africa (Pty) Ltd;;;;;
Special Vehicle Innovation (Pty) Ltd;;;;;
Specialised Exhibitions (Pty) Ltd;;;;;
Specialised Video Solutions Holdings (Pty) Ltd;;;;;
Specialist Underwriting Managers Holdings (Pty) Ltd;;;;;
Specialists Franchise Group (Pty) Ltd (The);;;;;
Specialists Group (Pty) Ltd (The);;;;;
Specialites Pet Food South Africa (Pty) Ltd;;;;;
Speciality Coffee Association of Southern Africa;;;;;
Speciality Foods (Zambia) Ltd;;;;;
Specialized Coating Systems (Pty)Ltd;;;;;
Specialty Minerals South Africa (Pty) Ltd;;;;;
Specmed Medical Services (Pty) Ltd;;;;;
Specno;;;;;
Specpharm Holdings (Pty) Ltd;;;;;
Spectra Oil;;;;;
Spectramed Medical Scheme;;;;;
Spectranet Ltd;;;;;
Spectrem Air (Pty) Ltd;;;;;
Spectrum Communications Pty;;;;;
Spectrum Multi Media (Pty) Ltd;;;;;
Spectrum Solutions CC;;;;;
Spectrum Technical;;;;;
Spectrum Valuation Services (Pty) Ltd;;;;;
Spectrum Valuations and Asset Solutions (Pty) Ltd;;;;;
Spectrumnovus;;;;;
Spel Oil Ghana Ltd;;;;;
Spencer Stuart South Africa (Pty) Ltd;;;;;
Spencon Holdings Ltd;;;;;
Spescare (Pty) Ltd;;;;;
Spescom Ltd;;;;;
sphereictsolutions.co.za;;;;;
Sphindabathembu Trading Enterprise (Pty) Ltd;;;;;
SPI International (Pty) Ltd;;;;;
Spice Emporium (Pty) Ltd;;;;;
Spice Importers and Millers CC;;;;;
Spice Mecca (Pty) Ltd;;;;;
Spice Pod (Pty) Ltd (The);;;;;
Spicer Professional Services (Pty) Ltd;;;;;
Spier Farm Management (Pty) Ltd;;;;;
Spier Wines (Pty) Ltd;;;;;
Spin Media (Pty) Ltd;;;;;
Spinneys Egypt Ltd;;;;;
Spintelligent (Pty) Ltd;;;;;
SpiphTransformers (Pty) Ltd;;;;;
Spirax Sarco;;;;;
Spirax Sarco South Africa (Pty) Ltd;;;;;
Spire Bank;;;;;
Spitfire Inbound;;;;;
Spitzkop Platinum (Pty) Ltd;;;;;
S-PLANE;;;;;
Splashworks (Pty) Ltd;;;;;
SPM Publishers International (Pty) Ltd;;;;;
SPOC Managed Services;;;;;
Spoor & Fisher;;;;;
Spoor and Fisher;;;;;
spoornet.co.za;;;;;
Sport & Recreation South Africa;;;;;
Sport Exchange, The;;;;;
sportexchange.co.za;;;;;
Sportron International (Pty) Ltd;;;;;
Sports Science Institute of South Africa;;;;;
Sportsnation-Travel;;;;;
Spotlight Agency;;;;;
Spot-On-Discount Liquors (Pty) Ltd;;;;;
SPOUTS of Water;;;;;
Spray Jet Engineering CC;;;;;
Spree;;;;;
sprigroup.co.za;;;;;
Spring Airlines;;;;;
Spring Romance Properties 34 (Pty) Ltd;;;;;
Spring Valley Foods (Pty) Ltd;;;;;
Spring Waters Nigeria Ltd;;;;;
Springboard Capital Ltd;;;;;
Springbok Atlas (Pty) Ltd;;;;;
Springbok Box (Pty) Ltd;;;;;
Springboklaagte Mining (Pty) Ltd;;;;;
Springboks;;;;;
Springfield Collieries Ltd;;;;;
Springfontein Wine Estate;;;;;
Springold Investments (Pty) Ltd;;;;;
Springs Car Wholesalers (Pty) Ltd;;;;;
Springtrade 196 CC;;;;;
Sprout Consulting;;;;;
SPS Manufacturing (Pty) Ltd;;;;;
Spunbond Holdings (Pty) Ltd;;;;;
Spunchem International;;;;;
Spunprint;;;;;
Spur Advertising (Pty) Ltd;;;;;
Spur Corporation Ltd;;;;;
Spur Group (Pty) Ltd;;;;;
Spur Group Properties (Pty) Ltd;;;;;
spurcorp.com;;;;;
SPW Leveraged Equity (Pty) Ltd;;;;;
SPX Technologies (Pty) Ltd;;;;;
SQ Data & Consulting;;;;;
SQS Group;;;;;
Squad Digital Ltd;;;;;
Square 9;;;;;
Square One Solutions Group Ltd;;;;;
SRA SHE Solutions;;;;;
SRF Flexipak (South Africa) (Pty) Ltd;;;;;
srifroup.co.za;;;;;
SRK Consulting (South Africa) (Pty) Ltd;;;;;
SRL Maldives Ltd;;;;;
SRL Management Ltd;;;;;
Ssa;;;;;
SSAB South Africa (Pty) Ltd;;;;;
SSC Shelving & Racking;;;;;
SSEM Mthembu Medical (Pty) Ltd;;;;;
SSG Consulting;;;;;
ssinc.co.za;;;;;
SSL Structural Systems (Africa) (Pty) Ltd;;;;;
SSNIT;;;;;
SSS Tank (Pty) Ltd;;;;;
St Albans College;;;;;
St Andrews School for Girls;;;;;
St Augustine College of South Africa;;;;;
St Benedict’s College;;;;;
St Benedict’s Preparatory;;;;;
St Catherine’s School;;;;;
ST Communications;;;;;
St David Marist Inanda;;;;;
St Francis Marine CC;;;;;
St John’s College;;;;;
St John's College;;;;;
St Jude primary school;;;;;
St Malo Exports Ltd;;;;;
St Martin's;;;;;
St Mary's Private Hospital (Pty) Ltd;;;;;
St Paul Underwriting Managers (Pty) Ltd;;;;;
St Peters Schools;;;;;
St Regis Tobacco Corporation Ltd;;;;;
St Stithian’s College;;;;;
St Stithian’s College for Girls;;;;;
St. AUGUSTINE HIGH SCHOOL;;;;;
St. Cyprian's School;;;;;
St. Peter's College;;;;;
St. Regis Hotels;;;;;
STA Coal Mining Company (Pty) Ltd;;;;;
STA Travel (Pty) Ltd;;;;;
Staal Boer CC;;;;;
Stabex International Ltd;;;;;
Stables Lifestyle Market (Pty) Ltd;;;;;
Stabus Tours (Pty) Ltd;;;;;
stabustour.com;;;;;
STACO Insurance Plc;;;;;
stadardbank.co.za;;;;;
STADIO Higher Education;;;;;
Stadio Holdings Ltd;;;;;
Staffing Logistics (Pty) Ltd;;;;;
Staffing Tunisia;;;;;
Staffline Recruitment;;;;;
stafflog.co.za;;;;;
Stage Audio Works (Pty) Ltd;;;;;
Stainless Fabricators (Pty) Ltd;;;;;
Stallion Security (Pty) Ltd;;;;;
Stamford Fourth Ltd;;;;;
Stamford Properties Ltd;;;;;
Stan iB;;;;;
Stanbi Solutions;;;;;
Stanbic Bank Botswana;;;;;
Stanbic Bank Botswana Ltd;;;;;
Stanbic Bank Congo Sarl;;;;;
Stanbic Bank Cote d'Ivoire;;;;;
Stanbic Bank Ghana Ltd;;;;;
Stanbic Bank Ltd;;;;;
Stanbic Bank Tanzania Ltd;;;;;
Stanbic Bank Uganda Ltd;;;;;
Stanbic Bank Zambia Ltd;;;;;
Stanbic Bank Zimbabwe Ltd;;;;;
Stanbic Holdings Plc;;;;;
Stanbic IBTC Asset Management Ltd;;;;;
Stanbic IBTC Bank Plc;;;;;
Stanbic IBTC Capital Ltd;;;;;
Stanbic IBTC Holdings Plc;;;;;
Stanbic IBTC Pension Managers Ltd;;;;;
Stanbic IBTC Stockbrokers Ltd;;;;;
Stanbic IBTC Trustees Ltd;;;;;
Stanbic IBTC Ventures Ltd;;;;;
Stanbic Nominees Nigeria Ltd;;;;;
stanbicbank.com.ci;;;;;
stanchion.co.za;;;;;
Stand 1135 Houghton (Pty) Ltd;;;;;
Stand 1843 Rustenburg (Pty) Ltd;;;;;
Stand 4-534 Wadeville (Pty) Ltd;;;;;
Stand 777 Kathu (Pty) Ltd;;;;;
Stand One Two Seven Six Carletonville (Pty) Ltd;;;;;
Standard academy;;;;;
Standard Alliance Insurance Plc;;;;;
Standard Bank - Learning and Development: Personal and Business Banking;;;;;
Standard Bank Central IT and Operations;;;;;
Standard Bank de Angola SA;;;;;
Standard Bank Group;;;;;
Standard Bank Group Ltd;;;;;
Standard Bank Insurance Brokers (Pty) Ltd;;;;;
Standard Bank Ltd (Malawi);;;;;
Standard Bank Mauritius Ltd;;;;;
Standard Bank Namibia Ltd;;;;;
Standard Bank of South Africa Ltd (The);;;;;
Standard Bank Sarl;;;;;
Standard Bank Swaziland Ltd;;;;;
Standard Chartered Bank Botswana Ltd;;;;;
Standard Chartered Bank Cameroon;;;;;
Standard Chartered Bank de Angola S.A.;;;;;
Standard Chartered Bank Ghana Ltd;;;;;
Standard Chartered Bank Insurance Agency (Pty) Ltd;;;;;
Standard Chartered Bank Kenya Ltd;;;;;
Standard Chartered Bank Nigeria Ltd;;;;;
Standard Chartered Bank Plc;;;;;
Standard Chartered Bank Zambia Plc;;;;;
Standard Chartered Bank Zimbabwe Ltd;;;;;
Standard Chartered Botswana;;;;;
Standard Chartered Investment Services Ltd;;;;;
Standard Chartered Investments (Pty) Ltd;;;;;
Standard Chartered Nominees (Pty) Ltd;;;;;
Standard Chartered Plc;;;;;
Standard Clothing Manufacturers CC;;;;;
Standard Continuous Stationery Ltd;;;;;
Standard General Insurance Company Ltd (The);;;;;
Standard Group Ltd;;;;;
Standard Insurance Ltd;;;;;
Standard Investment Bank;;;;;
Standard Investment Bank Limited;;;;;
Standard Labels Ltd;;;;;
Standard Lesotho Bank;;;;;
Standard Lesotho Bank Ltd;;;;;
Standard Telephones and Cables;;;;;
Standard Wool South Africa CC;;;;;
standardbankinsurance.co.za;;;;;
standardbanklife.co.za;;;;;
standaredbank.co.za;;;;;
Standbank;;;;;
standbic.com;;;;;
standerdbankinsurence.co.za;;;;;
Standerton Mills (Pty) Ltd;;;;;
Standerton Oil Mills (Pty) Ltd;;;;;
Stanler Farms (Pty) Ltd;;;;;
Stanley Black & Decker;;;;;
STANLIB (Swaziland) Unit Trust Management Company Ltd;;;;;
Stanlib Asset Management (Pty) Ltd;;;;;
Stanlib Fahari I-REIT;;;;;
Stanlib Investment Management Services (Pty) Ltd;;;;;
Stanlib Kenya Ltd;;;;;
STANLIB Lesotho (Pty) Ltd;;;;;
Stanlib Ltd;;;;;
Stanlib Multi-Manager Ltd;;;;;
Stanlib Namibia (Pty) Ltd;;;;;
Stanlib Namibia Unit Trust Management Company (Pty) Ltd;;;;;
Stanlib Swaziland (Pty) Ltd;;;;;
Stanlib Wealth Management Ltd;;;;;
Stanmark Cocoa Processing Company Ltd;;;;;
Stanmark Enterprises (Pty) Ltd;;;;;
Stannic Fleet Management (Division of Standard Bank Group Ltd);;;;;
Stapleford Wines (Pvt) Ltd;;;;;
Star Cement Ltd;;;;;
Star Choice Trading 448 (Pty) Ltd;;;;;
Star Diamonds (Pty) Ltd;;;;;
Star Factory;;;;;
Star Hire International;;;;;
Star Knitwear Group Ltd;;;;;
Star Metals (Pty) Ltd ;;;;;
Star Recycling Company (Pty) Ltd;;;;;
Star South Fruits (Pty) Ltd;;;;;
Starafricacorporation Ltd;;;;;
StarBox Technologies;;;;;
Starbright Solutions;;;;;
Starbucks South Africa;;;;;
Starburst Pyrotechnics Fireworks Displays CC;;;;;
Starcomms Plc;;;;;
Starfair 27 CC;;;;;
Starfield Metals Ltd;;;;;
Stargang Trading (Pty) Ltd;;;;;
Stargrow Fruit Marketing (Pty) Ltd;;;;;
starkeayres.co.za;;;;;
StarLife;;;;;
StarLife Assurance;;;;;
Starlinger Southern Africa (Pty) Ltd;;;;;
Starlite Aviation Group;;;;;
Starlite Holdings (Pty) Ltd;;;;;
Starpak (Pty) Ltd;;;;;
Starplex 513 (Pty) Ltd;;;;;
starrate;;;;;
Starrateit;;;;;
Stars Wellness;;;;;
Startek;;;;;
Starting Right Investments Two Zero Five (Pty) Ltd;;;;;
Startrap Systems (Pty) Ltd;;;;;
Starwin Products Ltd;;;;;
Staseychelles;;;;;
State Bank of India;;;;;
State Diamond Trader;;;;;
State Information Technology Agency SOC Ltd;;;;;
State Insurance Company of Mauritius Ltd;;;;;
State Security Agency;;;;;
Static Control Components (SA) (Pty) Ltd;;;;;
statisiticssa.gov.za;;;;;
Statistics Botswana;;;;;
Statistics South Africa;;;;;
Statsure (Pty) Ltd;;;;;
Status Capital Building Society;;;;;
Statutory Council for the Fast Food, Restaurant, Catering and Allied Trades;;;;;
Staufen;;;;;
Staycold International (Pty) Ltd;;;;;
STE Biso Na Biso Sarl;;;;;
Steadman Global;;;;;
Stealth Yachts (Pty) Ltd;;;;;
Steam Generation Africa (Pty) Ltd;;;;;
Steamflo CC;;;;;
Steel and Engineering Industries Federation of Southern Africa;;;;;
Steel Galaxy Botswana;;;;;
Steelco Broking (Pty) Ltd;;;;;
Steelcor (Pty) Ltd;;;;;
Steeledag (Pty) Ltd;;;;;
Steeledale (Pty) Ltd;;;;;
Steeledale Group (Pty) Ltd;;;;;
Steeledale Reinforcing and Trading Company  (KwaZulu-Natal) (Pty) Ltd;;;;;
Steeledale Reinforcing and Trading Namibia (Pty) Ltd;;;;;
Steelmetals (Pty) Ltd;;;;;
Steelpoort Chrome Mines (Pty) Ltd;;;;;
Steelwood Africa (Pty) Ltd;;;;;
Steenkampskraal Holdings Ltd;;;;;
Stefanutti Stocks;;;;;
Stefanutti Stocks (Pty) Ltd;;;;;
Stefanutti Stocks 64 (Pty) Ltd;;;;;
Stefanutti Stocks Building Gauteng (Pty) Ltd;;;;;
Stefanutti Stocks Housing (Pty) Ltd;;;;;
Stefanutti Stocks Mozambique Lda;;;;;
Stegi Nappies (Pty) Ltd;;;;;
Steinbuild;;;;;
Steiner Hygiene (Pty) Ltd;;;;;
Steiner Hygiene Mozambique Lda;;;;;
Steiner Trading (Pty) Ltd;;;;;
Steinhoff Africa Holdings (Pty) Ltd;;;;;
Steinhoff Africa Property Services (Pty) Ltd;;;;;
Steinhoff Africa Retail Ltd;;;;;
Steinhoff At Work (Pty) Ltd;;;;;
Steinhoff Doors and Building Materials (Pty) Ltd;;;;;
Steinhoff Finance Investments (Pty) Ltd;;;;;
Steinhoff International Holdings (Pty) Ltd;;;;;
Steinhoff International Holdings NV;;;;;
Steinhoff Investment Holdings Ltd;;;;;
Steinhoff Manufacturing (Pty) Ltd;;;;;
Steinhoff Properties (Pty) Ltd;;;;;
Steinhoff Secretarial Services (Pty) Ltd;;;;;
Steinhoff Services Ltd;;;;;
Steinhoff Sikhulasonke Investments (RF) (Pty) Ltd;;;;;
Steinhoff Timber Industries (Pty) Ltd;;;;;
Steinmuller Africa (Pty) Ltd;;;;;
Steinmuller Engineering Services (Pty) Ltd;;;;;
Steinwood (Pty) Ltd;;;;;
Stella Vista Technologies Ltd;;;;;
Stellantis;;;;;
Stellar Airways Sprl;;;;;
Stellar Capital Partners Ltd;;;;;
Stellar Diamonds Plc;;;;;
Stellar Management Services (Pty) Ltd;;;;;
Stellenbosch Academy of Sport Properties (Pty) Ltd;;;;;
Stellenbosch Development Company (Pty) Ltd;;;;;
Stellenbosch Municipality;;;;;
Stellenbosch Vineyards (Pty) Ltd;;;;;
Steloy Castings (Pty) Ltd;;;;;
STEMCO Ltd;;;;;
Stems Fruit (Pty) Ltd;;;;;
Stenden South Africa;;;;;
Stenimuller;;;;;
Stenprop Ltd;;;;;
Step Advisory;;;;;
Stepfer Farming CC;;;;;
Stephanibyx (Pty) Ltd;;;;;
Stephen Marketing CC;;;;;
Stephlyn Clothing CC;;;;;
Steppe Eagle (Pty) Ltd;;;;;
stepsacademy.co.za;;;;;
Stepton Investments (Pty) Ltd;;;;;
Sterikleen (Pty) Ltd;;;;;
Ster-Kinekor;;;;;
Ster-Kinekor (Pty) Ltd;;;;;
Sterling Access CC;;;;;
Sterling Bank Plc;;;;;
Sterling Clothing (Pty) Ltd;;;;;
Sterling Waterford CCN SPV 4;;;;;
Sterns;;;;;
Steval Engineering (Pty) Ltd;;;;;
Steve Tshwete - Local Municipality;;;;;
Steve Tshwete Local Municipality;;;;;
Steveandson Holdings (Pty) Ltd;;;;;
Stevens and Co (Pty) Ltd;;;;;
Steward Bank Ltd;;;;;
Stewart Holdings (Pvt) Ltd;;;;;
Stewart Scott International Holdings (Pty) Ltd;;;;;
Stewart Scott Investments (Pty) Ltd;;;;;
Stewart Trading (Pty) Ltd;;;;;
Stewarts and Lloyds Holdings (Pty) Ltd;;;;;
Stewarts and Lloyds Trading (Wadeville) (Pty) Ltd;;;;;
StewsDay;;;;;
stg.co.za;;;;;
Stilfontein Gold Mining Company Ltd;;;;;
Still Human;;;;;
Stima Sacco Society;;;;;
Stima Sacco Society Ltd;;;;;
Stirling Accessories CC;;;;;
STISA (Pty) Ltd;;;;;
Stitch Money Corporation;;;;;
STNT;;;;;
Stock Exchange of Mauritius Ltd (The);;;;;
Stockbrokers Malawi Ltd;;;;;
Stockbrokers Zambia Ltd;;;;;
Stocks Hotels and Resorts Ltd;;;;;
Stock's Meat Market (Pty) Ltd;;;;;
Stodels Nurseries (Pty) Ltd;;;;;
Stokvis Nigeria Plc;;;;;
Stokvis Nord Afrique SA;;;;;
Stolt-Nielsen Africa (Pty) Ltd;;;;;
StonCor Africa (Pty) Ltd;;;;;
Stone Three Venture Technology;;;;;
Stonebridge Properties Ltd;;;;;
Stonehage Fleming;;;;;
Stonehage Fleming Financial Services (Pty) Ltd;;;;;
Stonevest 16 (Pty) Ltd;;;;;
Stonewall Resources Ltd;;;;;
Stope Technology Services (Pty) Ltd;;;;;
Storage Management Systems (Pty) Ltd;;;;;
Stor-Age Property REIT Ltd;;;;;
Storage Technology Services;;;;;
Storage Technology Services (Pty) Ltd;;;;;
Storm Capital (Pty) Ltd;;;;;
Storm Capital Investments (Pty) Ltd;;;;;
Storm Mountain Diamonds;;;;;
Storm Mountain Diamonds (Pty) Ltd;;;;;
Stormcraft Studios;;;;;
Stortemelk Hydro (RF) (Pty) Ltd;;;;;
Stowe Holdings;;;;;
Stowell and Co Inc;;;;;
Stowell and Co Properties (Pty) Ltd;;;;;
Stpeterscollege;;;;;
Strafin Global Services Ltd;;;;;
Straightprops 40 (Pty) Ltd;;;;;
Straightprops 49 (Pty) Ltd;;;;;
Straits Chemicals (Pty) Ltd;;;;;
Strandfoam Group (Pty) Ltd;;;;;
Strandveld Vineyards;;;;;
Strassbergers Leather Shoes;;;;;
strat.co.za;;;;;
Strata Healthcare Management (Pty) Ltd;;;;;
Strata Mining Services;;;;;
Stratabolt Products (Pty) Ltd;;;;;
Stratcorp Ltd;;;;;
Strate (Pty) Ltd;;;;;
Strate Charity Shares;;;;;
Strategic Human Capital Consulting;;;;;
Strategic Implementation Service Administration (Pty) Ltd;;;;;
Strategic Investment Service Life Company Ltd;;;;;
Strategic Real Estate Managers (Pty) Ltd;;;;;
Strategic Simulation Solutions BTS Africa (Pty) Ltd;;;;;
Strategic Solution Architects (Pty) Ltd;;;;;
Strategix;;;;;
Strategix Business Solutions;;;;;
Strategy and Corporate Finance Consulting;;;;;
Stratford Property Investments (Pty) Ltd;;;;;
Stratham Bryce;;;;;
Strathmore University;;;;;
Stratostaff -;;;;;
Stratum Benefits;;;;;
Stratum Benefits (Pty) Ltd;;;;;
Strauss Daly;;;;;
Stream Business Process Outsourcing South Africa (Pty) Ltd;;;;;
Streamline Brands CC;;;;;
Streamline Metal Furniture Manufacturers (Pty) Ltd;;;;;
Streamsowers & Kohn;;;;;
Street Spirit Trading 223 (Pty) Ltd;;;;;
Street Spirit Trading 305 (Pty) Ltd;;;;;
Strengthscope;;;;;
Striata Communication Solutions (Pty) Ltd;;;;;
Strictly Coffee CC;;;;;
Strika Entertainment (Pty) Ltd;;;;;
Strike Media (Pty) Ltd;;;;;
Strike Technologies (Pty) Ltd;;;;;
Strip Steel (Pty) Ltd;;;;;
Stroc Industrie SA;;;;;
Strongbond Manufacturing (Pty) Ltd;;;;;
StrongMinds;;;;;
StrongMinds Uganda;;;;;
Stroud Riley (Pty) Ltd;;;;;
Structa Technology (Pty) Ltd;;;;;
StructCon Ltd;;;;;
Structural Applications (Pty) Ltd;;;;;
Struland Office Park Properties (Pty) Ltd;;;;;
Stryker South Africa (Pty) Ltd;;;;;
STS Holdings (Software Testing Solutions);;;;;
STS Management (Pty) Ltd;;;;;
Stserv;;;;;
stuartgroup.co.za;;;;;
Stucken and Company (Pty) Ltd;;;;;
Student Village (Pty) Ltd;;;;;
Studio C Manufacturing Jewellers CC;;;;;
Studio Press Nigeria Plc;;;;;
Sturdy’s Supply Group (Pty) Ltd;;;;;
sturdysgroup.co.za;;;;;
Sturm Machinery South Africa (Pty) Ltd;;;;;
Sturrock and Robson Industries (Pty) Ltd;;;;;
Sturrock Grindrod Maritime;;;;;
Sturrock Grindrod Maritime (Pty) Ltd;;;;;
Sturrock Grindrod Maritime Holdings (Pty) Ltd;;;;;
Sturrock Shipping Ghana Ltd;;;;;
Stuttaford Van Lines (Pty) Ltd;;;;;
stxgroup.co.za;;;;;
STYLCO;;;;;
Style Collections (Pty) Ltd;;;;;
Style Factory CC (The);;;;;
Stylecraft Office Design;;;;;
Styleprops CC;;;;;
Stylestar Investments (Pty) Ltd;;;;;
Styria Stainless Steel Fabrication (Pty) Ltd;;;;;
Subaru Southern Africa (Pty) Ltd;;;;;
Sublime Technologies;;;;;
Sublime Technologies (Pty) Ltd;;;;;
Sublime Technologies Investments (Pty) Ltd;;;;;
Sub-Sahara Resources Tanzania Ltd;;;;;
Subtech Group;;;;;
Subtropico Ltd;;;;;
Suburban Services (Pty) Ltd;;;;;
Subway Trading and Investment 36 (Pty) Ltd;;;;;
Success College (Pty) Ltd;;;;;
Success Microfinance Bank Ltd;;;;;
Successful Events (Pty) Ltd;;;;;
Succession Financial Planning Advisory Services (Pty) Ltd;;;;;
succession.co.za;;;;;
Sud Concassage Lte;;;;;
Sudatel Group;;;;;
Suden Procurement CC;;;;;
Sudorcoal (Pty) Ltd;;;;;
Sudorcoal Investments Beta (Pty) Ltd;;;;;
SUDORCOAL MINE;;;;;
Suez Bags Company SAE;;;;;
Suez Canal Bank SAE;;;;;
Suez Canal Company for Technology Settling;;;;;
Suez Cement Company SAE;;;;;
Suez Industrial Development Company;;;;;
Suez Lime SAE;;;;;
Sugar;;;;;
Sugar Creek Trading 7 (Pty) Ltd;;;;;
Sugar Creek Trading 90 (Pty) Ltd;;;;;
Sugar Milling Research Institute;;;;;
Sugarberry Trading 722 CC;;;;;
Sugarworld Ltd;;;;;
SUHL Consulting (Pty) Ltd;;;;;
Suid Afrikaanse Soutwerke (Pty) Ltd;;;;;
Suid-Afrikaanse Onderwysers Unie;;;;;
Suid-Afrikaanse Poskantoor (SOC) Ltd;;;;;
Suid-Afrikaanse Sout Kooperasie Ltd;;;;;
Suid-Afrikaanse Vrouefederasie;;;;;
Suiderland Plase (Pty) Ltd;;;;;
Suidwes Beherend (RF) (Pty) Ltd;;;;;
Suidwes Beleggings (Pty) Ltd;;;;;
Suidwes Landbou (Pty) Ltd;;;;;
Suikerbossie Estate Residents Association;;;;;
Sulzer Pumps (South Africa) (Pty) Ltd;;;;;
Sulzer Pumps Wastewater South Africa (Pty) Ltd;;;;;
Sumac Microfinance Bank Ltd;;;;;
Sumatran Technologies Solutions;;;;;
Sumitomo Rubber South Africa (Pty) Ltd;;;;;
Summat Training Institute;;;;;
Summer Season Trading 49 (Pty) Ltd;;;;;
Summer Sun Trading 266 (Pty) Ltd;;;;;
Summer Sunshine Trading 37 CC;;;;;
Summercon Holdco (Pty) Ltd;;;;;
Summerhill Nursery, Preparatory & International College;;;;;
SummerMobile;;;;;
Summerpride Foods (Pty) Ltd;;;;;
Summit Africa Recruitment & Search;;;;;
Summit Auto Holdings South Africa (Pty) Ltd;;;;;
Summit Crane Hire (Pty) Ltd;;;;;
Summit Education (Pty) Ltd;;;;;
Summit GRP Holdings pty (Ltd);;;;;
Summit Recruitment and Search Africa;;;;;
Sumo Coal (Pty) Ltd;;;;;
Sumol+Compal SA;;;;;
SumTotal Systems LLC;;;;;
SumTotal Systems UK Ltd;;;;;
SumUp;;;;;
Sun 1 Hotels (Pty) Ltd;;;;;
Sun Chemical (South Africa) (Pty) Ltd;;;;;
Sun City Resort a division of Sun International;;;;;
Sun Factor Laboratories CC;;;;;
Sun Gold Resources Ltd;;;;;
Sun International;;;;;
Sun International - Meropa Casino;;;;;
Sun International - Times Square;;;;;
Sun International (Botswana) (Pty) Ltd;;;;;
Sun International (Ciskei) Ltd;;;;;
Sun International (South Africa) Ltd;;;;;
Sun International (Zambia) Ltd;;;;;
Sun International Ltd;;;;;
Sun International of Lesotho (Pty) Ltd;;;;;
Sun International South Africa Ltd TA Sun International Management Ltd;;;;;
Sun International: Boardwalk Casino and Entertainment World;;;;;
Sun International: Sun Flamingo;;;;;
SUN Investment (Seychelles) Ltd;;;;;
Sun Leisure Hotels Ltd;;;;;
Sun Ltd;;;;;
Sun Pharma East Africa Ltd;;;;;
Sun Resorts;;;;;
Sun Resorts (Mauritius);;;;;
Sun Resorts CSR Fund Ltd;;;;;
Sun Resorts International Ltd;;;;;
Sun Timber Sales CC;;;;;
Sun Time Square (Pty) Ltd;;;;;
Sun Training Institute Ltd;;;;;
Sun Treasury (RF) (Pty) Ltd;;;;;
Sun Valley Bio Fruit CC;;;;;
Sunbet (Pty) Ltd;;;;;
Sunbird Energy Holdings (Pty) Ltd;;;;;
Sunbird Tourism Plc;;;;;
SunCulture;;;;;
Sunculture Kenya Limited;;;;;
Sundale Free Range Dairy (Pty) Ltd;;;;;
Sunday Sun (Media24);;;;;
sundaysun.co.za;;;;;
Sunderland Marine (Africa) Ltd;;;;;
Sunflag Tanzania Ltd;;;;;
Sunflare Renewable Systems CC;;;;;
SunGard;;;;;
Sunglass Hut Retail South Africa (Pty) Ltd;;;;;
Sungrid Projects (Pty) Ltd;;;;;
Sunhill Academy;;;;;
suninternation.com;;;;;
suninternational.co;;;;;
suniternational.com;;;;;
Sunking;;;;;
Sunlit Fashions (Pty) Ltd;;;;;
Sunlyn (Pty) Ltd;;;;;
Sunny Food Canners;;;;;
Sunnydale Trust;;;;;
Sunnyfield Group;;;;;
Sunola Oil Mills (Pty) Ltd;;;;;
Sunpac (Pty) Ltd;;;;;
sunpharma;;;;;
Sunrider South Africa (Pty) Ltd;;;;;
Sunridge Gold Corporation;;;;;
Sunrise Express (Pty) Ltd;;;;;
Sunrise Productions (Division of Sunrise Marketing Group Ltd);;;;;
SUNRISE Resorts & Cruises;;;;;
Sunriver Citrus CC;;;;;
SUNRIZE Futures International;;;;;
sunshibakey.co.za;;;;;
Sunshine Coast Quarries CC;;;;;
Sunshine Construction Pvt Ltd;;;;;
Sunshine Crushers (Pty) Ltd;;;;;
Sunshine Powersave (Pty) Ltd;;;;;
sunshinebakey.co.za;;;;;
Sunspray;;;;;
Sunspray Food Ingredients (Pty) Ltd;;;;;
Sunstone Marketing and Communication (Pty) Ltd;;;;;
Suntory Beverage & Food Kenya Limited;;;;;
Suntory Beverage and Food South Africa Ltd;;;;;
SUNTORY HOLDINGS LIMITED;;;;;
SUNU Assurances Ghana;;;;;
SUNU GROUP;;;;;
Sunwest International (Pty) Ltd;;;;;
Sunzi Equity Investments (Pty) Ltd;;;;;
Supabets;;;;;
Supaswift (Pty) Ltd;;;;;
supecare.co.za;;;;;
Super Brands Holdings;;;;;
Super Communications;;;;;
Super Floral;;;;;
Super Foam Limited;;;;;
Super Full Maintenance Leasing (Pty) Ltd;;;;;
Super Group;;;;;
Super Group Africa (Pty) Ltd;;;;;
Super Group Holdings (Pty) Ltd;;;;;
Super Group Ltd;;;;;
Super Group Trading (Pty) Ltd;;;;;
Super Group Trading Ltd (Mauritius);;;;;
Super Hatters International CC;;;;;
Super Luper Clothing CC;;;;;
Superbalist;;;;;
Superbalist.com;;;;;
SuperCard Nigeria Ltd;;;;;
Supercare Hygiene (Pty) Ltd;;;;;
Supercare Services Group (Pty);;;;;
Supercare Services Group (Pty) Ltd;;;;;
Supercart Holdings (Pty) Ltd;;;;;
Supercart South Africa (Pty) Ltd;;;;;
Supercash Ltd;;;;;
SuperClean;;;;;
Superdrive Investments (RF) (Pty) Ltd;;;;;
SuperFlex Ltd;;;;;
superfloraljhb.co.za;;;;;
Superior Cabinet Doors (Pty) Ltd;;;;;
Superior Impex CC;;;;;
Superior Milling Company Ltd;;;;;
Superior Vision;;;;;
Supermaritime Ghana Ltd;;;;;
SUPER-MAX;;;;;
Superscore Properties (Pty) Ltd;;;;;
Supersonic brightened by MTN;;;;;
SuperSport International (Pty) Ltd;;;;;
SuperSport International Holdings (Pty) Ltd;;;;;
SuperSport Sports Holdings (Pty) Ltd;;;;;
SuperSport Zone (Pty) Ltd;;;;;
Superstrike Investments 84 (Pty) Ltd;;;;;
Supertow International Ltd;;;;;
Superunion (Pty) Ltd;;;;;
Superwatt (Pty) Ltd;;;;;
Supply Chain Solutions (Pty) Ltd;;;;;
Support Room;;;;;
Supra Sales (Pty) Ltd (Namibia);;;;;
Supreme Distilleries Ltd;;;;;
Supreme Furnishers (Botswana) (Pty) Ltd;;;;;
Supreme Furnishers (Lesotho) (Pty) Ltd;;;;;
Supreme Furnishers (Namibia) (Pty) Ltd;;;;;
Supreme Glenvaal (Pty) Ltd;;;;;
Supreme Poultry;;;;;
Supreme-Sanitation (Pty) Ltd;;;;;
Sur Construction Plc;;;;;
Sure Travel (Pty) Ltd;;;;;
SureSkills Ltd;;;;;
Surestream Property Investments (Pty) Ltd;;;;;
Sureswipe;;;;;
Surface Coatings Industry Employers' Association;;;;;
Surface Innovations (Pty) Ltd;;;;;
SurplusPeopleProject;;;;;
Surtees Rail Group;;;;;
Surya Crushers (Pty) Ltd;;;;;
SUSCON Construction Solutions Limited;;;;;
Suscon Construction Zambia;;;;;
SUSE LLC;;;;;
Sustainable Power Solutions;;;;;
Suzi Products CC;;;;;
Suzuki Auto South Africa (Pty) Ltd;;;;;
Suzuki South Africa (Pty) Ltd;;;;;
SV105 Trading CC;;;;;
Svenmill (Pty) Ltd;;;;;
SVF SA Insurance Ltd;;;;;
SVF SA Wallet (Pty) Ltd;;;;;
Svitzer Africa (Pty) Ltd;;;;;
Svitzer Mendi (Pty) Ltd;;;;;
svn.co.za;;;;;
SW;;;;;
SW Insurance Brokers (Pty) Ltd;;;;;
Swabou Insurance Company Ltd;;;;;
Swabou Investments (Pty) Ltd;;;;;
Swabou Life Assurance Company Ltd;;;;;
Swachen Enterprises Ltd;;;;;
swacogroup.com;;;;;
Swage-Fast (Pty) Ltd;;;;;
Swakop Uranium (Pty) Ltd;;;;;
Swala Aviation;;;;;
Swala Oil and Gas (Tanzania) Plc;;;;;
swala-logistics.com;;;;;
Swan General Ltd;;;;;
Swan Group;;;;;
SWAN Mauritius;;;;;
Swan Plastics (Pty) Ltd;;;;;
Swan Plastics CC;;;;;
swan.mu;;;;;
Swanib Cables (Pty) Ltd;;;;;
Swansa (Pty) Ltd;;;;;
Swanvest 88 (Pty) Ltd;;;;;
Swanzy Real Estate Ltd;;;;;
Swartkops Seesout (Pty) Ltd;;;;;
Swartland Boudienste (Pty) Ltd;;;;;
Swartland Group (Pty) Ltd;;;;;
Swartland Investments (Pty) Ltd;;;;;
Swartland Local (West Coast District);;;;;
Swartland Municipality;;;;;
Swasap (Pty) Ltd;;;;;
Swazi Occupational Safety and Health (Pty) Ltd;;;;;
Swazi Oxygen (Pty) Ltd;;;;;
SwaziBank Limited;;;;;
Swaziland Building Society;;;;;
Swaziland Construction Company (Pty) Ltd;;;;;
Swaziland Employee Benefit Consultants (Pty) Ltd;;;;;
Swaziland Empowerment Ltd;;;;;
Swaziland Industrial Development;;;;;
Swaziland Portland Cement (Pty) Ltd;;;;;
Swaziland Posts and Telecommunications;;;;;
Swaziland Posts and Telecommunications Corporation;;;;;
Swaziland Property Investments Ltd;;;;;
Swaziland Revenue Authority (S.R.A.);;;;;
Swaziland Royal Insurance;;;;;
Swaziland Water Corporation;;;;;
swazimed.org.sz;;;;;
Swazispa Holdings Ltd;;;;;
SWE;;;;;
Sweet Lemon Laundry CC;;;;;
Sweet Temptations Toffees (Pty) Ltd;;;;;
Sweet-Orr and Lybro (Pty) Ltd;;;;;
Swellen Mark (Pty) Ltd;;;;;
Swellendam Local Municipality;;;;;
SWH Engineering (Pty) Ltd;;;;;
Swift Box Manufacturers (Pty) Ltd;;;;;
Swiftnet SOC Ltd;;;;;
Swisatec Elevators (Pty) Ltd;;;;;
Swish Property Group (Pty) Ltd;;;;;
Swiss Re Life and Health Africa Ltd;;;;;
swiss.co.za;;;;;
Swissgarde (Pty) Ltd;;;;;
Swissport South Africa (Pty) Ltd;;;;;
Swissport Tanzania Plc;;;;;
Swissta Mozambique Lda;;;;;
Swissta RDC Sprl;;;;;
switch.tj;;;;;
swu.co.za;;;;;
Swvl;;;;;
SWVL Inc;;;;;
Syafunda;;;;;
Sybase South Africa (Pty) Ltd;;;;;
Sybrin;;;;;
Sybrin Systems (Pty) Ltd;;;;;
sybrin.co.za;;;;;
SYBYL;;;;;
Sycamore Solutions LLP Ltd;;;;;
Sycom Property Fund;;;;;
Sycom Property Fund Managers Ltd;;;;;
Syfrets Ltd;;;;;
Syfrets Mortgage Nominees (RF) (Pty) Ltd;;;;;
Syfrets Nominees Ltd;;;;;
Syfrets Participation Bond Managers (Pty) Ltd;;;;;
Syfrets Property Brokers (Pty) Ltd;;;;;
Syfrets Securities Ltd;;;;;
Syfrets Securities Nominees (Pty) Ltd;;;;;
Syfrets Trust and Executor (Eastern Cape) Ltd;;;;;
Sygnia Asset Management (Pty) Ltd;;;;;
Sygnia Life Ltd;;;;;
Sygnia Ltd;;;;;
Sylko (Pty) Ltd;;;;;
sylvania.co.za;;;;;
Symantec;;;;;
Symbiotics Application Services;;;;;
Symmetry Investment Trust;;;;;
Symrise (Pty) Ltd;;;;;
Synacor;;;;;
Synaptic Solutions;;;;;
Synaq;;;;;
Syncnodes;;;;;
Syncorp Recycling (Pty) Ltd;;;;;
syncwize;;;;;
SyncWorld;;;;;
Syneos Health;;;;;
Synercore Food Holdings.;;;;;
SynergERP;;;;;
Synergi;;;;;
Synergy;;;;;
Synergy Business Intelligence (Mauritius) Ltd;;;;;
Synergy Contact Centre;;;;;
Synergy Group;;;;;
Synergy Property Solutions CC;;;;;
Synergy Tapes;;;;;
Synergy Targeted Risk Solutions (Pty) Ltd;;;;;
Synergy XOL (Pty) Ltd;;;;;
SynergyGRC;;;;;
Synexus;;;;;
Syngenta;;;;;
Syngenta East Africa Ltd;;;;;
Syngenta South Africa (Pty) Ltd;;;;;
Synnefa Kenya;;;;;
SynrgiseLearn;;;;;
Syntegon;;;;;
Syntell (Pty) Ltd;;;;;
Synthesis Projects CC;;;;;
Synthesis Software Technologies;;;;;
Syphax Airlines SA;;;;;
Syrex;;;;;
Syrex (Pty) Ltd;;;;;
Syrinx Communications International (Pty) Ltd;;;;;
SYSDBA;;;;;
SYSDBA Pty (Ltd);;;;;
SYSPRO - US;;;;;
SYSPRO (Pty) Ltd;;;;;
Systagenix Wound Management (South Africa) (Pty) Ltd;;;;;
System 5;;;;;
Systemair East Africa;;;;;
Systemes Informatiques Tunisie (SIT);;;;;
Systems Applications Products (Africa Region) (Pty) Ltd;;;;;
Systems Applications Products (Africa) (Pty) Ltd;;;;;
Systems Applications Products (South Africa) (Pty) Ltd;;;;;
Systems Applications Products Nigeria Ltd;;;;;
Systems Automation and Management (Pty) Ltd;;;;;
Systems Publishers (Pty) Ltd;;;;;
Systems Reengineered;;;;;
Systems-Anywhere (Pty) Ltd;;;;;
sytek.co.za;;;;;
Syzigium Trading Products (Pty) Ltd;;;;;
szkconsulting.co.za;;;;;
T and C Chemicals (Pty) Ltd;;;;;
T and E Lined Steel Pipe (Pty) Ltd;;;;;
T and I Chalmers Engineering (Pty) Ltd;;;;;
T Birch and Company (Pty) Ltd;;;;;
T E Trade Events (Pty) Ltd;;;;;
T Ferguson and Sons (Pty) Ltd;;;;;
T K S Clothing CC;;;;;
T Lombard;;;;;
T O M S Sound and Music (Pty) Ltd;;;;;
T P EQUIPMENT LEASING;;;;;
T P L L Investments CC;;;;;
T T P Holdings (Pty) Ltd;;;;;
T3 GROUP;;;;;
T7C Consulting;;;;;
T7C Consulting and Trading Pty Ltd;;;;;
TA & Badira;;;;;
TA Holdings Ltd;;;;;
TAB North West (Pty) Ltd;;;;;
Tabak Distribution Cape Town CC;;;;;
Tabarin Consulting;;;;;
Table Bay Breakwater Boulevard;;;;;
Table Bay Cold Storage (Pty) Ltd;;;;;
Table Mountain Aerial Cableway Company (Pty) Ltd;;;;;
Tactical Software Systems (Pty) Ltd;;;;;
Ta-da! Afrika;;;;;
Tadbik Pack SA (Pty) Ltd;;;;;
Tadex Gracias;;;;;
Tadosize (Pty) Ltd;;;;;
Tadvest Ltd;;;;;
Taemane Cleaning Services (Pty) Ltd;;;;;
Taeuber & Corssen SWA (Pty) Ltd;;;;;
Tafelberg Furniture Stores (Pty) Ltd;;;;;
Tafprop (Bellville) (Pty) Ltd;;;;;
Tag Yachts South Africa (Pty) Ltd;;;;;
TAG8;;;;;
Tai Yuen Textile Co (SA) (Pty) Ltd;;;;;
Taibah International School Secondary;;;;;
Taj Hotels;;;;;
Tak Botma CC;;;;;
Takaful Insurance;;;;;
Takealot Online (RF) (Pty) Ltd;;;;;
Takealot.com;;;;;
Takii & Co Ltd;;;;;
Tala;;;;;
Tala Kenya;;;;;
Tala Limited;;;;;
Talaat Mostafa Group Holding Company SAE;;;;;
Talas Properties (Windhoek) (Pty) Ltd;;;;;
Talborne Organics Franchise Group (Pty) Ltd;;;;;
Talbot and Talbot (Pty) Ltd;;;;;
Talent 10 Holdings (Pty) Ltd;;;;;
Talent Brand;;;;;
Talent Centric;;;;;
Talent Solutions Ltd;;;;;
talentconsults.com;;;;;
Talentcru (Pty) Ltd;;;;;
talentcube.co.za;;;;;
Talented Brothers (PTY) Ltd Trading as Last Man Standing;;;;;
TalentFactor;;;;;
Talentsa;;;;;
TalentUP;;;;;
Taletso TVET College Update;;;;;
Taleveras Oil SA (Pty) Ltd;;;;;
Tali Digital. Print - Display - Solutions;;;;;
Talis Fleet (Pty) Ltd;;;;;
Talisman Franchise Operations (Pty) Ltd;;;;;
TalkDrawer;;;;;
Talksure;;;;;
Talksure Trading (Pty) Ltd;;;;;
talktravel.co.za;;;;;
Tallie Marine (Pty) Ltd;;;;;
Talpha Burkina SARL;;;;;
tamao.co.za;;;;;
Tambankulu Estates Ltd;;;;;
Tambuti Brits (Pty) Ltd;;;;;
Tambuti Enterprises (Pty) Ltd;;;;;
Tambuti Upington (Pty) Ltd;;;;;
Tambuti Vryburg (Pty) Ltd;;;;;
Tandym Print (Pty) Ltd;;;;;
TANESCO;;;;;
TANESCO Ltd;;;;;
Tanga Cement Company Ltd / Simba Cement ;;;;;
Tanganda Tea Company Ltd;;;;;
Tangaza University College;;;;;
Tangent Solutions;;;;;
tangentsoltuions.co.za;;;;;
Tank Clinic (Pty) Ltd;;;;;
Tanker Services a div of ILSA Group (Pty) Ltd;;;;;
Tanker Services Food and Chemicals, A Division of Imperial Logistics Advanced (Pty) Ltd,;;;;;
Tanker Trailer Manufacturing CC;;;;;
tankerservices.co.za;;;;;
Tano Digital Solutions;;;;;
Tansnat Coachlines (Pty) Ltd;;;;;
Tantalizers Plc;;;;;
Tantalum Capital (Pty) Ltd;;;;;
Tanzania Agricultural Development Bank;;;;;
TANZANIA AGRICULTURAL DEVELOPMENT BANK LIMITED;;;;;
Tanzania Breweries Ltd;;;;;
Tanzania Buildings Agency;;;;;
Tanzania Cigarette Company Ltd;;;;;
Tanzania Commercial Bank;;;;;
Tanzania Distilleries Ltd;;;;;
Tanzania Mortgage Refinance Company Ltd;;;;;
Tanzania Ports Authority;;;;;
Tanzania Ports Authority - TPA;;;;;
Tanzania Postal Bank;;;;;
Tanzania Revenue Authority;;;;;
Tanzania Tea Packers Ltd;;;;;
Tanzania Telecommunications Corporation;;;;;
Tanzania Towers SA;;;;;
Tanzania Zambia Railway Authority (The);;;;;
Tanzanite Car Rental (Pty) Ltd;;;;;
Tanzanite management Services (Pty) Ltd;;;;;
Tanzanite Marketing (Pty) Ltd;;;;;
TanzaniteOne Mining Ltd;;;;;
Tanzindia Assurance Company Ltd;;;;;
TAP;;;;;
Tap Tix Tip (Pty) Ltd;;;;;
TAPE;;;;;
TAQA Morocco SA;;;;;
Taquanta Asset Managers;;;;;
Taquanta Asset Managers (Pty) Ltd;;;;;
Taquanta Securities (Pty) Ltd;;;;;
Taqwa Trading Ltd;;;;;
Tara Knitwear Ltd;;;;;
Targa Panelbeaters CC;;;;;
Target Line;;;;;
Targus South Africa (Pty) Ltd;;;;;
Tarorite (Pty) Ltd;;;;;
Tarpo Industries Ltd;;;;;
Tarsius Negentien (Pty) Ltd;;;;;
Tarsus Channel Capital (Pty) Ltd;;;;;
Tarsus Distribution (Pty) Ltd;;;;;
Tarsus on Demand;;;;;
Tarsus SecureData (Pty) Ltd;;;;;
Tarsus Technology Group (Pty) Ltd;;;;;
Tartan Timbers (Pty) Ltd;;;;;
Tascali Investments 10 (Pty) Ltd;;;;;
Tashre Clothing CC;;;;;
Tasiast Mauritanie Ltd SA;;;;;
Tasima (PTY);;;;;
Tasima (Pty) Ltd;;;;;
TASK;;;;;
Task Traders (Pty) Ltd;;;;;
Taslif SA;;;;;
Taste Food Franchising (Pty) Ltd;;;;;
Taste Holdings Ltd;;;;;
Taste Holdings Luxury Goods Division (Pty) Ltd;;;;;
Tasty Poison Games (Pty) Ltd;;;;;
Tata Africa Holdings (Kenya);;;;;
Tata Automobile Corporation (SA) (Pty) Ltd;;;;;
Tata Chemicals Magadi;;;;;
Tata Chemicals South Africa (Pty) Ltd;;;;;
Tata Consultancy Services (South Africa) (Pty) Ltd;;;;;
Tata International Limited;;;;;
Tata Motors (SA) (Pty) Ltd;;;;;
Tata Power;;;;;
Tata Steel (KZN) (Pty) Ltd;;;;;
Tate and Lyle South Africa (Pty) Ltd;;;;;
TaTe Group;;;;;
Tatu City;;;;;
Taung Gold (Pty) Ltd;;;;;
Taurus Gold Ltd;;;;;
Tausi Assurance;;;;;
Tavistock Collieries (Pty) Ltd;;;;;
Tawana Resources NL;;;;;
Tax Consulting SA;;;;;
Taxaide group;;;;;
Taxi Scrapping Administrator (Pty) Ltd;;;;;
Taxify South Africa (Pty) Ltd;;;;;
Taylor & Francis Group;;;;;
Taylor Nelson Sofres;;;;;
Taylormade Truck Bodies (Pty) Ltd;;;;;
taylorsmith.mu;;;;;
Taysec Group Ltd;;;;;
TAZAMA Pipelines Ltd;;;;;
Tazchem;;;;;
TB HIV Care;;;;;
TB HIV Care NPC;;;;;
TB Retail (Pty) Ltd;;;;;
tb2b.co.za;;;;;
Tbfs;;;;;
TBG Media (Pty) Ltd;;;;;
TBG Media Investments (Pty) Ltd;;;;;
TBG Publishing (Pty) Ltd;;;;;
TBN Broadcasting in Africa;;;;;
TBWA Hunt Lascaris (Durban) (Pty) Ltd;;;;;
TBWA SA;;;;;
TBWA South Africa (Pty) Ltd;;;;;
TC Corporate Support (Pty) Limited ;;;;;
TC Treasury (Pty) Ltd;;;;;
T-Capital (Pty) Ltd;;;;;
TCD Global;;;;;
Tchad Towers SA;;;;;
TCHBonisa;;;;;
TCI Apparell;;;;;
TCI Properties (Pty) Ltd;;;;;
Tcizm;;;;;
Tck;;;;;
TCM Developments (Pty) Ltd;;;;;
TCM Management (Pty) Ltd;;;;;
TCN Properties Ltd;;;;;
TCP Limited;;;;;
TCPHS Investments (Pty) Ltd;;;;;
TCSJOHNHUXLEY;;;;;
TE Connectivity Ltd.;;;;;
te2st.co.za;;;;;
Tea and Coffee Distributors (Eastern Province) CC;;;;;
TEACH South Africa;;;;;
Teal and Green Trading (Pty) Ltd;;;;;
Teal Technology Services;;;;;
tealruby.co.za;;;;;
Team Clothing and Gifts (Pty) Ltd;;;;;
Team no longer famer;;;;;
Team Young Generation;;;;;
Teamspirit Distributors CC;;;;;
TEBA PTY LTD;;;;;
Teberebie Goldfields Ltd;;;;;
TecEx;;;;;
Tech.co;;;;;
Techaccess Pakistan;;;;;
Techbooth;;;;;
Techbrand;;;;;
Techbrand Corporation;;;;;
Techink Manufacturing (Pty) Ltd;;;;;
Techise Limited;;;;;
TechMasters;;;;;
Techmet (Pty) Ltd;;;;;
Techmike;;;;;
Technews Publishing (Pty) Ltd;;;;;
Techni-Ad (Pty) Ltd;;;;;
Technical Association of the Pulp and Paper Industry of Southern Africa;;;;;
Technical Systems (Pty) Ltd;;;;;
Technical Training Services (Pty) Ltd;;;;;
Technicrete ISG (Pty) Ltd;;;;;
Technifax (Pvt) Ltd;;;;;
Technip France S.A.S.;;;;;
Technip South Africa (Pty) Ltd;;;;;
technipaint;;;;;
Techno Brain Limited;;;;;
Techno Brain Ltd (Swaziland);;;;;
Techno Brain SA (Pty) Ltd;;;;;
Technobrainltd;;;;;
Technolibra;;;;;
technologic.za.net;;;;;
Technology Corporate Management;;;;;
Technology Corporate Management (Pty) Ltd;;;;;
Technology Finance Corporation SOC Ltd;;;;;
Technology Innovation & Entrepreneurship Center;;;;;
Technology Innovation Agency;;;;;
Technology Innovation Agency (TIA);;;;;
TechnoServe;;;;;
TechnoServe Zambia;;;;;
Technova Construction Nigeria Ltd;;;;;
Techroid Solutions;;;;;
Techsolve Hub;;;;;
Techsys;;;;;
Tecnitrade International CC;;;;;
Tecno;;;;;
Tecroveer Holdings (Pty) Ltd;;;;;
Tectra;;;;;
Tedaka Network Solutions (Pty) Ltd;;;;;
Tedaka Technologies;;;;;
Tedcor Group (Pty) Ltd;;;;;
teddst.com;;;;;
Tegeta Exploration and Resources (Pty) Ltd;;;;;
Tegeta Resources (Pty) Ltd;;;;;
Teichmann Eggs CC;;;;;
Teichmann South Africa (Pty) Ltd;;;;;
Teifoc SA CC;;;;;
Teixeira Duarte SA;;;;;
tekatako.co.za;;;;;
Tekkie Town (Pty) Ltd;;;;;
Tekleberhan Ambaye Construction Plc;;;;;
Tekniva (Pty) Ltd;;;;;
teknohum.systems;;;;;
Tek-Up (Private Higher School of Technologies & Engineering);;;;;
Telapart (Pty) Ltd;;;;;
Telebest;;;;;
Telecel Ghana;;;;;
Telecel Zimbabwe;;;;;
Telecom Egypt;;;;;
Telecom Namibia;;;;;
Telecom Namibia Limited;;;;;
TelecommunicationsZA;;;;;
Telecomunicações de Moçambique;;;;;
Teleflex Medical (Pty) Ltd;;;;;
Telekom Networks Malawi Plc;;;;;
Telemasters Holdings Ltd;;;;;
Telemedia (Pty) Ltd;;;;;
Teleperformance;;;;;
Teleperformance Kenya;;;;;
Teleresources;;;;;
Telesa Comms Pty Ltd;;;;;
Telesco Investments CC;;;;;
Telesky Limited;;;;;
Telesure;;;;;
Telesure Group Services (Pty) Ltd;;;;;
Telesure Investment Holdings (Pty) Ltd;;;;;
Teljoy (Pty) Ltd;;;;;
Teljoy Business Systems (Pty) Ltd;;;;;
Teljoy Group (Pty) Ltd;;;;;
Telkom Kenya Ltd;;;;;
Telkom SA SOC Limited;;;;;
Telkom SA SOC Ltd;;;;;
TelkomSA;;;;;
Telle Investments (Pty) Ltd;;;;;
Tellumat (Pty) Ltd;;;;;
Telnet Holding SA;;;;;
Teloc Waste Management CC;;;;;
TelOne Zimbabwe;;;;;
Tel-Screw Products (Pty) Ltd;;;;;
Teltonika IoT Group;;;;;
Teltonika-Iot;;;;;
Tema Offshore Mooring Ltd;;;;;
Tembeka Social Investment Company Ltd;;;;;
Tembisa Mall (Pty) Ltd;;;;;
Temo;;;;;
Tempest Car Hire (Pty) Ltd;;;;;
Tempest Fire;;;;;
Ten50six Holdings Ltd;;;;;
Ten-50-Six Life Ltd;;;;;
Tenacious Hands;;;;;
TenacIT Solutions;;;;;
Tenacity Films (Pty) Ltd;;;;;
Tenacity Financial Services (Pty) Ltd;;;;;
tencent.co.za;;;;;
Tennant Life Benefits (Pty) Ltd;;;;;
Tenneco Automotive Port Elizabeth (Pty) Ltd;;;;;
Tenneco Emission Control (Pty) Ltd;;;;;
Tenneco Ride Control South Africa (Pty) Ltd;;;;;
Tennis South Africa;;;;;
Tenon Investment Holdings (Pty) Ltd;;;;;
Tenova Minerals (Pty) Ltd;;;;;
Tenova Mining and Minerals South Africa (Pty) Ltd;;;;;
Tenova South Africa (Pty) Ltd;;;;;
Tensile Rubber (Pty) Ltd;;;;;
Tent Pro CC;;;;;
Teofilo Mapsanganhe;;;;;
Teraco Data Environments (Pty) Ltd;;;;;
Teranga Gold (Australia) Pty Ltd;;;;;
Terasys Solutions (Pty) Ltd;;;;;
Terebinth Capital (Pty) Ltd;;;;;
Terebinth Total Return GP (Pty) Ltd;;;;;
Tergrahm Projects CC;;;;;
Term Project Management (Pty) Ltd;;;;;
Terms and Condtions;;;;;
Tern Sportswear (Pty) Ltd;;;;;
TERNET;;;;;
TerniEnergia Projects (Pty) Ltd;;;;;
Terra;;;;;
Terra Brands Ltd;;;;;
Terra Mauricia Ltd;;;;;
Terrafin Holdings Ltd;;;;;
Terrapinn Ltd;;;;;
Terrarock Ltd;;;;;
Terrasan Finansiering (Pty) Ltd;;;;;
Terrasol Namibia;;;;;
terrasols Webseite!;;;;;
tes1t.co.za;;;;;
Tessara;;;;;
Tessara (Pty) Ltd;;;;;
Test A1;;;;;
Test A2;;;;;
Test Delete 111;;;;;
Test NewAA3;;;;;
Test SAM11;;;;;
Test-A-Relay CC;;;;;
Testing Demo;;;;;
Tetelestai Mariculture (Pty) Ltd;;;;;
Tetla Financial Solutions;;;;;
Tetra Laval Southern Africa (Pty) Ltd;;;;;
Tetra Pak East Africa Ltd;;;;;
Tetra Pak South Africa (Pty) Ltd;;;;;
Tetrad;;;;;
Tetragold Consultancy;;;;;
Tetragona Nominees (Pty) Ltd;;;;;
Tétris;;;;;
Teva Pharmaceutical Industries Ltd.;;;;;
Teva Pharmaceuticals (Pty) Ltd;;;;;
Textile Federation (The);;;;;
Texto Ltee;;;;;
Texton Property Fund Ltd;;;;;
Teyliom;;;;;
TEYLIOM GROUP;;;;;
Teyma South Africa (Pty) Ltd;;;;;
tf-info.com;;;;;
TFM Industries (Pty) Ltd;;;;;
TFM Manufacturing (Pty) Ltd;;;;;
TForge;;;;;
TFS;;;;;
TFS Securities (Pty) Ltd;;;;;
TGCC;;;;;
tg-development.co.za;;;;;
TGF for Consulting & Trading SAE;;;;;
TGI Distri;;;;;
TGI DISTRI LIMITED;;;;;
TGI GROUP;;;;;
TGIDistri;;;;;
tginteriors.co.za;;;;;
Tgl;;;;;
tg-learning.co.za;;;;;
tgmail.co.za;;;;;
TGOOD Global Ltd;;;;;
TH Development Infrastructure SPV (RF)  (Pty) Ltd;;;;;
Thaba Chueu Mining (Pty) Ltd;;;;;
Thaba Chweu Local Municipality;;;;;
Thaba Ekgolo (Pty) Ltd;;;;;
Thaba Thabo (Pty) Ltd;;;;;
Thabazimbi Local Municipality;;;;;
Thabex Ltd;;;;;
Thabiso Holdings (Pty) Ltd;;;;;
Thabo Mofutsanyana District Municipality;;;;;
Thai Summit Group;;;;;
Thales South Africa (Pty) Ltd;;;;;
Thales South Africa Systems (Pty) Ltd;;;;;
Thandimfundo Holdings;;;;;
Thandimfundo Private School;;;;;
Tharisa;;;;;
Tharisa Minerals (Pty) Ltd;;;;;
Tharisa Plc;;;;;
Thatch Risk Acceptances (Pty) Ltd;;;;;
Thato Farming Services CC;;;;;
Thaver Customs Assessment CC;;;;;
THB Shipping and Logistic Solutions (Pty) Ltd;;;;;
The African Academy of Sciences;;;;;
The African Export-Import Bank;;;;;
The African Regent;;;;;
The AIDS Support Organisation-TASO;;;;;
The Andosol Group Pty Ltd;;;;;
The Animation School;;;;;
The Aurum Institute;;;;;
The Automobile Association of South Africa;;;;;
The Automobile Association Of South Africa;;;;;
The Awareness Company;;;;;
The BEIGE Bank;;;;;
The Biologicals and Vaccines Institute of Southern Africa (Pty) Ltd (Biovac);;;;;
THE BIOVAC INSTITUTE;;;;;
The Boiler Room Prod;;;;;
The BOMA Project;;;;;
The BOMA Project, Inc.;;;;;
The Box Shop;;;;;
The BrandHouse;;;;;
The Building Company;;;;;
The Cape Innovation and Technology Initiative;;;;;
The Capital;;;;;
The Car Trader (Pty) Ltd t/a Auto Trader;;;;;
The Catalyst Group;;;;;
The Centre for Training and Projects Development (Pty) Ltd - CTPD;;;;;
The CEO, Groote Schuur Hospital;;;;;
The CFO Centre US;;;;;
The Children's Investment Fund Foundation;;;;;
The Children's Investment Fund Foundation (CIFF);;;;;
The Church of Jesus Christ of Latter-day Saints;;;;;
The Circular Stage;;;;;
THE COLLEGES OF MEDICINE OF SOUTH AFRICA;;;;;
The Collies Group @ Work;;;;;
The Construction Co.;;;;;
The Courseware Company;;;;;
The Creative Café;;;;;
The CRM Team;;;;;
The Department of Public Enterprises (DPE);;;;;
The Dischem Group;;;;;
The Dow Chemical Company;;;;;
The Dtic;;;;;
The Employment Channel;;;;;
The End Fund;;;;;
The Ethics Institute;;;;;
The Export Development Bank of Egypt (Ebank);;;;;
The Facilitation Workshop;;;;;
The Golfers Club;;;;;
The Goodyear Tire & Rubber Company;;;;;
The Gordon Institute of Business Science (GIBS Business School);;;;;
The Greenhouse Advertising Agency;;;;;
The Greymatter Collective;;;;;
The Hardy Boys;;;;;
The Heritage Insurance Company Kenya Limited;;;;;
THE HERITAGE INSURANCE COMPANY KENYA LIMITED;;;;;
The Hexagon Trust;;;;;
The Highway Hospice;;;;;
The Hollard Insurance Company Ltd;;;;;
The Hub;;;;;
The Human Edge;;;;;
The Human Resource Practice;;;;;
The Human Route;;;;;
The IIE's Varsity College;;;;;
The Independent Institute of Education (Pty) Ltd;;;;;
The Innovation Hub;;;;;
The International Academy of Reflexology & Meridian Therapy (Pty);;;;;
The Jobs Fund (treasury);;;;;
The Johannesburg Country Club;;;;;
The Judiciary;;;;;
The Kenya Institute of Management;;;;;
The King James Group;;;;;
The Leaders Personnel Group;;;;;
The Learning Zone;;;;;
the LEGO Group;;;;;
The Linde Group;;;;;
The Lux Collective Ltd;;;;;
The Mauritius Commercial Bank Ltd;;;;;
The Media Connection;;;;;
The Media Factory;;;;;
The Media Image;;;;;
The Media Shop;;;;;
The Microfinance Support Centre;;;;;
The Microfinance Support Centre Limited;;;;;
The Micropoint Systems;;;;;
The Ministry of Health Zambia;;;;;
The Nairobi Hospital;;;;;
The Nairobi West Hospital;;;;;
The Namibian;;;;;
The National School of Government;;;;;
The Now Solutions limited;;;;;
The Old Shanghai Firecracker Factory;;;;;
The Olive Tree Guesthouse;;;;;
The Palladium Group (Nigeria);;;;;
The People's Bank of Zanzibar Limited;;;;;
The Performance Agency;;;;;
The Performance Agency South Africa;;;;;
The Performance Hub;;;;;
The Personal Development Institute;;;;;
The Pharo Foundation;;;;;
The Playhouse Company;;;;;
The Polygraph Guys (Pty) Ltd;;;;;
The Power Of 2;;;;;
The Power of 2 CC;;;;;
The Power of Two CC;;;;;
The President Hotel;;;;;
The Presidents Office;;;;;
The Print Store Ltd;;;;;
The Recruiters;;;;;
The Reserve Bank of Malawi;;;;;
The Room;;;;;
The Run Consulting;;;;;
The Safal Group;;;;;
The SCA Global;;;;;
The Sekta Group;;;;;
The Services Sector Education And Training Authority;;;;;
The South African Breweries Limited;;;;;
The South African Gold Coin Exchange;;;;;
The Spar Group;;;;;
The Square Mart (Pty) Ltd;;;;;
The Standard Group Plc;;;;;
The Student Hub;;;;;
The Success Company;;;;;
The Sun Exchange (Pty);;;;;
The Swatch Group Ltd;;;;;
The Talent Factory Limited;;;;;
The Talent Games;;;;;
The Talent Hub International;;;;;
The Talent Optimization Company Limited;;;;;
The Tamarind Group;;;;;
The Tanzania Institute of Bankers - TIOB;;;;;
The Thinking Cap South Africa;;;;;
The Travel Corporation;;;;;
The Umhlatuze Valley Sugar Company Ltd;;;;;
The University of the West Indies;;;;;
The Unlimited;;;;;
The Unlimited Group;;;;;
The Vaccine Bureau (Pty) Ltd;;;;;
The Waterfront PVT Ltd;;;;;
The Wing Group (Pty) Ltd;;;;;
The Wisdom Hub;;;;;
Theaccessuk;;;;;
theathenadifference.com;;;;;
Thebe Hosken Property Services (Pty) Ltd;;;;;
Thebe Investment Corporation (Pty) Ltd;;;;;
Thebe Mohebi Logistics (Pty) Ltd;;;;;
Thebe Renewable Energy Holdings (RF) (Pty) Ltd;;;;;
Thebe Safripol Investments (Pty) Ltd;;;;;
Thebe Stockbroking (Pty) Ltd;;;;;
Thebe Ya Bophelo Healthcare Administration (Pty) Ltd;;;;;
thebevco.co.za;;;;;
thebridgeschool.co.za;;;;;
the-building-company.com;;;;;
thedcgroup.co.za;;;;;
Theewaterskloof Local Municipality;;;;;
theheritageseo.com;;;;;
Thei45Group;;;;;
Theknewview;;;;;
Thekolohelong Welfare Centre;;;;;
thekwenimarine.co.za;;;;;
Thekwini Fund 10 (RF) Ltd (The);;;;;
Thekwini Fund 11 (RF) Ltd (The);;;;;
Thekwini Fund 9 (RF) Ltd (The);;;;;
theleadershiplab.co.za;;;;;
Thelo Cement (Pty) Ltd;;;;;
Thelo Investments (Pty) Ltd;;;;;
Thelo Ventures (Pty) Ltd;;;;;
TheMarketingAssistant;;;;;
Thembalethu Bus Services (Pty) Ltd;;;;;
Thembeka Advisory (Pty) Ltd;;;;;
Thembeka Financial Services (Pty) Ltd;;;;;
Thembinkosi Mining Investments (Pty) Ltd;;;;;
Thembisile Hani Local Municipality;;;;;
Themis Investments Limited;;;;;
Themofisher;;;;;
Thenadu Training and Consulting;;;;;
Theodor Herzl High School;;;;;
Theodor Herzl School;;;;;
theperfectpicture.co.za;;;;;
thepilks.co.za;;;;;
theravenala-hotel.com;;;;;
theresearchers.co.za;;;;;
Thermal Ceramics (Pty) Ltd;;;;;
Thermo Fisher Scientific Inc;;;;;
thermo.co.za;;;;;
Thermocare CC;;;;;
Thermopackage Natal (Pty) Ltd;;;;;
Thermopak;;;;;
the-romans.co.za;;;;;
Theron du Plessis Durbanville Inc;;;;;
theroyal.co.za;;;;;
TheRubex;;;;;
thesda.co.za;;;;;
Thesen Exports (Pty) Ltd;;;;;
Thesen Timber Marketing (Pty) Ltd;;;;;
Theta Investments (Pty) Ltd;;;;;
thetrainingroomonline.com;;;;;
theunlimitedworld.co.za;;;;;
theuvs.co.za;;;;;
Thibault Square Financial Services (Pty) Ltd;;;;;
Thiess South Africa (Pty) Ltd;;;;;
Thika Wax Works Ltd;;;;;
Thina Ross Projects (Pty) Ltd;;;;;
Thinck;;;;;
ThinFuse Technologies;;;;;
Think Ahead Education Solutions (Pty) Ltd;;;;;
Think Cyber Nigeria Ltd;;;;;
Think Integration Systems CC;;;;;
Think Tank Software Solutions;;;;;
think.org.za;;;;;
Thinking Dimensions Group (Pty) Ltd;;;;;
Thinking Schools South Africa NPO;;;;;
Thinksmartup;;;;;
thinktility.co.za;;;;;
ThisIsMe Inc.;;;;;
Thohoyandou Beer Distributors (Pty) Ltd;;;;;
Thoka Sales CC;;;;;
Thomas Bear's Son and Company (Pty) Ltd;;;;;
Thomas Meikle Properties (Pvt) Ltd;;;;;
Thomas More College;;;;;
Thomas Tyres Group of Companies (Pty) Ltd;;;;;
Thomas Wyatt & Son (Northern Nigeria) Ltd;;;;;
Thomas Wyatt Nigeria Plc;;;;;
Thompsons Holidays;;;;;
Thomson and Van Eck (Pty) Ltd;;;;;
Thomson Reuters;;;;;
Thomson's Body 107 CC;;;;;
Thor Transport Action Retail & General Workers Union;;;;;
thorantech;;;;;
Thorburn Remote Monitoring (Pty) Ltd;;;;;
Thorburn Security Solutions (Eastern Cape) (Pty) Ltd;;;;;
Thorburn Security Solutions (Northern Region) (Pty) Ltd;;;;;
Thorburn Security Solutions (Pty) Ltd;;;;;
Thornbird Trade and Invest 100 (Pty) Ltd;;;;;
ThornTree Group;;;;;
Thoroughbred Breeders Association of South Africa (The);;;;;
Thoroughbred Capital Investments (Pty) Ltd;;;;;
Thoroughbred Technologies (Pty) Ltd;;;;;
Thoroughtec Simulation (Pty) Ltd;;;;;
Thorpe Omotoso Matsunyane Pictures CC;;;;;
Thos Begbie & Company (Pty) Ltd;;;;;
Thought24 Publishing (Pty) Ltd;;;;;
Three Cities Management Ltd;;;;;
Three Dimensions Properties (Pty) Ltd;;;;;
Three Tier Construction;;;;;
three6five;;;;;
three6five network technologies;;;;;
Thrifty;;;;;
THRIVE Learning;;;;;
Thrive Wellness Hub;;;;;
THRIVOR;;;;;
THRUTAINERS INTERNATIONAL;;;;;
Thula Moya Game Farm (Pty) Ltd;;;;;
Thulamela Local Municipality;;;;;
Thumbzup;;;;;
Thungela;;;;;
THUSA;;;;;
Thusa Business Support (Pty);;;;;
Thusani Empowerment Investment Holdings (Pty) Ltd;;;;;
Thuso Emergency Services (Pty) Ltd;;;;;
Thuthukani Financial Services Holdings (Pty) Ltd;;;;;
thyssenkrupp AG;;;;;
Thyssenkrupp Elevator (SA) (Pty) Ltd;;;;;
Thyssenkrupp Industrial Solutions (South Africa) (Pty) Ltd;;;;;
Thyssenkrupp Uhde;;;;;
TIA;;;;;
TiAuto (Pty) Ltd;;;;;
TiAuto Investments (Pty) Ltd;;;;;
tiautobrands.co.za;;;;;
TIB Development Bank;;;;;
Tiber Construction (Pty) Ltd;;;;;
Tibiyo Taka Ngwane;;;;;
Tide Power (Africa) CC;;;;;
Tideway Trading (Pty) Ltd;;;;;
Tiflin's Panelbeaters CC;;;;;
Tiger Automotive Ltd;;;;;
Tiger Brands Cameroon;;;;;
Tiger Brands Ltd;;;;;
Tiger Consumer Brands Ltd;;;;;
Tiger Food Brands Intellectual Property Holding Company (Pty) Ltd;;;;;
Tiger GuardGear (Pty) Ltd;;;;;
Tiger Operations (Pty) Ltd;;;;;
Tiger Tail Digital;;;;;
Tiger Wheels Ltd;;;;;
Tigerbrands;;;;;
tigerbrans.com;;;;;
tigerwheelntyre;;;;;
Tight Lines (Pty) Ltd;;;;;
Tight security limited;;;;;
Tigo Tanzania;;;;;
Tigon Ltd;;;;;
TIH Prefco (RF) (Pty) Ltd;;;;;
Tile & Carpet;;;;;
Tile Africa a division of Norcros South Africa (Pty) Ltd;;;;;
Tiletoria Cape (Pty) Ltd;;;;;
TileToria Spec Studio (Pty) Ltd;;;;;
Tilghman Rotoblast Africa CC;;;;;
Tilisi Developments;;;;;
tiludi.co.za;;;;;
Tim (Natal) Pallets and Timber Products CC;;;;;
Timar SA;;;;;
Timbercity Lowveld (Pty) Ltd;;;;;
TimberLife (Pty) Ltd;;;;;
Time Clothing (Pty) Ltd;;;;;
Timecon Kenya Limited;;;;;
timecon.com;;;;;
Timemedia;;;;;
Times 3 Technologies;;;;;
Times Media Group;;;;;
Times Media Group Ltd;;;;;
Timken South Africa (Pty) Ltd;;;;;
TimRite;;;;;
Tin Can Man (Pty) Ltd;;;;;
Tincan Island Container Terminal;;;;;
TINCO Investments Ltd;;;;;
TinSky Connect;;;;;
Tintswalo At Waterfall (Pty) Ltd;;;;;
Tiny Totos;;;;;
tip-off.com;;;;;
Tipublox (Pty) Ltd;;;;;
Tipuline (Pty) Ltd;;;;;
Tirage Financial Solutions (Pty) Ltd;;;;;
Tirhani Group Holdings Pty Ltd;;;;;
Tirisano Transport and Services Workers Union;;;;;
Tisand (Pty) Ltd;;;;;
Tisang Group (Pty) Ltd;;;;;
Tiscali;;;;;
Tiso Blackstar Group;;;;;
Tiso Blackstar Group (Pty) Ltd;;;;;
Tiso Blackstar Group SE;;;;;
Tiso Blackstar Real Estate (Pty) Ltd;;;;;
Tiso Blackstar SA (Pty) Ltd;;;;;
Tiso Group (Pty) Ltd;;;;;
Titacan Ways Trading (Pty) Ltd;;;;;
Ti-TaMED (Pty) Ltd;;;;;
Titan Company Limited;;;;;
Titan Funding (Pty) Ltd;;;;;
Titan Manor (Pty) Ltd;;;;;
Titan Premier Investments (Pty) Ltd;;;;;
Titan Share Dealers (Pty) Ltd;;;;;
Titanhelicopters (Pty) Ltd;;;;;
titantraining.academy;;;;;
Titus Corp;;;;;
Titus Corporation CC;;;;;
Tiwa Sacco;;;;;
TJ Architects (Pty) Ltd;;;;;
Tjate Platinum Corporation (Pty) Ltd;;;;;
TKL;;;;;
TKO Farming Enterprises (Pty) Ltd;;;;;
TLC Engineering Solutions;;;;;
TLC Marketing Worldwide (Pty) Ltd;;;;;
TLN Human Performance Systems (Pty);;;;;
Tlokwe City Council Local Municipality;;;;;
Tlotlisa Financial Services (Pty) Ltd;;;;;
Tlotlisa Holdings Ltd;;;;;
Tlotlisa Securities (Pty) Ltd;;;;;
Tlou Energy Ltd;;;;;
TM Supermarkets (Pvt) Ltd;;;;;
TMA Method;;;;;
tmail.com;;;;;
TMF Group;;;;;
TMG Finance International (Pty) Ltd;;;;;
TMS Group Industrial Services (Pty) Ltd;;;;;
TMT Services and Supplies;;;;;
TN Molefe Construction (Pty) Ltd;;;;;
TNA Media (Pty) Ltd;;;;;
tnco.co.za;;;;;
TNS Research Surveys (Pty) Ltd;;;;;
TNT Express Worldwide (SA) (Pty) Ltd;;;;;
To The Point Home Site map Disclaimer;;;;;
Tobacco Industry and Marketing Board;;;;;
Tobacco Institute of Southern Africa (The);;;;;
Tobacco Research and Development Institute (Pty) Ltd;;;;;
TOC Southern Africa (Pty) Ltd;;;;;
TOC Southern Africa Consultants;;;;;
Tod Investments (Pty) Ltd;;;;;
Today's Knitting Manufacturer CC;;;;;
Togetherness Amalgamated Workers' Union of SA;;;;;
TOGOCOM;;;;;
togosh.com;;;;;
Tokiblox (Pty) Ltd;;;;;
Tokifon (Pty) Ltd;;;;;
Tokirite (Pty) Ltd;;;;;
Tokoloho Investments (Pty) Ltd;;;;;
Tokwane Consortium;;;;;
TOL Gases Ltd;;;;;
Tolaram Group;;;;;
Tolcon Group (Pty) Ltd;;;;;
Toll Global Forwarding (SA) (Pty) Ltd;;;;;
Toll Global Forwarding Holdings (SA) (Pty) Ltd;;;;;
Toll Road Concessionaires (Pty) Ltd;;;;;
Tollink SA;;;;;
Tollrail (Pty) Ltd;;;;;
Tolsa SA;;;;;
TomTom Africa (Pty) Ltd;;;;;
Tonbridge Properties CC;;;;;
Tongaat Hulett (Botswana) (Pty) Ltd;;;;;
Tongaat Hulett Acucareira de Mozambique SA;;;;;
Tongaat Hulett Acucareira de Xinavane SA;;;;;
Tongaat Hulett Developments (Pty) Ltd;;;;;
Tongaat Hulett Ltd;;;;;
Tongaat Hulett Ltd.;;;;;
Tongaat Hulett Starch (Pty) Ltd;;;;;
Tongaat Hulett Sugar South Africa Limited;;;;;
Tongaat Hulett Sugar South Africa Ltd;;;;;
Tonnellerie Radoux (SA) (Pty) Ltd;;;;;
Tonnix music;;;;;
Tonny and sons limited;;;;;
Tononoka Group;;;;;
Tool and Diemakers Trio (Pty) Ltd;;;;;
Toolmaking Association of South Africa;;;;;
Top Finance Bank Limited;;;;;
Top Fix (Pty) Ltd;;;;;
Top International Engineering (Ghana) Ltd;;;;;
Top Media and Communications (Pty) Ltd;;;;;
Top Security (Pty) Ltd;;;;;
Top Spec Investments (Pty) Ltd;;;;;
Top Trailers (Pty) Ltd;;;;;
Top Transcriptions;;;;;
Top Turf (Mauritius) Ltd;;;;;
Top Turf Group (Pty) Ltd;;;;;
Top Turf Seychelles (Pty) Ltd;;;;;
Top Turf Zambia (Pty) Ltd;;;;;
Top Vending (Pty) Ltd;;;;;
Top Vending Services (Pty) Ltd;;;;;
Topclass Ventures (Pty) Ltd;;;;;
Topco Media (Pty) Ltd;;;;;
Topfell CC;;;;;
Topfloor Concrete Ltd;;;;;
Top-Lay Eierkooperasie Ltd;;;;;
toplinebook.co.za;;;;;
toptensecurityservices.co.za;;;;;
Topterra Ltd;;;;;
Topwell Industrial (Pty) Ltd;;;;;
TORCH;;;;;
Torch Solutioneers (Pty) Ltd;;;;;
Torga Optical (Pty) Ltd;;;;;
Toro Gold Ltd;;;;;
Tororo Cement;;;;;
Torque;;;;;
Torque Marketing Solutions;;;;;
Torque Securitisation (RF) Ltd;;;;;
Torque Solutions;;;;;
Torque Technical Computer Training (Pty) Ltd;;;;;
Torque-IT-International;;;;;
Torre Holdings (Pty) Ltd;;;;;
Torre Industries Ltd;;;;;
Torre Parts and Components (Pty) Ltd;;;;;
Tosas (Pty) Ltd;;;;;
Tosha Petroleum Ltd;;;;;
Toshiba;;;;;
Total Client Services Ltd;;;;;
Total Cote d'Ivoire SA;;;;;
TOTAL ENERGIES;;;;;
Total Energies Cote d'Ivoire;;;;;
Total Energies Kenya;;;;;
Total Exposure (Pty) Ltd;;;;;
Total Maroc RH;;;;;
Total Mauritius Ltd;;;;;
Total Mozambique SA;;;;;
Total Nigeria Plc;;;;;
Total Overseas Holding (Pty) Ltd;;;;;
Total Petroleum Ghana Ltd;;;;;
Total Senegal SA;;;;;
Total South Africa (Pty) Ltd;;;;;
Total Zambia Limited;;;;;
TotalCargoManagement;;;;;
totalenegies.com;;;;;
Totalenergies;;;;;
Totalgaz Southern Africa (Pty) Ltd;;;;;
totallycyber.co.za;;;;;
totalspartan.co.za;;;;;
Touch The Wild (Pvt) Ltd;;;;;
Touch Vision Solutions CC;;;;;
TouchBasePro;;;;;
Tourism Business Council of South Africa (The);;;;;
Tourism Fund;;;;;
Tourism Grading Council of South Africa;;;;;
Tourism Holdings Rental SA (Pty) Ltd;;;;;
Tourism Investment Corporation Ltd;;;;;
Tourism KwaZulu-Natal;;;;;
Tourism Urbanization Company SAE;;;;;
Tourist Company of Nigeria Plc (The);;;;;
Tourvest Destination Management;;;;;
Tourvest Financial Services (Pty) Ltd;;;;;
Tourvest Holdings (Pty) Ltd;;;;;
Tourvest Hotel Operations (Pty) Ltd;;;;;
Tourvest Investment (Pty) Ltd;;;;;
TOV Capital Markets and Share Trading (Pty) Ltd;;;;;
Tower Capital Management (Pty) Ltd;;;;;
Tower Property Fund Ltd;;;;;
Tower Sacco;;;;;
Towers Watson (Pty) Ltd;;;;;
Towers Watson SA (Pty) Ltd;;;;;
Towers Watson South Africa Holdings (Pty) Ltd;;;;;
Town Talk Furnishers (Bushbuckridge) (Pty) Ltd;;;;;
Toy Connection CC (The);;;;;
Toy Kingdom Holdings (Pty) Ltd;;;;;
Toyfin;;;;;
Toyota;;;;;
Toyota Boshoku;;;;;
Toyota Boshoku America;;;;;
Toyota Financial Services (South Africa) Ltd;;;;;
Toyota Ghana Co.;;;;;
Toyota Kenya;;;;;
Toyota Kenya Ltd;;;;;
Toyota Malawi;;;;;
Toyota Motor Corp;;;;;
Toyota South Africa Motors (Pty) Ltd;;;;;
Toyota Tanzania Ltd.;;;;;
Toyota Tsusho Africa (Pty) Ltd;;;;;
Toyota Tsusho Corporation;;;;;
toyota_boshoku.sa.com;;;;;
toyotaboshoku.com;;;;;
toyotasa.co.za;;;;;
toyotboshoku.com;;;;;
toyoya.co.za;;;;;
Toys R Us SA;;;;;
TP South Africa Trading (Pty) Ltd;;;;;
TPC Ltd;;;;;
TPCC Tanzania Portland Cement Co Ltd;;;;;
TPG Africa (Pty) Ltd;;;;;
TPS Eastern Africa Ltd;;;;;
TPT Workwear (Pty) Ltd;;;;;
trabsnet.net;;;;;
Trachurus Fishing (Pty) Ltd;;;;;
Tracker Agility (Pty) Ltd;;;;;
Tracker Connect (Pty) Ltd;;;;;
Tracker Investment Holdings (Pty) Ltd;;;;;
Tracker Network (Pty) Ltd;;;;;
Tracker Relationship Management (Pty) Ltd;;;;;
Tracker South Africa;;;;;
Tracker Technology Africa and Middle East (Pty) Ltd;;;;;
Tracker Technology Holdings (Pty) Ltd;;;;;
Trackhedge (Pty) Ltd;;;;;
Trackmatic;;;;;
Traclo (Pty) Ltd;;;;;
Traconsa (Pty) Ltd;;;;;
TRACTAFRIC Congo;;;;;
Tractafric Motors Cote d'Ivoire SA;;;;;
Tractionel Enterprise;;;;;
Tracto Forestry (Pty) Ltd;;;;;
Tractor Media Holdings (Pty) Ltd;;;;;
Trade & Development Bank;;;;;
Trade & Investment KwaZulu-Natal;;;;;
Trade & Investment South Africa;;;;;
Trade and Industrial Policy Strategies;;;;;
Trade and Investment KwaZulu-Natal;;;;;
Trade and Investment Limpopo;;;;;
Trade and Markets East Africa;;;;;
Trade Call Investments Apparel (Pty) Ltd;;;;;
Trade Coaters CC;;;;;
Trade Development Bank;;;;;
Trade Intelligence;;;;;
Trade Kings (South Africa) (Pty) Ltd;;;;;
Trade Kings Group;;;;;
Trade Kings Zambia Ltd;;;;;
TRADE OCEAN;;;;;
Tradebrics.com;;;;;
Tradebridge;;;;;
tradebridge;;;;;
Tradecloud Solutions (Pty) Ltd;;;;;
Traded Policies Management Ltd;;;;;
Tradefirm 100 (Pty) Ltd;;;;;
Tradehold Ltd;;;;;
TradeKing Group, Inc.;;;;;
TradeMark Africa;;;;;
TRADEMARK EAST AFRICA;;;;;
Trademodel Seven (Pty) Ltd;;;;;
Trademore (Pty) Ltd;;;;;
Trade-Off 78 (Pty) Ltd;;;;;
Traderoot Technologies;;;;;
Traders Square Investment Company (Pty) Ltd (The);;;;;
Tradevantage Grain (Pty) Ltd;;;;;
Tradewinds Parasol (Pty) Ltd;;;;;
Tradition Data Analytics Services (Pty) Ltd;;;;;
Tradition Futures (Pty) Ltd;;;;;
Tradition Government Bond Brokers and Derivatives Brokers (Pty) Ltd;;;;;
Traditional Healers' Organisation;;;;;
Tradmil Trading 10 (Pty) Ltd;;;;;
Trafalgar Electronics CC;;;;;
Trafalgar Property Management (Pty) Ltd;;;;;
Trafalgar Tours (Pty) Ltd;;;;;
Trafigura Services Pte Ltd;;;;;
Trafigura Services South Africa (Pty) Ltd;;;;;
Trafigura Trading (South Africa);;;;;
Trafo Power Solutions (Pty) Ltd;;;;;
TrainHub Solutions;;;;;
Training and Instructional Design Academy of South Africa (Pty) Ltd;;;;;
Training Force;;;;;
Training Force (Pty) Ltd;;;;;
Training Partners: Learn for life;;;;;
Training Portal Online (Pty) Ltd;;;;;
TrainWise Financial Consulting;;;;;
Trakprops 79 (Pty) Ltd;;;;;
Trakz Designs CC;;;;;
Tralee Court (Pty) Ltd;;;;;
Tramore Property Group (Pty) Ltd;;;;;
trananet.net;;;;;
Tranet;;;;;
Tranquil & Tenacious Minds;;;;;
Trans Africa - Cash & Carry (Botswana);;;;;
Trans African Concessions (Pty) Ltd;;;;;
Trans Air Cargo Service (TACS) ;;;;;
Trans Amadi Facilities Ltd;;;;;
Trans Caledon Tunnel Authority;;;;;
Trans Electron CC;;;;;
Trans Hex Diamond Cutting Works (Pty) Ltd;;;;;
Trans Hex Group Ltd;;;;;
Trans Hex Operations (Pty) Ltd;;;;;
Trans Industries (Pty) Ltd;;;;;
Trans Mega Corporation (Pty) Ltd;;;;;
Trans Oceans Tours SAE;;;;;
Trans-50 Vereniging;;;;;
trans50.org.za;;;;;
Transaction Capital Business Solutions;;;;;
Transaction Capital Payment Solutions (Pty) Ltd;;;;;
Transaction Capital Recoveries;;;;;
Transaction Capital Recoveries (Pty) Ltd;;;;;
Transaction Control Technologies (SA) (Pty) Ltd;;;;;
Transaction Junction (Pty) Ltd;;;;;
Transaction Payment Solutions (Pvt) Ltd;;;;;
Transaction Solutions (Ghana) Ltd;;;;;
TransAfrican Fibre Services;;;;;
Transarc Saffire Ltd;;;;;
Transatlantic Medical Supplies;;;;;
Transcash (Pty) Ltd;;;;;
Transcend;;;;;
Transcend Capital;;;;;
Transcend Corporate Advisors;;;;;
Transcend Media Group;;;;;
Transcend Residential Property Fund Ltd;;;;;
Transcend Talent Management;;;;;
TransCentury Ltd;;;;;
transco@uetcl.com;;;;;
Transcorp Hotels Plc;;;;;
Transdev Properties (Pty) Ltd;;;;;
Transem (Pty) Ltd;;;;;
Transformer Chemistry Services;;;;;
Transformer Manufacturers (Pty) Ltd;;;;;
Transformex;;;;;
transformingminds.co.za;;;;;
Trans-Inter Congo Sprl;;;;;
Transit Underwriting Managers (Pty) Ltd;;;;;
Transkei Granite Holdings (Pty) Ltd;;;;;
Transkei Sun International t/a Wild Coast Sun;;;;;
Transman;;;;;
Transmatrix Trading CC;;;;;
Transmed;;;;;
Transmed Medical Scheme;;;;;
Transmission World Ltd;;;;;
TransNamib Holdings Limited;;;;;
Transnational Corporation of Nigeria Plc;;;;;
Trans-Nationwide Express Plc;;;;;
transnest.net;;;;;
Transnet Bargaining Council;;;;;
Transnet Freight Rail (Pty) Ltd;;;;;
Transnet National Ports Authority;;;;;
Transnet Port Terminals;;;;;
Transnet SOC;;;;;
Transnet SOC Ltd;;;;;
transnet.ne;;;;;
transnset.net;;;;;
transnte.net;;;;;
Transpaco Ltd;;;;;
Transpaco Polymer Recyclers (Pty) Ltd;;;;;
Transpaco Recycling (Pty) Ltd;;;;;
Transpharm (Pty) Ltd;;;;;
Transport & Omnibus Workers Union;;;;;
Transport Education Training Authority;;;;;
Transportation Company of Congo;;;;;
Transportes Guimar;;;;;
Transpray CC;;;;;
Transquisite Consulting Group;;;;;
TRANSSION HOLDINGS (Zambia);;;;;
TransUnion;;;;;
Transunion Africa (Pty) Ltd;;;;;
Transunion Global Capability Centre Africa (Pty) Ltd;;;;;
TransUnion LLC;;;;;
Transvaal Agricultural Union;;;;;
Transvaal Pressed Nuts Bolts and Rivets (Pty) Ltd;;;;;
Transvaal Rubber Company (Pty) Ltd;;;;;
Transworld Energy & Minerals Resources (SA) (Pty) Ltd;;;;;
Trappers Franchising (Pty) Ltd;;;;;
Traq Software (Pty) Ltd;;;;;
Trascend Media Group;;;;;
trasnstnet.net;;;;;
Traumanet (Pty) Ltd;;;;;
TRAVEL + LEISURE CO.;;;;;
Travel Car Wash and Cleaning CC;;;;;
Travel Connections (Pty) Ltd;;;;;
Travel Insurance Consultants (Pty) Ltd;;;;;
Travel Vision (Pty) Ltd;;;;;
Travel With Flair;;;;;
Travel With Flair (Pty) Ltd;;;;;
travel.co.za;;;;;
Travelpass International (Pty) Ltd;;;;;
Travelstart Online Travel Operations (Pty) Ltd;;;;;
Travenna Development Company (Pty) Ltd;;;;;
Traxtion Sheltam (Pty) Ltd;;;;;
Traxx ltd;;;;;
Traxys Africa (Pty) Ltd;;;;;
Traxys Africa Holdings Ltd;;;;;
Traxys Africa Industrial (Pty) Ltd;;;;;
Traxys Africa Investments and Resources (Pty) Ltd;;;;;
Traxys Africa Trading (Pty) Ltd;;;;;
Tray International Services and Administration (Pty) Ltd;;;;;
Treated Timber Products (Pty) Ltd;;;;;
Treatment Action Campaign;;;;;
Tredcor Export Services (Pty) Ltd;;;;;
Tree Tops Comsultancy;;;;;
Tree Works CC;;;;;
Treemo (Pty) Ltd;;;;;
TreeTops Management and Development Consultants (Pty) Ltd;;;;;
Treetops Management Development Consultants;;;;;
Treford Communication and Marketing (Pty) Ltd;;;;;
Trek Scale Company (Pty) Ltd;;;;;
Trellicor (Pty) Ltd;;;;;
Trellidor Ghana Ltd;;;;;
Trellidor Holdings Ltd;;;;;
Trellidor Innovations (Pty) Ltd;;;;;
Trematon Capital Investments Ltd;;;;;
Tren Tyre Holdings (Pty) Ltd;;;;;
Trencon Construction (Pty) Ltd;;;;;
Trencor Containers (Pty) Ltd;;;;;
Trencor Ltd;;;;;
Trencor Services (Pty) Ltd;;;;;
Trend Micro Incorporated;;;;;
Trenprop Investments (Pty) Ltd;;;;;
TrenStar;;;;;
Trentyre (Pty) Ltd;;;;;
Tresso Trading 242 (Pty) Ltd;;;;;
Trevo Capital Ltd;;;;;
Trevwest 24 Investments CC;;;;;
TRG Trading (Pty) Ltd;;;;;
Triage;;;;;
Trialogue;;;;;
Triangle Sugar Corporation Ltd;;;;;
Tribal Zone Telecommunications (Pty) Ltd;;;;;
Tribe Fintech Pte Ltd;;;;;
Tricom Structures (Pty) Ltd;;;;;
Tridelta North West (Pty) Ltd;;;;;
Trident Engineering Botswana;;;;;
Trident Francistown (Pty) Ltd;;;;;
Trident Maun (Pty) Ltd;;;;;
Trident Midrand Steel (Pty) Ltd;;;;;
Trident Palapye (Pty) Ltd;;;;;
Trident South Africa (Pty) Ltd;;;;;
Trident Steel (P E) (Pty) Ltd;;;;;
Trident Steel Group Finance (Pty) Ltd;;;;;
Trident Steel Intellectual Property (Pty) Ltd;;;;;
Tridonic SA (Pty) Ltd;;;;;
Trifecta Holdings (Pty) Ltd;;;;;
Trifecta Trading 434 Property 2 (Pty) Ltd;;;;;
Trifecta Trading 434 Property 4 (Pty) Ltd ;;;;;
Trifecta Trading 434 Property 5 (Pty) Ltd;;;;;
Trifecta Trading 434 Property 7 (Pty) Ltd;;;;;
Trifecta Trading 434 Property 9 (Pty) Ltd;;;;;
Trigate (Pty) Ltd;;;;;
Triggerfish Animation (Pty) Ltd;;;;;
Trilinear Capital (Pty) Ltd ;;;;;
Trilinear Nominees (Pty) Ltd;;;;;
Trilinear Specialised Solutions (Pty) Ltd;;;;;
Trillobate Marketing (Pty) Ltd;;;;;
Trinance (Pty) Ltd;;;;;
Trinity Broadcasting Investments;;;;;
Trinity Energy;;;;;
Trinity Energy Limited;;;;;
Trinity washing bay;;;;;
Trinityhouse Schools;;;;;
Trionum Entertainment (Pty) Ltd;;;;;
Triple 8 Clothing CC;;;;;
Triple A (Pty) Ltd;;;;;
TRIPLE H IT SOLUTIONS;;;;;
Triple4;;;;;
TRIPLEOKLAW Advocates LLP;;;;;
TripleOKlaw LLP;;;;;
triple-t.co.za;;;;;
Tripple Gee and Company Plc;;;;;
TRISOLAR TECH;;;;;
Tri-Star Group Holdings (Pty) Ltd;;;;;
Tristar Insurance Company Ltd;;;;;
Tristar Plastics (Pty) Ltd;;;;;
TriStar Technologies;;;;;
Tritec Sintered Products (Pty) Ltd T/A Sintech;;;;;
Triton Clothing Manufacturers CC;;;;;
Triton Express (Pty) Ltd;;;;;
tritonpharma.co.za;;;;;
Triumph of Power and Gas System Ltd;;;;;
triumph.co.za;;;;;
Trollope Mining Services (Pty) Ltd;;;;;
Tronox;;;;;
Tronox Mineral Sands (Pty) Ltd;;;;;
Tropic Knits Ltd;;;;;
Tropic Plastic and Packaging Industry (Pty) Ltd;;;;;
TROPICAL ATTITUDE  LTD;;;;;
Tropical Bank Limited;;;;;
Tropical Garments Ltd;;;;;
Tropical Heat Group;;;;;
TROPICAL HOTEL LTD.;;;;;
Tropical Paradise Company Ltd;;;;;
tropicknits.com;;;;;
Tropikal Brands;;;;;
Tropikal Brands Africa Limited;;;;;
TROX South Africa;;;;;
Troye;;;;;
Trp;;;;;
TRT Shipping Services (Pty) Ltd;;;;;
Tru Vest (Pty) Ltd;;;;;
Trubok (Pty) Ltd;;;;;
Trubuild (Pty) Ltd;;;;;
Tru-Cape Fruit Marketing (Pty) Ltd;;;;;
Truck Equipment;;;;;
Truckafrica Holdings (Pty) Ltd;;;;;
Truckafrica Mozambique Lda;;;;;
Truckafrica South Africa (Pty) Ltd;;;;;
Truckafrica Zambia Ltd;;;;;
Truckafrica Zimbabwe (Pvt) Ltd;;;;;
Truco South Africa (Pty) Ltd;;;;;
Trudafoods;;;;;
Trudon;;;;;
Trudon Business;;;;;
True Class Consortium (Pty) Ltd;;;;;
True Colour Events CC;;;;;
True Motives 77 (Pty) Ltd;;;;;
True North Partners South Africa;;;;;
true2purpose.co.za;;;;;
TrueGold Mining Inc;;;;;
Truerite Johannesburg (Pty) Ltd;;;;;
Truesolve Consulting (Pty) Ltd;;;;;
Truevo Payments Ltd;;;;;
Truffle Asset Management (Pty) Ltd;;;;;
Trufoods;;;;;
Trulite;;;;;
Trust Bank Ltd;;;;;
Trust Merchant Bank;;;;;
Trust vibes;;;;;
TRUSTCARE MEDICAL CENTER;;;;;
Trustco Financial Services (Pty) Ltd;;;;;
Trustco Group Holdings Ltd;;;;;
Trustco Informatix (Pty) Ltd;;;;;
Trustco Intermediary Solutions (Pty) Ltd;;;;;
Trustco Plc;;;;;
Trustfund Pensions Plc;;;;;
Trustgro Developments (Pty) Ltd;;;;;
Trustion Nominees (Pty) Ltd;;;;;
Trustlink (Pty) Ltd;;;;;
trustnet.co.za;;;;;
TRUST-SYSTEMS;;;;;
Trust-Systems Consulting SARL;;;;;
Truteq Wireless (Pty) Ltd;;;;;
Truth Loyalty & CRM;;;;;
Truthium;;;;;
Truworths (Namibia) Ltd;;;;;
Truworths (Swaziland) Ltd;;;;;
Truworths Botswana (Pty) Ltd;;;;;
Truworths International Ltd;;;;;
Truworths Ltd;;;;;
Truworths Ltd (Zimbabwe);;;;;
Trymore Investments 66 (Pty) Ltd;;;;;
Tryshaw Investments CC;;;;;
Trysome;;;;;
Tsantsabane Local Municipality;;;;;
Tsapo Group- Zimbabwe;;;;;
TSAR Solution;;;;;
TSB Sugar Holdings (Pty) Ltd;;;;;
TSB Sugar International (Pty) Ltd;;;;;
TSB Sugar Mozambique (Pty) Ltd;;;;;
Tsebo Cleaning;;;;;
Tsebo Cleaning and Hygiene Solutions;;;;;
Tsebo Facilities Solutions;;;;;
Tsebo Leasing Solutions (Pty) Ltd;;;;;
Tsebo Solutions Group (Pty) Ltd;;;;;
tsebotraining.com;;;;;
tsf-sa.com;;;;;
Tsgro Farming Service (Pty) Ltd;;;;;
Tshebedisano Burial Society CC;;;;;
Tshedza Protective Services CC;;;;;
Tshiamo Group;;;;;
Tshikululu Management Services (Pty) Ltd;;;;;
Tshikululu Social Investments;;;;;
Tshimedzwa Learning Academy (Pty) Ltd;;;;;
Tshimologong;;;;;
Tshimologong Incubator;;;;;
Tshipi e Ntle Manganese Mining (Pty) Ltd;;;;;
Tshipi SA (Pty) Ltd;;;;;
Tshirello Trading & Promotion CC;;;;;
tsholetsoprj.co.za;;;;;
tsholoconsulting.co.za;;;;;
Tshwane Cables (Pty) Ltd;;;;;
Tshwane North TVET College;;;;;
Tshwane Press (Pty) Ltd;;;;;
Tshwane South TVET College;;;;;
Tshwane University of Technology;;;;;
TSiBA Education;;;;;
TSL Ltd;;;;;
TSN Supermarket Ltd;;;;;
Tsodilo Resources Ltd;;;;;
Tsogo Investment Holding Company (Pty) Ltd;;;;;
Tsogo Sun (Pty) Ltd;;;;;
Tsogo Sun Casino Management Company (Pty) Ltd;;;;;
Tsogo Sun Casinos (Pty) Ltd;;;;;
Tsogo Sun Emonti (Pty) Ltd;;;;;
Tsogo Sun Gaming (Pty) Ltd;;;;;
Tsogo Sun Holdings Ltd;;;;;
Tsogo Sun KwaZulu-Natal (Pty) Ltd;;;;;
Tsolwana Local Municipality;;;;;
TSS Managed Services (Pty) Ltd;;;;;
TSTM SA Retail (Pty) Ltd;;;;;
TSU Protection Services (Pty) Ltd;;;;;
Tswelopele Productions (Pty) Ltd;;;;;
Tswelopele Tactical Risk Management;;;;;
T-Systems International;;;;;
T-Systems International GmbH;;;;;
T-Systems South Africa (Pty) Ltd;;;;;
Tt pc world;;;;;
TTi Global;;;;;
TTR Holdings (Pty) Ltd;;;;;
TTR's Clothing CC;;;;;
Tubatse Alloy (Pty) Ltd;;;;;
tubatse.gov.za;;;;;
Tubular Technical Construction (Pty) Ltd;;;;;
Tuckett Investments (Pty) Ltd;;;;;
Tuesday Consulting;;;;;
tuffsan.co.za;;;;;
Tugela 1-Stop (Pty) Ltd;;;;;
Tugela Grain CC;;;;;
Tugende Limited;;;;;
TUHF Ltd;;;;;
Tukasie (Pty) Ltd;;;;;
tuks.co.za;;;;;
TuksNovation;;;;;
Tulela Group --- Designed by:;;;;;
Tulips and Chimneys (Pty) Ltd;;;;;
Tulisa Cables (Pty) Ltd;;;;;
Tullett Prebon South Africa (Pty) Ltd;;;;;
Tullis Laundry and Engineering Supplies (Pty) Ltd;;;;;
Tullow Ghana Ltd;;;;;
Tullow Kenya BV;;;;;
Tullow Oil Plc;;;;;
Tullow South Africa (Pty) Ltd;;;;;
Tumblecreek Investments (Pty) Ltd;;;;;
Tunacor Fisheries Limited;;;;;
tundoproductions.co.za;;;;;
Tunepike Investments (Pty) Ltd;;;;;
Tunica Trading 59 (Pty) Ltd;;;;;
Tuning Fork (Pty) Ltd;;;;;
Tunisia Network SA;;;;;
Tunisiana SA;;;;;
Tunisie Leasing SA;;;;;
Tunisie Profiles Aluminium SA;;;;;
Tunisie Telecom;;;;;
tunnelquip.co.za;;;;;
Tunney Ridge Properties (Pty) Ltd;;;;;
Tupperware;;;;;
Tupperware Holdings South Africa (Pty) Ltd;;;;;
Tupperware Southern Africa (Pty) Ltd;;;;;
Turaco;;;;;
Turaco Kenya;;;;;
Turbine Square Two (Pty) Ltd;;;;;
Turbo Agencies (Pty) Ltd;;;;;
Turbo Agencies DRC Sprl;;;;;
Turbo Agencies Zambia (Pvt) Ltd;;;;;
Turbomeca Africa (Pty) Ltd;;;;;
Turfsport;;;;;
Turk Hava Yollari AO;;;;;
Turnall Fibre Cement Pvt Ltd;;;;;
Turnall Holdings Ltd;;;;;
Turner and Townsend (Pty) Ltd;;;;;
Turner Morris (Pty) Ltd;;;;;
Turners Conferences and Conventions (Pty) Ltd;;;;;
Turners Holdings (Pty) Ltd;;;;;
Turners Shipping;;;;;
Turners Shipping (Pty) Ltd;;;;;
Turning Point Ballet Swim Dance and Gym CC;;;;;
Turnkey Paint Solutions (Pty) Ltd;;;;;
Turnmill Proquip Engineering (Pty) Ltd;;;;;
Turnstar Holdings Ltd;;;;;
Turntown;;;;;
Turquoise Moon Trading 603 (Pty) Ltd;;;;;
Turrito;;;;;
Turrito Networks (Pty) Ltd;;;;;
Tuscan BBQ Holdings (Pty) Ltd;;;;;
Tuscan Mood 267 (Pty) Ltd;;;;;
TUSK CONSTRUCTION SUPPORT SERVICES;;;;;
Tusker Mattresses Ltd;;;;;
TUT Enterprise Holdings;;;;;
Tut4Life;;;;;
TutorShip;;;;;
Tutu Communications (Pty) Ltd;;;;;
Tutuka Software (Pty) Ltd;;;;;
TUV NORD Southern Africa (Pty) Ltd;;;;;
TUV Rheinland Inspection Services (Pty) Ltd;;;;;
TUV Rheinland QC (Pty) Ltd;;;;;
TUV Rheinland Quality Services (Pty) Ltd;;;;;
TUV SUD Inspection Authority (Pty) Ltd;;;;;
TUV SUD South Africa (Pty) Ltd;;;;;
TUV SUD South Africa Pro-Tec (Pty) Ltd;;;;;
TUV SUD South Africa Real Estate Services (Pty) Ltd;;;;;
tvcabo.co.mz;;;;;
Twafika Fishing Enterprises (Pty) Ltd;;;;;
Twangoo South Africa (Pty) Ltd;;;;;
Tweed Heads Property Investments (Pty) Ltd;;;;;
Tweedie Pallets CC;;;;;
Tweewaters Fuel (Pty) Ltd;;;;;
Twelve Apostles Hotel (Pty) Ltd (The);;;;;
Twiga;;;;;
Twiga Bancorp Ltd;;;;;
Twiga Chemical Industries;;;;;
Twiga Chemical Industries Limited;;;;;
Twiga Chemicals Industries Limited;;;;;
Twiga Consulting;;;;;
Twiga Foods Lts;;;;;
Twiga Portland Cement Public Limited Company;;;;;
Twilight Clothing Manufacturers (Pty) Ltd;;;;;
Twin Cities Trading 374 (Pty) Ltd;;;;;
Twin Clothing Manufacturers (Pty) Ltd;;;;;
Twin Dragons Automotive (Pty) Ltd;;;;;
Twinbash;;;;;
Twincare International (Pty) Ltd;;;;;
Twin-M CC;;;;;
Twinsaver;;;;;
Twinsaver Group;;;;;
Twisp;;;;;
Twist Street Collective Investments (Pty) Ltd;;;;;
Twist Street Securities (Pty) Ltd;;;;;
Twizza (Pty) Ltd;;;;;
TWK Agri (Pty) Ltd;;;;;
TWK Agriculture Holdings (Pty) Ltd;;;;;
TWK Investments Ltd;;;;;
TWM Petroleum Services (Pty) Ltd;;;;;
Two Oceans Airconditioning (Pty) Ltd;;;;;
Two Oceans Marine Manufacturing CC;;;;;
Two Oceans Production (Pty) Ltd;;;;;
Two Rivers Development Ltd;;;;;
Two Rivers Platinum mine;;;;;
Two-A-Day Group (Pty) Ltd;;;;;
Twopence Six Properties (Pty) Ltd;;;;;
TWP Environmental Services (Pty) Ltd;;;;;
TWP Holdings (Pty) Ltd;;;;;
TWP House (Pty) Ltd;;;;;
TWP Investments (Pty) Ltd;;;;;
TWP Limpopo Engineering (Pty) Ltd;;;;;
TWP Matomo Process Plant (Pty) Ltd;;;;;
TWP Projects (Pty) Ltd;;;;;
TWR;;;;;
Tyba Trading (Pty) Ltd;;;;;
Tych Business Solutions;;;;;
Tycin Technologies;;;;;
Tyco International (Pty) Ltd;;;;;
tyeresandmore.com;;;;;
tyganpress.co.za;;;;;
Tyl-Pro Adhesives (Pty) Ltd;;;;;
Tymax;;;;;
TYME Bank (Pty) Ltd;;;;;
tymedigital.com;;;;;
Typo Colour Printing Specialists (Pty) Ltd;;;;;
Typo Printing CC;;;;;
Tyre Dealers' and Fitment Centre Association;;;;;
Tyre Source (Pty) Ltd;;;;;
Tyres & More®;;;;;
Tyrone Govender Photography;;;;;
TYTNIT _security;;;;;
tzaneen.gov.za;;;;;
U 2 Design CC;;;;;
U C L Company (Pty) Ltd;;;;;
U Light (Pty) Ltd;;;;;
U R D-Beleggings (Pty) Ltd;;;;;
U T HOLDINGS;;;;;
UAC Foods Ltd;;;;;
UAC of Nigeria Plc;;;;;
UAC Registrars Ltd;;;;;
UACN Property Development Company Plc;;;;;
UAP Financial Services Ltd;;;;;
UAP Holdings Ltd;;;;;
UAP OLD MUTUAL GROUP;;;;;
UASA The Union;;;;;
UAV and Drone Solutions  (UDS) ((Pty) Ltd;;;;;
UBA Benin SA;;;;;
UBA Cameroon SA;;;;;
UBA Chad SA;;;;;
UBA Congo Brazzaville SA;;;;;
UBA Congo DRC SARL;;;;;
UBA Cote d'Ivoire;;;;;
UBA FX Mart Ltd;;;;;
UBA Gabon Ltd;;;;;
UBA Ghana Ltd;;;;;
UBA group Nigeria;;;;;
UBA Guinea Ltd;;;;;
UBA Insurance Brokers Ltd;;;;;
UBA Kenya Bank Ltd;;;;;
UBA Liberia Ltd;;;;;
UBA Metropolitan Life Insurance Ltd;;;;;
UBA Mozambique SA;;;;;
UBA Pensions Custodian Ltd;;;;;
UBA Retail Financial Services Ltd;;;;;
UBA Senegal SA;;;;;
UBA Sierra Leone Ltd;;;;;
UBA Tanzania Ltd;;;;;
UBA Uganda Ltd;;;;;
UBA Zambia Ltd;;;;;
UBAC;;;;;
Ubambo Investment Holdings Ltd;;;;;
Ubank Ltd;;;;;
Uber Kenya;;;;;
Uber Products;;;;;
Uber Technologies Inc;;;;;
Ubhejane Construction Services (Pty) Ltd;;;;;
UBIQUITECH;;;;;
Ubombo Sugar Ltd;;;;;
Ubora Systems and Solutions Limited;;;;;
UBOS;;;;;
UBP (Mauritius);;;;;
UBS South Africa (Pty) Ltd;;;;;
Ububele Holdings Ltd;;;;;
ubuhle.gov.za;;;;;
Ubuhlebezwe Municipality;;;;;
ubungcwetitech.co.za;;;;;
Ubunthu Media Investments CC;;;;;
Ubuntu Local Municipality;;;;;
ubuntuprinters.co.za;;;;;
UC Securities (Pty) Ltd;;;;;
UCAN Group (The) (Pty) Ltd;;;;;
UcanCourses;;;;;
Uchumi Supermarkets;;;;;
Uchumi Supermarkets Limited;;;;;
Uchumi Supermarkets Plc;;;;;
uckystar.co.za;;;;;
UCL;;;;;
UCOOK;;;;;
Ucs Group Ltd;;;;;
UCS Solutions (Pty) Ltd;;;;;
UCS Technology Services (Pty) Ltd;;;;;
UCSF Global Programs - Kenya;;;;;
UCSF Global Programs for Research & Training;;;;;
UCT Unilever Institute of Strategic Marketing;;;;;
UCW Partnership Joint Venture (The);;;;;
UD Trucks Southern Africa;;;;;
udb.co.ug;;;;;
udb.co.za;;;;;
UDEC (Pty) Ltd;;;;;
UDEC Trading (Pty) Ltd;;;;;
UDM International;;;;;
UDV (Kenya) Ltd;;;;;
uegcl.go.ug;;;;;
ufetc.edu.za;;;;;
Ugafode Microfinance Limited;;;;;
Uganda;;;;;
Uganda Airlines;;;;;
Uganda Bankers Association;;;;;
Uganda Breweries Limited;;;;;
Uganda Breweries Ltd;;;;;
Uganda Bureau of Statistics (UBOS);;;;;
Uganda Civil Aviation Authority;;;;;
Uganda Clays Ltd;;;;;
Uganda Communications Commission;;;;;
Uganda Communications Commission (UCC);;;;;
Uganda Development Bank Ltd;;;;;
Uganda Electricity Generation Company Limited;;;;;
Uganda Electricity Transmission Company Limited (UETCL);;;;;
Uganda local manufacturers;;;;;
Uganda National Oil Company;;;;;
Uganda National Oil Company Ltd.;;;;;
Uganda National Roads Authority;;;;;
Uganda national teachers union;;;;;
Uganda Red Cross Society;;;;;
Uganda Registration Services Bureau;;;;;
Uganda Revenue Authority;;;;;
Uganda Telecom;;;;;
Uganda Telecom Limited;;;;;
Uganda Towers Ltd;;;;;
ugb.edu.ci;;;;;
UGDJS;;;;;
ugeni.co.za;;;;;
Ugesi Africa Consulting CC;;;;;
ugi.gov.za;;;;;
Ugu District Municipality;;;;;
ugu.org.za;;;;;
UGUNJA TVC;;;;;
Uhuru Heights Ltd;;;;;
UI Brands (Pty) Ltd;;;;;
Uipath (Pty) Ltd;;;;;
UIS Analytical Services (Pty) Ltd;;;;;
uitkykvleismark;;;;;
uitrans.co.za;;;;;
Uitspan Uitbreidings (Pty) Ltd;;;;;
Uitzigt 176 (Pty) Ltd;;;;;
Uju Ess Services (Pty) Ltd;;;;;
ujuzithech.com;;;;;
Ukdion;;;;;
UKG;;;;;
Ukhamba Green Services (Pty) Ltd;;;;;
Ukhamba Holdings (Pty) Ltd;;;;;
Ukheshe;;;;;
Ukhuni Business Furniture (Pty) Ltd;;;;;
Ukuakha Projects CC;;;;;
Ukuanda Holdings Pty;;;;;
Ukulungisa Project Preparation Fund;;;;;
Ukuthula Lodge Share Block (Pty) Ltd;;;;;
Ukuva Iafrica Foods CC;;;;;
Ukuvuma;;;;;
Ukweza Holdings;;;;;
UKZN;;;;;
ukzn.ac;;;;;
Ulma Packaging Systems (SA) (Pty) Ltd;;;;;
Ultimate Sports Nutrition (Pty) Ltd;;;;;
Ultimate Spray and Blast Equipment (Pty) Ltd;;;;;
Ultimatum Challenge Trading (Pty) Ltd;;;;;
Ultimo Shoes CC;;;;;
Ultra Litho (Pty) Ltd;;;;;
Ultraline (Pty) Ltd;;;;;
Ultravetis;;;;;
Ulundi Local Municipality;;;;;
Ulwazi Protection Services (Pty) Ltd;;;;;
Ulwembu BS;;;;;
Um Jwali Market Research (Pty) Ltd;;;;;
Umalusi;;;;;
Umalusi Council for Assurance in General and Further Education and Training;;;;;
Umaphitha Agricultural Primary Co-Operative Ltd;;;;;
Umarl disco sounds;;;;;
Umbulumko Knowledge Services (Pty) Ltd;;;;;
Umcebo Mining (Pty) Ltd;;;;;
Umdeni Coal Beneficiation (Pty) Ltd;;;;;
Umdoni Local Municipality;;;;;
Umeme Limited;;;;;
uMfolozi Local Municipality;;;;;
Umfolozi Sugar Mill (Pty) Ltd;;;;;
Umgeni Iron Works;;;;;
Umgeni Water;;;;;
Umgeni Water Services (Pty) Ltd;;;;;
uMgungundlovu District Municipality;;;;;
uMhlathuze;;;;;
Umhlathuze Local Municipality;;;;;
Umicore Autocat South Africa (Pty) Ltd;;;;;
Umicore Catalyst South Africa (Pty) Ltd;;;;;
Umicore Marketing Services Africa (Pty) Ltd;;;;;
Umicore South Africa (Pty) Ltd;;;;;
Umjindi Local Municipality;;;;;
Umkhanyakude Youth Co-Operative Ltd;;;;;
uMkhoma Shipping and Logistics (Pty) Ltd;;;;;
Umkomaas Energy (RF) (Pty) Ltd;;;;;
Umkomaas Lignin (Pty) Ltd;;;;;
Umlalazi Local Municipality;;;;;
Umlambo Foundation;;;;;
Umlingo Trade and Invest 98 (Pty) Ltd;;;;;
umn.ac.za;;;;;
Umngane Construction Services (Pty) Ltd;;;;;
Umngazi Mouth (Pty) Ltd;;;;;
uMngeni Local Municipality;;;;;
Umnotho Creations (Pty) Ltd;;;;;
Umnothobc_SA;;;;;
UMODZI Consulting;;;;;
Umoja Embroidery (Pty) Ltd;;;;;
Umoja Property Solutions (Pty) Ltd;;;;;
Umongo Petroleum;;;;;
Umoya Communications (Pty) Ltd;;;;;
Umoya Energy (RF) (Pty) Ltd;;;;;
UMS Management Services South Africa (Pty) Ltd;;;;;
Umshwathi Local Municipality;;;;;
Umsimbithi Mining (Pty) Ltd;;;;;
Umso Construction (Pty) Ltd;;;;;
Umsobomvu Local Municipality;;;;;
Umtata Properties (Pty) Ltd;;;;;
uMtshezi Municipality;;;;;
Umuzi;;;;;
Umuzi Clothing Manufacturers (Pty) Ltd;;;;;
umuziwabantu.gov.za;;;;;
Umvoti Local Municipality;;;;;
Umvoto;;;;;
UMZ Consulting  (Pty) Ltd;;;;;
Umzamowonke Trading and Projects 25 CC;;;;;
Umzimkhulu Industrial Holdings (Pty) Ltd;;;;;
UmzimkhuluLM;;;;;
Umzimvubu Local Municipality;;;;;
Umzinyathi District Municipality;;;;;
Umzumbe Local Municipality;;;;;
UNACOOPEC CI;;;;;
Unaitas Sacco Society Limited;;;;;
UNAM SRC OFFICIAL;;;;;
Undara Investments (Pty) Ltd;;;;;
Undeez Unlimited Durban CC;;;;;
Underwriting Centre (Pty) Ltd;;;;;
Undimark (Pty) Ltd;;;;;
unearthed.global;;;;;
Unemployed;;;;;
Unemployment Insurance Fund;;;;;
Unga Farmcare EA Limited;;;;;
Unga Group Limited;;;;;
Unga Limited Company;;;;;
ungm.org;;;;;
Unguka Bank;;;;;
Unguka Bank Rwanda;;;;;
unhu.co.za;;;;;
Uni Industries Holdings (Pty) Ltd;;;;;
uniabuja.edu;;;;;
Uni-Africa Holdings (Pty) Ltd;;;;;
Uni-Africa Investment Holdings (Pty) Ltd;;;;;
Uniao Nacional dos Trabalhadores Angolanos;;;;;
uniBank Ghana Limited;;;;;
Uni-Brokers Resale CC;;;;;
Unic Insurance Plc;;;;;
Unicab CC;;;;;
Unican Manufacturing (Pty) Ltd;;;;;
Uni-Cape Equipment (Pty) Ltd;;;;;
Unichem;;;;;
UniChoice Produce Direct (Pty) Ltd;;;;;
Uniciti Education Hub;;;;;
UNICO CPFA Ltd;;;;;
Unicorn Bunker Services (Pty) Ltd;;;;;
Unicorn Calulo Shipping Services (Pty) Ltd;;;;;
Unicorn Capital Partners Ltd;;;;;
Unicorn Pharmaceuticals (Pty) Ltd;;;;;
Unicorn Valley Technologies;;;;;
unicornshipping.co.za;;;;;
uniCredit GH;;;;;
Unifi Group Pty;;;;;
Unified Chemicals Zambia Ltd;;;;;
Unified Payments;;;;;
Uniforum SA;;;;;
Unifrax Emission Control South Africa (Pty) Ltd;;;;;
Unifreight Africa Ltd;;;;;
Unifrutti South Africa (Pty) Ltd;;;;;
Uniglobe Travel (South Africa) (Pty) Ltd;;;;;
Unigrain (Pty) Ltd;;;;;
Unilever Cote d'Ivoire SA;;;;;
Unilever Ghana Ltd;;;;;
Unilever Kenya;;;;;
Unilever Market Development (Pty) Ltd;;;;;
Unilever Nigeria Plc;;;;;
Unilever South Africa (Pty) Ltd;;;;;
Unilever South Africa Holdings (Pty) Ltd;;;;;
Unilever South Africa Manufacturing (Pty) Ltd;;;;;
Unilever Tea Tanzania Ltd;;;;;
Unilux (Pty) Ltd;;;;;
Unimelt CC;;;;;
Unimer Groupe SA;;;;;
Union Bancaire Pour Le Commerce Et l'Industrie SA;;;;;
Union Bank of Nigeria Plc;;;;;
Union Carriage and Wagon Company (Pty) Ltd;;;;;
Union Diagnostics & Clinical Services Plc;;;;;
Union Dicon Salt Plc;;;;;
Union Fenosa South Africa Coal (Pty) Ltd;;;;;
Union Group;;;;;
Union Hand Roasted (Pty) Ltd;;;;;
Union Homes Real Estate Investment Trust Plc;;;;;
Union Homes Savings and Loans Plc;;;;;
Union Internationale de Banques SA;;;;;
Union Life Ltd;;;;;
Union National Bank Egypt SAE;;;;;
Union Structural Engineering Works (Pty) Ltd;;;;;
Union Sugar Estates Company Ltd (The);;;;;
Union Tiles (Pty) Ltd;;;;;
Union-Swiss (Pty) Ltd;;;;;
Unipak (Pvt) Ltd;;;;;
Unipipe (Pty) Ltd;;;;;
Uni-Point Reservations (Pty) Ltd;;;;;
Unique Dairy Products (Pty) Ltd;;;;;
Unique Personnel;;;;;
Unique Timber Plastics (Pty) Ltd;;;;;
Unique Ventilation and Support Systems (Pty) Ltd;;;;;
Unique Ventures Ltd;;;;;
unirans.co.za;;;;;
Uniregistry.com;;;;;
Unison Communications (Pty) Ltd;;;;;
Unison Talent Management Ltd;;;;;
UniSource Software;;;;;
Uni-Span Formwork and Scaffolding (Pty) Ltd;;;;;
Unit 8 Midrand High Tech Village (Pty) Ltd;;;;;
Unite De Fabrication De Medicaments SA;;;;;
unitechnik.de;;;;;
United (EA) Warehouses Ltd;;;;;
United Adhesives CC;;;;;
United Africa Group;;;;;
United Agencies (Pty) Ltd (Namibia);;;;;
United Arab Stevedoring Company SAE;;;;;
United Bank For Africa Plc;;;;;
United Basalt Products Ltd (The);;;;;
United Beverages Ethiopia;;;;;
United Bulk (Pty) Ltd;;;;;
United Bus Service Ltd;;;;;
United Capital Asset Management Ltd;;;;;
United Capital Plc;;;;;
United Charter Services (Pty) Ltd;;;;;
United Chemical Industries Mining Electrical State Health and Aligned Workers Unions;;;;;
United Company for Housing and Development SAE;;;;;
United Company Rusal Plc;;;;;
United Democratic Food & Combined Workers' Union;;;;;
United Docks Ltd;;;;;
United Exports (Pty) Ltd;;;;;
United Fishing Enterprises (Pty) Ltd;;;;;
United Fitness House (Pty) Ltd;;;;;
United Funeral Insurance Ltd;;;;;
United Furniture Outlets (Pty) Ltd;;;;;
United General Insurance Ltd;;;;;
United General Insurance Malawi;;;;;
United Herzlia Schools' Teachers Association;;;;;
United Holdings;;;;;
United Impex (Pty) Ltd;;;;;
United International Pictures (South Africa);;;;;
United Investments Ltd;;;;;
United Learning;;;;;
United Manganese of Kalahari Pty Ltd;;;;;
United National Public Servants Association of South Africa;;;;;
United National Transport Union;;;;;
United Nations;;;;;
United Nations Children's Fund;;;;;
United Nations Development Programme;;;;;
United Portland Cement Company (Pvt) Ltd;;;;;
United Refineries Botswana (PTY) Ltd;;;;;
United Salt (Pty) Ltd;;;;;
United Securities Ltd;;;;;
United States Department of State;;;;;
United States International University;;;;;
United Workers Front;;;;;
Unitedway NPO;;;;;
Unitel;;;;;
Unitrade Management Services (Pty) Ltd;;;;;
Unitrans Agricultural Services (Pty) Ltd;;;;;
Unitrans Automotive (Pty) Ltd;;;;;
Unitrans Botswana (Pty) Ltd;;;;;
Unitrans Express Deliveries (Swaziland) (Pty) Ltd;;;;;
Unitrans Holdings (Pty) Ltd;;;;;
Unitrans Household Goods Logistics (Pty) Ltd;;;;;
Unitrans Insurance Ltd;;;;;
Unitrans Lesotho (Pty) Ltd;;;;;
Unitrans Ltd;;;;;
Unitrans Malawi Ltd;;;;;
Unitrans Mocambique Lda;;;;;
Unitrans Motor Enterprises (Pty) Ltd;;;;;
Unitrans Motors (Pty) Ltd;;;;;
Unitrans Namibia (Pty) Ltd;;;;;
Unitrans Passenger (Pty) Ltd;;;;;
Unitrans Rentals (South Africa) (Pty) Ltd;;;;;
Unitrans Retail Services (Pty) Ltd;;;;;
Unitrans Supply Chain Solutions (Pty) Ltd;;;;;
Unitrans Swaziland Ltd;;;;;
Unitrans Tanzania Ltd;;;;;
Unitrans Trading Ltd;;;;;
unitransmotors.co.za;;;;;
Unity Bank Plc;;;;;
Unity Financial Services (Pty) Ltd;;;;;
Unity Paper Sales (Pty) Ltd;;;;;
Univel Transmissions (Pty) Ltd;;;;;
Universal Auto Distributors Holding SA;;;;;
Universal Bolt and Nut;;;;;
Universal Coal and Energy Holdings South Africa (Pty) Ltd;;;;;
Universal Coal Development I (RF) (Pty) Ltd;;;;;
Universal Coal Development II (Pty) Ltd;;;;;
Universal Coal Development III (Pty) Ltd;;;;;
Universal Coal Development V (Pty) Ltd;;;;;
Universal Coal Development VIII (Pty) Ltd;;;;;
Universal Coatings (Pty) Ltd;;;;;
Universal Construction Pvt Ltd;;;;;
Universal Equipment (Pty) Ltd;;;;;
Universal Fans (Pty) Ltd;;;;;
Universal for Paper and Packaging Materials SAE;;;;;
Universal Group for Trading (GK Auto);;;;;
Universal Healthcare (Pty) Ltd.;;;;;
Universal Healthcare Administrators (Pty) Ltd;;;;;
Universal Industries Corporation (Pty) Ltd;;;;;
Universal Industries Inc;;;;;
Universal Insurance Company Plc;;;;;
Universal Labels (Pty) Ltd;;;;;
Universal Leaf South Africa (Pty) Ltd;;;;;
Universal Merchant Bank;;;;;
Universal Mint (Pty) Ltd;;;;;
Universal Music (Pty) Ltd;;;;;
Universal Music Publishing (Pty) Ltd;;;;;
Universal Networks;;;;;
Universal Paper and Plastics (Bophuthatswana) (Pty) Ltd;;;;;
Universal Partners Ltd;;;;;
Universal Print Group (Pty) Ltd;;;;;
Universal Recycling Company (Pty) Ltd;;;;;
Universal Storage Systems (Pty) Ltd;;;;;
Universal Water Solutions;;;;;
Universe Reinsurance Company;;;;;
Universidade Eduardo Mondlane;;;;;
UNIVERSITÉ DES MASCAREIGNES;;;;;
Universites South Africa;;;;;
Universities South Africa;;;;;
University of Agriculture and Natural Resources;;;;;
University of Botswana;;;;;
University of Cape Town;;;;;
University of Cape Town Medical Centre Ltd;;;;;
University of Eswatini;;;;;
University of Fort Hare;;;;;
University of Ghana;;;;;
University of Johannesburg;;;;;
University of Johannesburg Business School;;;;;
University of KwaZulu-Natal;;;;;
University of Lagos;;;;;
University of Lahore;;;;;
University of Limpopo;;;;;
University of Malawi;;;;;
University of Management & Technology Sialkot Campus;;;;;
University of Mauritius;;;;;
University of Mpumalanga;;;;;
University of Nairobi;;;;;
University of Pretoria;;;;;
University of Professional Studies (UPSA);;;;;
University of Sargodha;;;;;
University of South Africa;;;;;
University of Stellenbosch;;;;;
University of Technology Mauritius;;;;;
University of the Free State;;;;;
University of the Pacific;;;;;
University of the Western Cape;;;;;
University of the Witwatersrand;;;;;
University of the Witwatersrand Foundation;;;;;
University of Venda;;;;;
University of Zambia;;;;;
University of Zululand;;;;;
University of Zululand (The);;;;;
University Press Plc;;;;;
Uniwax SA;;;;;
Uniwide Clothing Manufacturing CC;;;;;
Uniwines Marketing (Pty) Ltd;;;;;
unizuli.ac.za;;;;;
Unjani Clinics;;;;;
Unlimited Beverage (Pty) Ltd;;;;;
Unlimited Fruit (Pty) Ltd;;;;;
Unlimited Systems;;;;;
unlock-u-listic;;;;;
UNOPS;;;;;
Untamed Horizons Marketing (Pty) Ltd;;;;;
Untedway NPO;;;;;
unuhlebezwe.gov.za;;;;;
Unusual Destinations (Pty) Ltd;;;;;
unuzulu.ac.za;;;;;
UP Investments (Pty) Ltd;;;;;
Upat SA;;;;;
Upbeatprops 138 (Pty) Ltd;;;;;
UPC KU Leuven;;;;;
UPD;;;;;
Updated Investments (Pty) Ltd;;;;;
UPDC;;;;;
UpEnergy Group;;;;;
UpEnergy Zambia Limited;;;;;
Upenergygroup;;;;;
UpesiMoneyTransfer;;;;;
Upgrade Solutions;;;;;
Uphongolo Local Municipality;;;;;
Upington Abattoir (Pty) Ltd;;;;;
Upington Super Salt (Pty) Ltd;;;;;
UPL Limited;;;;;
Uplift Quality Solutions (Pty) Ltd;;;;;
Upload Consulting (Pty) Ltd;;;;;
UPM;;;;;
UPM Raflatac South Africa (Pty) Ltd;;;;;
Upper Egypt Flour Mills Company SAE;;;;;
Uppercase Media (Pty) Ltd;;;;;
UPS SCS South Africa (Pty) Ltd;;;;;
Upstream Advertising (Pty) Ltd;;;;;
Upstream Group;;;;;
uqobolwam.co.za;;;;;
Uranium One Inc;;;;;
Urban Brew Studios (Pty) Ltd;;;;;
Urban Green Technologies (Pty) Ltd;;;;;
Urban Health Eswatini;;;;;
Urban Rush PTY (Ltd);;;;;
Urban-Econ;;;;;
Urbian;;;;;
Urbsol Props CC;;;;;
Urochem Trading (Pty) LTD;;;;;
Urwego Bank;;;;;
US Pharmacopeia Kenya;;;;;
USA spares;;;;;
USAASA;;;;;
Usabco Industries (Pty) Ltd;;;;;
usabco.co.za;;;;;
USAID - Kenya;;;;;
USAID - US Agency for International Development;;;;;
USB;;;;;
USB Botswana;;;;;
USB Executive Development;;;;;
Used Equipment Company CC (The);;;;;
USED TYRES SA;;;;;
used.edu.gh;;;;;
Ushaka Marine World;;;;;
uShaka Marine World;;;;;
Usmanu Danfodiyo University, Sokoto;;;;;
USN - Ultimate Sports Nutrition;;;;;
USS Graphics Group of Companies;;;;;
uss.co.za;;;;;
Usutu Pulp Company Ltd;;;;;
UT Bank Ltd;;;;;
UTC Nigeria Plc;;;;;
uThetha Telecoms;;;;;
Uthingo Management (Pty) Ltd;;;;;
Uthukela District Municipality;;;;;
uThukela Water (Pty) Ltd;;;;;
UTi Distribution;;;;;
Utility Power Botswana;;;;;
UTI-Mounties division;;;;;
Uvongo Falls No 26 (Pty) Ltd;;;;;
UVP Print Finishing Gauteng (Pty) Ltd;;;;;
UVP Pro Bind (Pty) Ltd;;;;;
UVP Veltopak (Pty) Ltd;;;;;
Uvundlu Investments (Pty) Ltd;;;;;
UW Finance (Pty) Ltd;;;;;
Uwe Koetter CC;;;;;
Uwezo Microfinance Bank Ltd;;;;;
Uwin Iwin Incentives;;;;;
UWP Consulting (Pty) Ltd;;;;;
V - Two Cycles CC;;;;;
V and A Waterfront Holdings (Pty) Ltd;;;;;
V Gopichund;;;;;
V Stricke;;;;;
V3 Engineering Pte;;;;;
Vaal Milling Company (Pty) Ltd;;;;;
Vaal Sanitaryware (Pty) Ltd;;;;;
Vaal Truck Inn (Pty) Ltd;;;;;
Vaal University of Technology;;;;;
Vacances (Pty) Ltd;;;;;
Vacation Recreational Services (Pty) Ltd;;;;;
vagle.co.za;;;;;
Vaima Talent Management Centre (Zambia);;;;;
Val de Vie;;;;;
Vale BSGR Guinea;;;;;
Vale Traders CC;;;;;
Valebridge investments (Pty) Ltd;;;;;
Valenture Institute;;;;;
Valeo (Egypt);;;;;
Valeo Systems South Africa (Pty) Ltd;;;;;
Valera;;;;;
Valetta Locoshed Offices Ltd;;;;;
Validtrade;;;;;
Validus Medical (Pty) Ltd;;;;;
Valley Fields (Pty) Ltd;;;;;
Valley Junction Trading 231 CC;;;;;
Valmet South Africa (Pty) Ltd;;;;;
Valotone 253 CC;;;;;
Valotone 87 CC;;;;;
Valsar Petroleum (Pty) Ltd;;;;;
Valspar (South Africa) Corporation (Pty) Ltd (The);;;;;
Valspareurope;;;;;
Value Group Ltd;;;;;
Value Logistics Ltd;;;;;
Value Specialised Logistics (Pty) Ltd;;;;;
ValueBridge;;;;;
ValueBridge Ltd;;;;;
Valuline 203 (Pty) Ltd;;;;;
Valvoline South Africa (Pty) Ltd;;;;;
Vamara Group;;;;;
Van As and Associates Recoveries (Pty) Ltd;;;;;
Van Coop Transport (Pty) Ltd;;;;;
Van Der Colff Beleggings (Pty) Ltd;;;;;
VAN DER KRUIT CONSULTING AND TRAINING;;;;;
Van Der Vyver Transport;;;;;
Van Dyck Carpets;;;;;
Van Erkoms Tabakke (Pty) Ltd;;;;;
Van Huyssteen Inc;;;;;
Van Loveren Vineyards (Pty) Ltd;;;;;
Van Reenen Steel (Pty) Ltd;;;;;
Van Schaik Bookstore (Pty) Ltd;;;;;
Van Schaik Publishers;;;;;
Van Wettens (SA) (Pty) Ltd;;;;;
Van Wyk and Pentz CC;;;;;
Van Zyl's Spring Works (Pty) Ltd;;;;;
Vangate Housing Company (Pty) Ltd;;;;;
Vangiflash (Pty) Ltd;;;;;
Vanguard Assurance;;;;;
Vanniek Management and Consulting (Pty) Ltd;;;;;
Vanoil Energy Ltd;;;;;
Vantage Circle;;;;;
Vantage Data;;;;;
Vantage Goldfields SA (Pty) Ltd;;;;;
vaportech.co.za;;;;;
Varelle Designs CC;;;;;
Varsha Wellness;;;;;
Varun Beverages Ltd;;;;;
Varuna Eastern Cape (Pty) Ltd;;;;;
VAS-X;;;;;
VAT IT;;;;;
VAT IT Reclaim;;;;;
vatelmauritius.com;;;;;
Vaxowave;;;;;
VBet Africa (Pty) Ltd;;;;;
VBetSA Free State (Pty) Ltd;;;;;
VBetSA Mpumalanga (Pty) Ltd;;;;;
VBetSA Western Cape (Pty) Ltd;;;;;
VBS Mutual Bank;;;;;
VBV Holdings (Pty) Ltd;;;;;
vcconnect.edu.za;;;;;
vcontractor.co.za;;;;;
VDL Bus and Coach South Africa (Pty) Ltd;;;;;
VDMV Capital (Pty) Ltd;;;;;
VE;;;;;
Vector Aerospace;;;;;
Vector Aerospace Africa (Pty) Ltd;;;;;
VECTOR LOGISTICS;;;;;
Vector Logistics (Pty) Ltd;;;;;
Vedanta limited;;;;;
Vedanta Resources- Namibia;;;;;
Vedanta Resources Plc;;;;;
vedantaresources.co.za;;;;;
Vee Craft Marine (Pty) Ltd;;;;;
Vega School;;;;;
Vega Software;;;;;
Vegas;;;;;
Vegas Kings;;;;;
Vegas Oriental Trading CC;;;;;
Vehicle Delivery Services;;;;;
Vehicle Delivery Services (Pvt) Ltd;;;;;
Vektronix (Pty) Ltd;;;;;
Veld Botanicals (Pty) Ltd;;;;;
Velddrift Salt Company (Pty) Ltd;;;;;
velisa.biz;;;;;
Velogic Ltd;;;;;
Velos Enterprises Ltd;;;;;
velosconstruction.com;;;;;
Velvet Soft Toilet Tissue Manufacturers CC;;;;;
Velvot;;;;;
Vendirite (Pty) Ltd;;;;;
Vendisys (Pty) Ltd;;;;;
Venfin (Pty) Ltd;;;;;
Venfin DD Holdings Ltd;;;;;
Venfin Finansiele Beleggings (Pty) Ltd;;;;;
Venfin Finansieringskorporasie (Pty) Ltd;;;;;
Vengaboyz.com;;;;;
Venmyn Deloitte (Pty) Ltd;;;;;
Venom Sportwear CC;;;;;
Vent & Support Africa (Pty) Ltd;;;;;
Venteco SOC Ltd;;;;;
Venter Broers Boerdery (Pty) Ltd;;;;;
Venter Manufacturing (Pty) Ltd;;;;;
Venticorp (Pty) Ltd;;;;;
Ventolite Blinds CC;;;;;
Venture;;;;;
VentureWeb International Ltd;;;;;
Venus Railway Solutions (Pty) Ltd;;;;;
Veolia;;;;;
Veolia Water Solutions and Technologies South Africa (Pty) Ltd;;;;;
Veolia Water South Africa (Pty) Ltd;;;;;
Verde Bitterfontein (Pty) Ltd;;;;;
Verde-Q;;;;;
VerdeQ1;;;;;
VerdeQ3;;;;;
Verdino 181 (Pty) Ltd;;;;;
Vereeniging Abattoir (Pty) Ltd;;;;;
Vergelegen Wine Estate (Pty) Ltd;;;;;
Vergelegen Wines (Pty) Ltd;;;;;
Vergenoeg Exploration Company (Pty) Ltd;;;;;
Vergenoeg Mining Company (Pty) Ltd;;;;;
vergenoeg.co.za;;;;;
Veriana Property Holdings (Pty) Ltd;;;;;
VeriCred Credit Management Services (Pty) Ltd;;;;;
Verifone Africa (Pty) Ltd;;;;;
Verimark Holdings Ltd;;;;;
VERITAS ENGINEERINGAND PROJECT MANAGEMENT CONSULTANTS;;;;;
Veritas Kapital Assurance Plc;;;;;
Veritas Registrars Ltd;;;;;
veritax.co.za;;;;;
Verlag Automobil Wirtschaft (Pty) Ltd;;;;;
Vermogen Holdings (Pty) Ltd;;;;;
Vermont Investments (Pty) Ltd;;;;;
Verona Investments (Pty) Ltd;;;;;
Veronica Royston;;;;;
Verpakt Management Services CC;;;;;
Versa Rail (Pty) Ltd;;;;;
Versalec Cables (Pty) Ltd;;;;;
Versatile Clothing Manufacturers (Pty) Ltd;;;;;
Verso Financial Services (Pty) Ltd;;;;;
Verso Funds Administrator (Pty) Ltd;;;;;
Verso Health (Pty) Ltd;;;;;
Verso Money Brokers (Pty) Ltd;;;;;
Versus Paint Specialists (Pty) Ltd;;;;;
Vertiv;;;;;
Vestact (Pty) Ltd;;;;;
Vestas Southern Africa (Pty) Ltd;;;;;
VestIN Holdings Ltd;;;;;
Vestpoint 106 (Pty) Ltd;;;;;
Vesuvius South Africa (Pty) Ltd;;;;;
Vetrivier Boeredienste (Pty) Ltd;;;;;
Vexicure (Pty) Ltd;;;;;
Vexobrite (Pty) Ltd;;;;;
Veya Information Communication Technology (Pty) Ltd;;;;;
vFairs.com;;;;;
VGC Communications Ltd;;;;;
VH Fibre Optics;;;;;
VH Fibre Optics (Pty) Ltd;;;;;
vhavendabricks.co.za;;;;;
Vhembe District Municipality;;;;;
vhf.co.za;;;;;
vhlgroup.co.za;;;;;
Via Afrika Ltd;;;;;
Via Sperandio 7 (Pty) Ltd;;;;;
Viacom International Media Networks;;;;;
Viadex Global;;;;;
Viamax (Pty) Ltd;;;;;
Viamo Inc;;;;;
Vianet Solutions;;;;;
Viatris;;;;;
viatris south africa (pty) ltd;;;;;
vibe.co.za;;;;;
vicbank.com;;;;;
Vicsamoki Investments (Pty) Ltd;;;;;
Victor Khanye Local Municipality;;;;;
Victoria and Alfred Waterfront (Pty) Ltd;;;;;
Victoria Beach Hotel Ltd;;;;;
Victoria Commercial Bank Ltd;;;;;
Victoria Debrah;;;;;
Victoria Finance Plc;;;;;
Victoria Foods (Pvt) Ltd;;;;;
Victorian Garden Organic Skincare CC (The);;;;;
Victory Construction Company Ltd;;;;;
Victory Farms Kenya;;;;;
Victory school;;;;;
Victory Tobacco Company;;;;;
Vicva Investments and Trading Nine (Pty) Ltd;;;;;
Vida E Caffe Holdings (Pty) Ltd;;;;;
Videovision Entertainment (Pty) Ltd;;;;;
Viewpoint Farming CC;;;;;
Vijay Enterprise (Pty) Ltd;;;;;
Vijay Padayachee;;;;;
Viking Fishing Company (Deep Sea) (Pty) Ltd;;;;;
Viking Fishing Holdings (Pty) Ltd;;;;;
Viking Life-Saving Equipment (SA) (Pty) Ltd;;;;;
Viking Pony Properties 335 (Pty) Ltd;;;;;
Villa Crop Protection;;;;;
Villa Rosa Kempinski  Nairobi;;;;;
Villa San Giovanni Restaurant;;;;;
Village Enterprise;;;;;
Village Main Reef (Pty) Ltd;;;;;
Village n Life;;;;;
Village of Cullinan (Pty) Ltd (The);;;;;
Village Supermarket Ltd;;;;;
Village Walk Property (Pty) Ltd;;;;;
Villager Investments No 1 (Pty) Ltd;;;;;
VillageReach;;;;;
Vimal Clothing Enterprise CC;;;;;
Vincemus Investments (Pty) Ltd;;;;;
VINCI SA;;;;;
Vinci Trading (Pty) Ltd;;;;;
Vincorp (Pty) Ltd;;;;;
Vine Private Wealth;;;;;
Vinimark Trading (Pty) Ltd;;;;;
V-Innovation Administration Services (Pty) Ltd;;;;;
VinPro;;;;;
Vintage Africa Investments 715 (Pty) Ltd;;;;;
Vinto Beverages (Pty) Ltd;;;;;
Virbac Farm;;;;;
Virbac RSA (Pty) Ltd;;;;;
VIRGIN;;;;;
Virgin Active Property Company (Pty) Ltd;;;;;
Virgin Active South Africa;;;;;
Virgin Active South Africa (Pty) Ltd;;;;;
Virgin Active South Africa Group (Pty) Ltd;;;;;
Virgin Atlantic Airways Ltd;;;;;
Virgin Mobile South Africa (Pty) Ltd;;;;;
Virgin Money South Africa (Pty) Ltd;;;;;
Virgin Unite Africa;;;;;
Virtual Bookshelf CC;;;;;
Virtual Business Network Services (VBNS);;;;;
Virtual Consulting Engineers VCE (Pty) Ltd;;;;;
Virtual Logistics (Pty) Ltd;;;;;
Virtual Market Place (Pty) Ltd;;;;;
Virtual Sales (Pty) Ltd;;;;;
Virtual Voucher (Pty) Ltd;;;;;
Virtus Financial Services (Pty) Ltd;;;;;
Virunga Power;;;;;
Visa Inc.;;;;;
Visafone Communications Ltd;;;;;
Visas Zone;;;;;
Visense (Pty) Ltd;;;;;
Visigro Investments (Pty) Ltd;;;;;
Visio Capital Management (Pty) Ltd;;;;;
Vision Biotech (Pty) Ltd;;;;;
Vision Direct 155 (Pty) Ltd;;;;;
Vision Group;;;;;
Vision Madagascar;;;;;
VisionActiv;;;;;
VisionFund International;;;;;
visionspecnigltd;;;;;
Vista Advisory Partners;;;;;
Vista Clinic;;;;;
Vista management;;;;;
Visual Air Productions (Pty) Ltd;;;;;
Visual Impact Broadcast Solutions (Pty) Ltd;;;;;
Visual International Holdings Ltd;;;;;
Vitafoam;;;;;
Vitafoam Nigeria Plc;;;;;
Vital Animal health;;;;;
Vital Distribution Solutions (Pty) Ltd;;;;;
Vital Engineering & Angus Mcleod;;;;;
Vital Fleet (Pty) Ltd;;;;;
Vital Health Foods (Pty) Ltd;;;;;
Vital Solutions Africa;;;;;
Vital Water Bottling Company Ltd;;;;;
VitalAire South Africa (Pty) Ltd;;;;;
VITALITE Zambia Ltd;;;;;
Vitality;;;;;
Vitality Health Ltd;;;;;
VitalRay Health Solutions;;;;;
Vitapur Nigeria Ltd;;;;;
Vitatalent;;;;;
Vito Solutions;;;;;
Vitol Coal South Africa (Pty) Ltd;;;;;
Viva Engineering;;;;;
Viva Formwork and Scaffolding (Cape Town) (Pty) Ltd;;;;;
Viva International (Pty) Ltd;;;;;
Viva Trading Enterprises CC;;;;;
Viva Voce Lte;;;;;
Vivavision CC;;;;;
Vividend Income Fund Ltd;;;;;
Vivlia Publishers & Booksellers (Pty) Ltd;;;;;
Vivo Communication Technology Co.;;;;;
Vivo Energy Botswana;;;;;
Vivo Energy Cote d'Ivoire SA;;;;;
Vivo Energy Kenya Ltd;;;;;
Vivo Energy Mauritius Ltd;;;;;
Vivo Energy Mozambique Lda;;;;;
Vivo Energy Namibia Ltd;;;;;
Vivo Energy Plc;;;;;
Vivo Energy South Africa (Pty) Ltd;;;;;
vivovenergy.com;;;;;
VKB Beleggings (Pty) Ltd;;;;;
VKB Flour Mills (Pty) Ltd;;;;;
VKB Landbou (Pty) Ltd;;;;;
VKB Milling (Pty) Ltd;;;;;
Vlearn Xperiences (Pty) Ltd;;;;;
VLH LTD;;;;;
VM Construction;;;;;
VM Diamond Transport (Pty) Ltd;;;;;
VM Richardson (Pty) Ltd;;;;;
VM SA;;;;;
Vmed;;;;;
VMedical Solutions (Pty) Ltd;;;;;
VML;;;;;
VML South Africa (Pty) Ltd;;;;;
vmp.co.za;;;;;
VNA Consulting;;;;;
VNA Piling CC;;;;;
voadcom.co.za;;;;;
Voanda;;;;;
Voanda Internet Content Provider;;;;;
Vocall Cellular (Pty) Ltd;;;;;
Vodacom;;;;;
Vodacom (Pty) Ltd;;;;;
Vodacom Business Africa (Nigeria) Ltd;;;;;
Vodacom Business Africa Group (Pty) Ltd;;;;;
Vodacom Business Kenya Ltd;;;;;
Vodacom Congo (RDC) SA;;;;;
Vodacom Financial Services (Pty) Ltd;;;;;
Vodacom Group Ltd;;;;;
Vodacom Insurance Administration Company (Pty) Ltd;;;;;
Vodacom Insurance Company (RF) (Pty) Ltd;;;;;
Vodacom International Holdings (Pty) Ltd;;;;;
Vodacom Lesotho (Pty) Ltd;;;;;
Vodacom Life Assurance Company (RF) Ltd;;;;;
Vodacom Payment Services (Pty) Ltd;;;;;
Vodacom Properties No 1 (Pty) Ltd;;;;;
Vodacom Properties No 2 (Pty) Ltd;;;;;
Vodacom Pty.;;;;;
Vodacom Satellite Services (Pty) Ltd;;;;;
Vodacom Service Provider Company (Pty) Ltd;;;;;
Vodacom Tanzania Plc;;;;;
vodacomlife.co.za;;;;;
Vodafone Ghana Limited;;;;;
Vodafone Group plc;;;;;
Vodafone Holdings (SA) (Pty) Ltd;;;;;
Vodafone Investments SA (Pty) Ltd;;;;;
Voermol Feeds (Pty) Ltd;;;;;
Voertuie vir Almal (Pty) Ltd;;;;;
voestalpine Automotive Components East London (Pty) Ltd;;;;;
Voestalpine VAE Africa (Pty) Ltd;;;;;
Voestalpine VAE SA (Pty) Ltd;;;;;
Vogue Dry Cleaning Services CC;;;;;
VoiceAmp (Pty) Ltd;;;;;
Voicevine;;;;;
VOIP Telecorporation (Pty) Ltd;;;;;
Voith Property Company (Pty) Ltd;;;;;
Voith Turbo (Pty) Ltd;;;;;
Volcano Agroscience (Pty) Ltd;;;;;
Volcano Group;;;;;
Volcano Therapeutics South Africa (Pty) Ltd;;;;;
Volkswagen Financial Services South Africa (Pty);;;;;
Volkswagen Financial Services South Africa (Pty) Ltd;;;;;
Volkswagen of South Africa;;;;;
Volkswagen of South Africa (Pty) Ltd t/a VOLKSWAGEN GROUP AFRICA;;;;;
volschenk.net;;;;;
Volta Lake Transport Company Ltd;;;;;
Volta River Authority;;;;;
Voltacars Rental Services Ltd;;;;;
Voltex (Pty) Ltd;;;;;
Voltex MV LV Solutions (Pty) Ltd;;;;;
Voltex Namibia (Pty) Ltd;;;;;
Voltex Swaziland (Pty) Ltd;;;;;
Voltic (Gh) Ltd;;;;;
Voltsing Electrical (Pty) Ltd;;;;;
Volumax (Pty) Ltd;;;;;
Volvo (Southern Africa) (Pty) Ltd;;;;;
Volvo Car South Africa (Pty) Ltd;;;;;
Volvo Group Southern Africa (Pty) Ltd;;;;;
Vomak Industries;;;;;
Vomak Industries (Pty) Ltd;;;;;
Von Geusau Chocolates CC;;;;;
Vono Products Plc;;;;;
Vopak South Africa Developments (RF) (Pty) Ltd;;;;;
Vopak Terminal Durban (Pty) Ltd;;;;;
Vortex Recycling Company (Pty) Ltd;;;;;
votumgroupllc.com;;;;;
Vouchercloud SA (Pty) Ltd;;;;;
Vovani Water;;;;;
Vovo Telo Bakery and Cafe (Pty) Ltd;;;;;
Vox Amvia (Pty) Ltd;;;;;
Vox Holdings (Pty) Ltd;;;;;
Vox Orion (Pty) Ltd;;;;;
Vox Telecom;;;;;
Vox Telecom Ltd;;;;;
Vox Telecommunications (Pty) Ltd;;;;;
Vox Wholesale (Pty) Ltd;;;;;
Voyage Yachts (Pty) Ltd;;;;;
Voys SA;;;;;
Vpos Integrated Business Solutions (Pty) Ltd;;;;;
VR Engineering (Pty) Ltd;;;;;
VR Laser Services (Pty) Ltd;;;;;
Vredenburg Hospital (Pty) Ltd;;;;;
Vredendal Solar Power Park (RF) (Pty) Ltd;;;;;
VRN Steel (Pty) Ltd;;;;;
vrselectrical.co.za;;;;;
Vryheid Coal Laboratories CC;;;;;
Vryheid Petroleum (Pty) Ltd;;;;;
Vrystaat Mielies (Pty) Ltd;;;;;
Vrywes Boerdery CC;;;;;
Vsolution (Pty) Ltd;;;;;
v-tech.co.za;;;;;
Vuka Marine (Pty) Ltd;;;;;
Vukani Gaming Corporation (Pty) Ltd;;;;;
Vukani Gaming Eastern Cape (Pty) Ltd;;;;;
Vukani Gaming Free State (Pty) Ltd;;;;;
Vukani Gaming Gauteng (Pty) Ltd;;;;;
Vukani Gaming KwaZulu Natal (Pty) Ltd;;;;;
Vukani Gaming Limpopo (Pty) Ltd;;;;;
Vukani Gaming Mpumalanga (Pty) Ltd;;;;;
Vukani Gaming North West (Pty) Ltd;;;;;
Vukani Gaming Northern Cape (Pty) Ltd;;;;;
Vukani Gaming Western Cape (Pty) Ltd;;;;;
Vukile Property Fund Ltd;;;;;
Vukisa Professional Consulting and Outsourcing Services (Pty) Ltd;;;;;
Vulamehlo Local Municipality;;;;;
Vulatel;;;;;
Vulcan Catering Equipment (Pty) Ltd;;;;;
Vulindlela Panel and Paint CC;;;;;
Vuma 103 FM (Pty) Ltd;;;;;
Vuma Reputation Management;;;;;
Vumatel (Pty) Ltd;;;;;
Vumela IT Services;;;;;
Vunani Capital (Pty) Ltd;;;;;
Vunani Capital Markets (Pty) Ltd;;;;;
Vunani Fund Managers (Pty) Ltd;;;;;
Vunani Hedge Funds (Pty) Ltd;;;;;
Vunani Ltd;;;;;
Vunani Securities (Pty) Ltd;;;;;
Vusani Property Investments (Pty) Ltd;;;;;
vuseleladavis.com;;;;;
Vusisizwe Agricultural Primary Co-Operative Ltd;;;;;
Vusizwe Media (Pty) Ltd;;;;;
Vuswa Fleet Services (Pty) Ltd;;;;;
vuxeniit.co.za;;;;;
Vwax;;;;;
VWO;;;;;
VWSA;;;;;
VWV Group (Pty) Ltd;;;;;
Vyfhoek Exploration and Mining Company Ltd;;;;;
Vynide (Pty) Ltd;;;;;
W G Wearne Ltd;;;;;
W P Fasteners and Services CC;;;;;
W P Fresh Distributors (Pty) Ltd;;;;;
W Venables;;;;;
W W Fenner Holdings (Pty) Ltd;;;;;
W.Consulting;;;;;
WA Hydraulic Engineering CC;;;;;
Wabtec Corp.;;;;;
WACO;;;;;
Waco Africa (Pty) Ltd;;;;;
WACO Africa 2005 (Pty) Ltd;;;;;
WACO Africa Holdings (Pty) Ltd;;;;;
Waco International;;;;;
WACO International Ltd;;;;;
Wadi Kom Ombo Land Reclamation Company SAE;;;;;
Wafa Assurance SA;;;;;
Wahenya Ltd;;;;;
Wahl Industries CC;;;;;
WAICA Reinsurance Corporation;;;;;
Wakaberry Holdings (Pty) Ltd;;;;;
Wakefields Real Estate (Pty) Ltd;;;;;
Wakegem (Pty) Ltd;;;;;
Wakhanyane (Pty) Ltd;;;;;
Wald Energy;;;;;
Walker Smith Architects CC;;;;;
Walking On Water Television (Pty) Ltd;;;;;
Wallenius Wilhelmsen;;;;;
Wallenius Wilhelmsen Logistics;;;;;
Walro Flex (Pty) Ltd;;;;;
Walt Disney Company Africa (Pty) Ltd (The);;;;;
Walter Meano Engineering (Pty) Ltd;;;;;
Walter Piel (Pty) Ltd;;;;;
Walter Sisulu University;;;;;
Waltons (Pty) Ltd;;;;;
Waltons Mozambique Lda;;;;;
Waltons Namibia (Pty) Ltd;;;;;
Waltons Properties Namibia (Pty) Ltd;;;;;
Walvis Bay Bulk Terminal (Pty) Ltd;;;;;
Walvis Bay Mun;;;;;
Walvis Bay Salt;;;;;
walvisbay-medipark.com;;;;;
walwil.com;;;;;
Wan 4 U CC;;;;;
Wananchi Group Kenya Ltd;;;;;
Wanatel;;;;;
wandima.co.za;;;;;
Wanooka Properties (Pty) Ltd;;;;;
Want It All (Pty) Ltd;;;;;
WAP Distributions Ltd;;;;;
Wapic Insurance (Ghana) Ltd;;;;;
Wapic Insurance Plc;;;;;
Wapic Life Assurance Ltd;;;;;
Wapo Scaffolding (Tanzania) Ltd;;;;;
Warc Group;;;;;
Warden and Hotchkiss (Pty) Ltd;;;;;
wardens.co.za;;;;;
Wark Investments (Pty) Ltd;;;;;
Warm Spring Waters Nigeria Ltd;;;;;
Warner Music South Africa (Pty) Ltd;;;;;
Warriortalent;;;;;
Warshay Investments (Pty) Ltd;;;;;
Wartan Trading (Pty) Ltd;;;;;
Warthog Clothing CC;;;;;
Wartsila South Africa (Pty) Ltd;;;;;
Warwick Invest (Pty) Ltd;;;;;
Warwyck Private Bank;;;;;
Wasat Investments (Pty) Ltd;;;;;
Washright Services Ltd;;;;;
Waste Control (Pty) Ltd;;;;;
Waste Giant Investment Holdings (Pty) Ltd;;;;;
Waste Group (Pty) Ltd (The);;;;;
Waste-Mart (Pty) Ltd;;;;;
WastePlan (Pty) Ltd;;;;;
Wataniya Telecom Algerie SpA;;;;;
Watch Tower Bible and Tract Society of South Africa;;;;;
Water and Sanitation Services South Africa (Pty) Ltd;;;;;
Water Information Network - South Africa;;;;;
Water Institute of Southern Africa;;;;;
Water Research Commission;;;;;
Water Solutions Simplified;;;;;
WATER SPORTS VILLAGE LIMITED;;;;;
Water Utilities Corporation;;;;;
Waterberg Coal Company Ltd (The);;;;;
Waterberg District Municipality;;;;;
Waterberg Lodge (Pty) Ltd;;;;;
waterbergcollege.co.za;;;;;
Waterfall City Hospital (Pty) Ltd;;;;;
Waterfront Promotions CC;;;;;
Waterfront Television (Pty) Ltd;;;;;
Waterkloof Hill Estate (Pty) Ltd;;;;;
Waterlab (Pty) Ltd;;;;;
Watermark Securities (Pty) Ltd;;;;;
Watertite Guttering (Pty) Ltd;;;;;
Waterton Timber Company (Pty) Ltd;;;;;
Waterval Hospital Development Company (Pty) Ltd;;;;;
Waterval Investment Company (Pty) Ltd;;;;;
Waterval Islamic Institute;;;;;
Waterval Management and Operating Company (Pty) Ltd;;;;;
Watervale Platinum Mines (Pty) Ltd;;;;;
Waterworld (Pty) Ltd;;;;;
Watson-Marlow Bredel SA (Pty) Ltd;;;;;
Watsons Baconeries (Pty) Ltd;;;;;
Watu Africa;;;;;
Watu Credit;;;;;
Watu Credit Limited;;;;;
Wave Mobile Money;;;;;
Wavelengths 172 (Pty) Ltd;;;;;
Wavemaker (Pty) Ltd;;;;;
Wavemaster CC;;;;;
Waveside (Pty) Ltd;;;;;
Waxpak (Pty) Ltd;;;;;
Waymark Infotech (Pty) Ltd;;;;;
wazar.net;;;;;
Wbho;;;;;
WBHO (Swaziland) (Pty) Ltd;;;;;
WBHO Construcao Mozambique Lda;;;;;
WBHO Construction (Pty) Ltd;;;;;
WBHO Construction Sierra Leone Ltd;;;;;
WBHO Construction Zambia Ltd;;;;;
WBHO Ghana Ltd;;;;;
WBHO Guinea (SA) Ltd;;;;;
WBHO Mozambique Projectos Lda;;;;;
WC Dept of Agriculture;;;;;
wcdm.co.za;;;;;
WCG;;;;;
wcmas.co.za;;;;;
Wcreate;;;;;
WD and HO Wills (Pty) Ltd;;;;;
WDB Discovery Investment (RF) (Pty) Ltd;;;;;
WDB Investment Holdings (Pty) Ltd;;;;;
WE;;;;;
We Buy Cars (Pty);;;;;
WE Charity;;;;;
Wear South African (Pty) Ltd;;;;;
wearcheack.co.za;;;;;
WearCheck Africa;;;;;
Weatherboard (Pty) Ltd;;;;;
Weatherford;;;;;
Weatherford South Africa (Pty) Ltd;;;;;
Weatherford UK Ltd;;;;;
Weatherly International Plc (Namibia);;;;;
Web Africa;;;;;
Web SEO Online;;;;;
Webafrica;;;;;
Webb Industries (Pty) Ltd;;;;;
Webber Wentzel;;;;;
Webbing Products (Pty) Ltd;;;;;
web-com.co.za;;;;;
Webcor SA;;;;;
Webfleet;;;;;
Webhelp;;;;;
Webhelp SA Outsourcing (Pty) Ltd;;;;;
Webhouse Group International;;;;;
Webjet SA (Pty) Ltd;;;;;
Webmail;;;;;
WEBMAIL INTERNATIONAL;;;;;
Webram Four (Pty) Ltd;;;;;
Webram Ten (Pty) Ltd;;;;;
webroy;;;;;
Wedge Steel World (Pty) Ltd;;;;;
Wedgewood Nougat;;;;;
Weener Plastop (Pty) Ltd;;;;;
Weetabix East Africa  Limited;;;;;
WeFix Distribution;;;;;
Wega Mining Guinee SA;;;;;
Wegezi Power Holdings (Pty) Ltd;;;;;
WEIDMULLER SA;;;;;
Weigh-Less Holdings (Pty) Ltd;;;;;
Weir ESCO Pty Ltd;;;;;
Weir Group PLC;;;;;
Weir HBF (Pty) Ltd;;;;;
Weir Minerals Africa (Pty) Ltd;;;;;
Weir Minerals Isando (Pty) Ltd;;;;;
Weir Minerals Shared Services (Pty) Ltd;;;;;
Weir Minerals South Africa (Pty) Ltd;;;;;
Weir YES Africa (Pty) Ltd;;;;;
weirminerals.co.za;;;;;
Wekaba Engineering;;;;;
Welch Allyn South Africa (Pty) Ltd;;;;;
WELDOTHERM South Africa (Pty) Ltd;;;;;
Welfit oddy (Pty) Ltd;;;;;
Welfit Oddy Industries (Pty) Ltd;;;;;
Welgedacht Exploration Company Ltd;;;;;
Welkom Industrial Controls (Pty) Ltd;;;;;
Welkom Yizani Investments (RF) Ltd;;;;;
Wellness Warehouse (Pty) Ltd;;;;;
Wells Fargo Limited;;;;;
Wellvest 28 (Pty) Ltd;;;;;
Weltrus (RF) (Pty) Ltd;;;;;
Welwitschia Insurance Brokers (Pty) Ltd;;;;;
Wema Bank Plc;;;;;
Wemabod Limited;;;;;
Werksmans Attorneys;;;;;
Werksmans Inc;;;;;
Wertheim Becker Inc;;;;;
Werthschroder Inc;;;;;
WesBank (Division of FirstRand Bank Ltd;;;;;
Wesco Air Charter (Pty) Ltd;;;;;
Wescoal Holdings Ltd;;;;;
Wescoal Trading (Pty) Ltd;;;;;
Wesgro CC;;;;;
Wesinvest Holdings (Pty) Ltd;;;;;
Wesizwe Platinum Ltd;;;;;
Wesmelk Melkery (Pty) Ltd;;;;;
West African Gas Pipeline Company Limited;;;;;
West African Glass Industry Plc;;;;;
West African Group;;;;;
West African International (Pty) Ltd;;;;;
West African Resources Ltd;;;;;
West Coast 1 Stop (Pty) Ltd;;;;;
West Coast Abalone (Pty) Ltd;;;;;
West Coast Beverages Company Ltd;;;;;
West Coast District Municipality;;;;;
West Coast Resources (Pty) Ltd;;;;;
West End Cement Bricks (Pty) Ltd;;;;;
West End Claybrick (Pty) Ltd;;;;;
West Point Processors (Pty) Ltd;;;;;
West Rand District Municipality;;;;;
West Ridge Development (Pty) Ltd (The);;;;;
West Wits MLI (Pty) Ltd;;;;;
West Witwatersrand Gold Holdings Ltd;;;;;
Westair Aviation (Namibia);;;;;
Westbrook Residential Development (Pty) Ltd;;;;;
Westbrooke Capital Partners (Pty) Ltd;;;;;
Westbrooke Investments (Pty) Ltd;;;;;
Westcon;;;;;
Westcon Africa (Cameroon) Ltd;;;;;
Westcon Africa (Kenya) Ltd;;;;;
Westcon Africa (Mauritius) Ltd;;;;;
Westcon Africa (Tanzania) Ltd;;;;;
Westcon Africa (Uganda) Ltd;;;;;
Westcon Africa Angola Ltd;;;;;
Westcon Emerging Markets Group (Pty) Ltd;;;;;
Westcon Group;;;;;
Westcon Southern Africa Holdings (Pty) Ltd;;;;;
Westcongroup SA (Pty) Ltd;;;;;
Westdawn Investments (Pty) Ltd;;;;;
Westech Systems;;;;;
Westek Plumbers CC;;;;;
Western Administration Services (Pty) Ltd;;;;;
Western Canada Business Technologies;;;;;
Western Cape Blood Service;;;;;
Western Cape Education Department: EDULIS;;;;;
Western Cape Gambling & Racing Board;;;;;
Western Cape Government;;;;;
Western Cape Provincial Government;;;;;
Western Cape Provincial Parliament;;;;;
Western Cape Steelworks (Pty) Ltd;;;;;
Western Cape Supplier Database;;;;;
Western Cape Tourism Trade and Investment Promotion Agency (The);;;;;
Western Cape Trout Association;;;;;
Western Cluster Ltd;;;;;
Western National Insurance Company Ltd;;;;;
Western Platinum Ltd;;;;;
Western Province Blood Transfusion Services;;;;;
WESTERN PROVINCE CATERERS;;;;;
Western Province Rugby (Pty) Ltd;;;;;
Western Seed Company Ltd;;;;;
Westfalia Fruit;;;;;
Westfalia Marketing (Pty) Ltd;;;;;
Westhouse Tobacco South Africa (Pty) Ltd;;;;;
Westinghouse Electric South Africa (Pty) Ltd;;;;;
Westlog Nigeria Ltd;;;;;
Westminster Tobacco Company (Cape Town and London) (Pty) Ltd;;;;;
Westonaria Beer Distributors (Pty) Ltd;;;;;
Westonaria Local Municipality;;;;;
Westplex (Pty) Ltd;;;;;
Westrocon Seidor;;;;;
Westrocon Seidor (Pty) Ltd;;;;;
Westside Trading 168 (Pty) Ltd;;;;;
Westside Trading 234 (Pty) Ltd;;;;;
Westview Development Ltd;;;;;
Westview Realty Ltd;;;;;
Westward Electric Company (Pty) Ltd;;;;;
Wesvaal Chamber of Business;;;;;
WETBACK CONTRACTS;;;;;
Wetback Contracts (PTY)  Ltd South Africa;;;;;
wetcs.co.za;;;;;
Wetec;;;;;
WeThinkCode;;;;;
Wetility;;;;;
Wetpaint;;;;;
WeWork;;;;;
Weylandts Furniture Cape Town (Pty) Ltd;;;;;
WF Johnstone and Company Ltd;;;;;
WFP Kenya;;;;;
WGDV Consulting Services CC;;;;;
What U Want To Wear (Pty) Ltd;;;;;
Whatfix Inc;;;;;
Wheatfields Investments 276 (Pty) Ltd;;;;;
Wheatfields Investments No 191 (Pty) Ltd;;;;;
Whelson GDC Transport;;;;;
Whirlpool;;;;;
Whirlpool South Africa (Pty) Ltd;;;;;
Whiskey Creek Management Services (Pty) Ltd;;;;;
Whisper Academy;;;;;
Whisper Boat Building Community Project;;;;;
White Pine Investments 52 (Pty) Ltd;;;;;
White Rhino Farming (Pty) Ltd;;;;;
White Rivers Exploration (Pty) Ltd;;;;;
White Rock Property Trading (Pty) Ltd;;;;;
White Water Resources Ltd;;;;;
Whitefield Business School;;;;;
Whitehouse Motors (Pty) Ltd;;;;;
Whitehouse Properties (Glenlea) (Pty) Ltd;;;;;
Whitehouse Properties (Natal) (Pty) Ltd;;;;;
Whitehouse Properties (Nelspruit) (Pty) Ltd;;;;;
WhizAnts;;;;;
Who Owns Whom (Pty) Ltd;;;;;
Wholesale and Retail Sector Education and Training Authority;;;;;
Wholesale and Retail Seta;;;;;
Wholesale Housing Supplies (Pty) Ltd;;;;;
Whova;;;;;
whova.io;;;;;
Why Cook (Pty) Ltd;;;;;
Why KZN Opportunities;;;;;
whytelligence;;;;;
Wictra Holdings (Pty) Ltd;;;;;
Widenergy Africa Ltd;;;;;
Wideopen Platform (Pty) Ltd;;;;;
Wideprops 196 (Pty) Ltd;;;;;
Widney Transport Components (Pty) Ltd;;;;;
Widowbird Solar Power Solutions;;;;;
wierdas.co.za;;;;;
wiersma.co.za;;;;;
Wiese and Associates Pty Ltd;;;;;
Wiesenhof Coffee Roastery (Pty) Ltd;;;;;
Wifack International Bank SA;;;;;
Wigglesworth Exporters Ltd;;;;;
Wigmore Trading Ltd;;;;;
wiGroup;;;;;
WIKA Instruments (Pty) Ltd;;;;;
Wild Break 1066 (Pty) Ltd;;;;;
Wild Coast Abalone (Pty) Ltd;;;;;
Wild Coast Travel CC;;;;;
Wild Peach Trading 19 (Pty) Ltd;;;;;
Wilderness Holdings Ltd;;;;;
Wilderness Safaris (Pty) Ltd;;;;;
Wildflower Projects;;;;;
Wildlands Conservation Trust;;;;;
Wilgeheuwel Hospital (Pty) Ltd;;;;;
Wilgers Cathlab Trust;;;;;
Wilgers Hospitaal Ltd;;;;;
Wilgerspruit Boerdery CC;;;;;
Wilhelmsen;;;;;
Wilkado Construction Works Ltd;;;;;
Willa Krause Group (Pty) Ltd;;;;;
willconsulting.co.za;;;;;
Willdale Ltd;;;;;
William Tell Holdings Ltd;;;;;
Williamson Tea Kenya Plc;;;;;
Willmores (Pty) Ltd;;;;;
Willowton Margarine (Pty) Ltd;;;;;
Wilmar Continental Edible Oils and Fats (Pty) Ltd;;;;;
Wilo;;;;;
Wilsam (Pty) Ltd;;;;;
Wilson Bayly Holmes-Ovcon Ltd;;;;;
Wilsons Removals (Pty) Ltd;;;;;
Wilstead Investments (Pty) Ltd;;;;;
Wimach Investment Holdings CC;;;;;
Wimacon Consultancy;;;;;
Wind Towers Africa (Pty) Ltd;;;;;
Windfall 86 Properties (Pty) Ltd;;;;;
Windlab Developments South Africa (Pty) Ltd;;;;;
Windsor Platinum Investments (Pty) Ltd;;;;;
Wine and Agricultural Ethical Trade Association;;;;;
Wine Industry Network of Expertise & Technology;;;;;
Wine Lovers Maputo;;;;;
Winelands Pork (Labelle Street) (Pty) Ltd;;;;;
Wines of the World Distributors (Pty) Ltd;;;;;
Winfield Tobacco Corporation (Pty) Ltd;;;;;
Wingoc;;;;;
Winhold Ltd;;;;;
Winkelhaak Verspreiders CC;;;;;
Winners;;;;;
Winning Travel and Tours Ltd;;;;;
Winsearch Services (Pty) Ltd;;;;;
Winskor 139 (Pty) Ltd;;;;;
Winsoft;;;;;
Winsoft (Pty) Ltd;;;;;
Winston Tobacco Company Ltd;;;;;
Winvest Capital Development and Investment SAE;;;;;
WIOCC;;;;;
Wipcapital (Pty) Ltd;;;;;
Wipro Technologies South Africa (Pty) Ltd;;;;;
Wired Corporation (Pty) Ltd (The);;;;;
Wireforce Steelbar (Pty) Ltd;;;;;
Wireless Access Providers' Association;;;;;
Wireless Application Service Providers' Association;;;;;
Wirerite Investments (Pvt) Ltd;;;;;
wirethings.net;;;;;
Wirsam Scientific and Precision Equipment (Pty) Ltd;;;;;
Wisconsin International University College (Ghana);;;;;
Wise ID, Lda;;;;;
Wispa (Pty) Ltd;;;;;
Wispeco (Pty) Ltd;;;;;
Wispeco Holdings (Pty) Ltd;;;;;
WIT;;;;;
Wit Private Equity Special Purpose Vehicle (Pty) Ltd;;;;;
Witab Trade & Invest (Pty) Ltd;;;;;
Witbank Abatoir (Pty) Ltd;;;;;
Witch and Wizard Productions CC (The);;;;;
Witch Rooms Holdings (Pty) Ltd;;;;;
Witchery Fashions SA (Pty) Ltd;;;;;
withintouch.co.za;;;;;
withtank.com;;;;;
Witkop Fluorspar Mine (Pty) Ltd;;;;;
Witkoppen Corner (Pty) Ltd;;;;;
Witlab (Pty) Ltd;;;;;
Wits;;;;;
Wits Commercial Enterprise (Pty) Ltd;;;;;
Wits DigitalCampus;;;;;
Wits Donald Gordon Medical Centre;;;;;
Wits Health Consortium (Pty) Ltd;;;;;
Wits RHI;;;;;
Wits VIDA Research Unit;;;;;
WITSPLUS (PTY) LTD;;;;;
Witwatersrand Consolidated Gold Resources (Pty) Ltd;;;;;
WIZE company;;;;;
Wiz-Grow Trading (Pty) Ltd;;;;;
Wizmark Group;;;;;
Wizzit Payments (Pty) Ltd;;;;;
WJ Khourie;;;;;
WK Construction (Pty) Ltd;;;;;
WK Construction South Africa (Pty) Ltd;;;;;
WL and S Fastener Manufacturing Co CC;;;;;
Wlife;;;;;
Wls1;;;;;
WNS Global Services;;;;;
Woestalleen Holdings (Pty) Ltd;;;;;
Woimex Ltd;;;;;
Wolmar Sun Hotels Ltd;;;;;
Wolters Kluwer;;;;;
Women In Business Today (B-BBEE Solutions Provider);;;;;
Women Investment Portfolio Holdings Ltd T/A WIPHOLD;;;;;
women.gov.za;;;;;
Wonder Homes;;;;;
Wondermed (Pty) Ltd;;;;;
Wonderstone Ltd;;;;;
Wonga Finance SA (Pty) Ltd;;;;;
Wood Group (South Africa) (Pty) Ltd;;;;;
Woodbook Finance Ltd;;;;;
Woodbridge College;;;;;
Woodlands Dairy (Pty) Ltd;;;;;
Woodlands Dairy Logistics (Pty) Ltd;;;;;
Woodlane Consortium (Pty) Ltd;;;;;
Woods Warehousing (Pty) Ltd;;;;;
Woodstuff Properties (Pty) Ltd;;;;;
Woodworking Risk Acceptances (Pty) Ltd;;;;;
Wool Testing Bureau S A (RF);;;;;
Woolies (Zambia) Ltd;;;;;
Woolpert Inc;;;;;
wooltoths.co.za;;;;;
Wooltru Ltd;;;;;
Woolworth;;;;;
Woolworths (Mauritius) Ltd;;;;;
Woolworths (Pty) Ltd;;;;;
Woolworths Financial Services (Pty) Ltd;;;;;
Woolworths Holdings (Mauritius) Ltd;;;;;
Woolworths Holdings Ltd;;;;;
Woolworths International SA (Pty) Ltd;;;;;
Woolworths Ltd;;;;;
Woosh Consultants (Pty) Ltd;;;;;
Wootware Computers (Pty) Ltd;;;;;
woowlorths.co.za;;;;;
Worcester Bakstene (Pty) Ltd;;;;;
Worcester Casino (Pty) Ltd t/a The Golden Valley Casino;;;;;
Wordsmiths (Pty) Ltd;;;;;
Wordsworth Books CC;;;;;
Workday;;;;;
Workforce Group (Pty) Ltd (The);;;;;
Workforce Holdings Ltd;;;;;
Workforce Management (Pty) Ltd;;;;;
Workforce Staffing;;;;;
Workgroup IT (Pty) Ltd;;;;;
workgroup.co.za;;;;;
Workinfo.com;;;;;
Working Professionals Consultancy CC;;;;;
Workless Data No 54 (Pty) Ltd;;;;;
WorkNigeria;;;;;
Workonline Communications;;;;;
WorkPay Africa;;;;;
Workwear Rental Service (Pty) Ltd;;;;;
World Agroforestry;;;;;
World Bank;;;;;
World Food Programme;;;;;
World Food Programme South Africa Regional Bureau;;;;;
World Knits Ltd;;;;;
World Net Logistics (Pty) Ltd;;;;;
WORLD OF WINDOWS;;;;;
World of Windows (Pty) Ltd;;;;;
World Online;;;;;
World Sports Betting;;;;;
World Travel (Pty) Ltd;;;;;
World Vision International;;;;;
World Vision Kenya;;;;;
World Vision South Africa;;;;;
World Vision Uganda;;;;;
World Wide Creative;;;;;
WORLD WIDEFUND FOR NATURE KENYA(WWF-KENYA);;;;;
WorldRemit Limited;;;;;
Worldsport South Africa (Pty) Ltd;;;;;
WorldTel Broadband (Pty) Ltd;;;;;
Worldwide Automotive Group (Enterprises) (Pty) Ltd;;;;;
Worldwide Capital (Pty) Ltd;;;;;
Worldwide Express Trading CC;;;;;
worldwidehealthcare.com;;;;;
Worley Limited;;;;;
WorleyParsons RSA (Pty) Ltd;;;;;
WOSA Export Marketing;;;;;
WOT Construction (Pty) Ltd;;;;;
WOW Beverages;;;;;
WOW Enterprise Performance Solutions;;;;;
wow.joburg;;;;;
Wowzi;;;;;
WP Manufacturing (Pty) Ltd;;;;;
WP Starboats (Pty) Ltd;;;;;
WP Transport (Pty) Ltd;;;;;
WPP Scangroup Ltd;;;;;
WPP-Memeza Holdings (Pty) Ltd;;;;;
Wragby Business Solutions & Technologies Limited;;;;;
Wrens;;;;;
wrightsecurity.co.za;;;;;
Wrigley Company East Africa, The;;;;;
Writers' Guild of South Africa (The);;;;;
WRSC;;;;;
WSO Model Agency & Academy;;;;;
WSP Global Inc.;;;;;
WSP Group Africa (Pty) Ltd;;;;;
WTS Energy;;;;;
WTS Nobisfields;;;;;
WTW;;;;;
Wuhlf Equipment (Pty) Ltd;;;;;
Wunderbrand (Pty) Ltd;;;;;
Wunderman Marketing Pty Ltd;;;;;
Wunderman SA (Pty) Ltd;;;;;
Wunderman Thompson Pty Ltd;;;;;
Wurth South Africa Co (Pty) Ltd;;;;;
WWC Asset Management (Pty) Ltd;;;;;
WWC Trading (Pty) Ltd;;;;;
WWF-Kenya;;;;;
www.Youi.com;;;;;
www-scorpion-biz;;;;;
Wyeth South Africa (Pty) Ltd;;;;;
Wykeham Collegiate (The);;;;;
Wynberg Auto Body;;;;;
Wynberg Girls' High School;;;;;
Wynberg Waste Recycling CC;;;;;
Wynns Manufacturing (Pty) Ltd;;;;;
Wynn-With Milk Farm (Pty) Ltd;;;;;
Wyzetalk;;;;;
Xantium Digital Card Systems (Pty) Ltd;;;;;
Xantium IT Services (Pty) Ltd;;;;;
Xantium Trading 471 (Pty) Ltd;;;;;
XBC-IT;;;;;
Xcallibre;;;;;
Xcelerate;;;;;
Xchem Chemicals (Pty) Ltd;;;;;
XChequer Fund Management (Pty) Ltd;;;;;
XClutorque (Pty) Ltd;;;;;
XContent Business Solutions;;;;;
XDN;;;;;
Xelus;;;;;
Xenturion (Pty) Ltd;;;;;
Xenturion Investment Properties (Pty) Ltd;;;;;
Xhariep District Municipality;;;;;
XIF International Trading (Pty) Ltd;;;;;
Ximian Networks CC;;;;;
Xina Operations and Maintenance Company (Pty) Ltd;;;;;
Xina Solar One (RF) (Pty) Ltd;;;;;
Xinergy Solar Solutions (Pty) Ltd;;;;;
X-IT Holdings (Pty) Ltd;;;;;
Xixia Pharmaceuticals (Pty) Ltd;;;;;
XLink Communications (Pty) Ltd;;;;;
Xmoor Transport (Pty) Ltd;;;;;
Xneelo;;;;;
Xolisa Construction (Pty) Ltd;;;;;
XON;;;;;
Xone Integrated Security;;;;;
xPAC Technology;;;;;
Xpand IT;;;;;
Xpedient;;;;;
Xperien;;;;;
Xpert Decisions Systems (Pty) Ltd;;;;;
Xpert Learning FZ LLC;;;;;
Xponentially, w/ Kathleen M. Vaughan;;;;;
xpressvs.com;;;;;
Xprocure Software SA (Pty) Ltd;;;;;
xsinet.co.za;;;;;
Xtraspace Properties (Pty) Ltd;;;;;
Xtreme Discounters (Pty) Ltd;;;;;
Xu Li Textiles CC;;;;;
xxxx;;;;;
XY Communication;;;;;
Xylem;;;;;
Xylem Water Solutions South Africa (Pty) Ltd;;;;;
Xyleme Inc;;;;;
XYZ Industries (Pty) Ltd;;;;;
XZIBIT Experiential Marketing;;;;;
Y Cell (Pty) Ltd;;;;;
Y2K College;;;;;
Ya Rena Civils (Pty) Ltd;;;;;
Yaafico Industrial Lda;;;;;
YACKOLEY INSTITUTE;;;;;
Yade Caring Action;;;;;
Yahoo;;;;;
Yahoo France;;;;;
Yakani Brickveld (Pty) Ltd;;;;;
Yakani Energy (Pty) Ltd;;;;;
Yakani Group (Pty) Ltd;;;;;
Yakani Resources (Pty) Ltd;;;;;
Yako;;;;;
Yale Security (SA) (Pty) Ltd;;;;;
Yalelo Limited;;;;;
Yamaha Distributors,South Africa;;;;;
Yamzi;;;;;
Yana Tyre Centre Ltd;;;;;
Yanka Laboratories (Pty) Ltd;;;;;
Yaoure Mining SA;;;;;
Yara Africa Fertilizer (Pty) Ltd;;;;;
Yara Animal Nutrition South Africa (Pty) Ltd;;;;;
Yara International ASA;;;;;
Yara International South Africa (Pty) Ltd;;;;;
Yara Kenya;;;;;
Yara South Africa (Pty) Ltd;;;;;
Yarntex (Pty) Ltd;;;;;
Yaser Clothing Manufacturing CC;;;;;
Yash Clothing Manufacturers;;;;;
YASKAWA Europe;;;;;
Yasref;;;;;
Yatu Foods Ltd;;;;;
Yazaki Corporation;;;;;
Yazmi;;;;;
Year2023;;;;;
yebo.co.za;;;;;
Yebomanzi (Pty) Ltd;;;;;
YeboYethu (RF) Ltd;;;;;
Yellotec;;;;;
Yellow Butterfly Trading 8 (Pty) Ltd;;;;;
Yellow File Investments 21 (Pty) Ltd;;;;;
Yellow Seed Consulting;;;;;
Yellow Star Properties 1031 (Pty) Ltd;;;;;
Yellow Star Properties 1051 (Pty) Ltd;;;;;
Yellow Star Trading 41 CC;;;;;
Yellowwisp 128 CC;;;;;
Yellowwood Future Architects;;;;;
yellowwoods.biz;;;;;
Yelly Ghana Limited;;;;;
Yes Brands Food & Beverages Plc;;;;;
yes4youth;;;;;
yesteekom.co.ke;;;;;
Yett Investments (Pty) Ltd;;;;;
Yetu Microfinance Bank Plc;;;;;
Yildiz Holdings AS;;;;;
Yired (Pty) Ltd;;;;;
Yiting Africa (Pty) Ltd;;;;;
ymail.co.za;;;;;
Yoco;;;;;
Yoco Technologies (Pty) Ltd;;;;;
Yog;;;;;
Yogendra Soobarah;;;;;
Yokogawa South Africa (Pty) Ltd;;;;;
yoMoba SPV (Pty) Ltd;;;;;
yongashuttleservice.com;;;;;
Yopmark;;;;;
York Cheese Factory (Pty) Ltd;;;;;
York Farm Ltd;;;;;
York International (SA) Inc;;;;;
York Timber Holdings Ltd;;;;;
York Timbers;;;;;
York Timbers (Pty) Ltd;;;;;
youi;;;;;
Youi (Pty) Ltd;;;;;
Young and Rubicam South Africa (Pty) Ltd;;;;;
Young Designers Emporium (Pty) Ltd;;;;;
Your Online Teacher Pty Ltd;;;;;
YourTalent;;;;;
youstream.com;;;;;
YOUTH ALIVE UGANDA;;;;;
Youth in Africa;;;;;
Yoyo;;;;;
YSay;;;;;
Ysterplaat Medical Supplies CC;;;;;
Yum Brands, Inc.;;;;;
Yum Restaurants;;;;;
YUMBI;;;;;
Yuppiechef;;;;;
Yuppiechef Online (Pty) Ltd;;;;;
Yusen Logistics Co Ltd;;;;;
Z A One (Pty) Ltd;;;;;
Z and S Service Centre CC;;;;;
ZA Central Registry;;;;;
ZA Distributors (Pty) Ltd;;;;;
za Domain Name Authority (The);;;;;
ZA Gear (Pty) Ltd;;;;;
ZA Online Store (Pty) Ltd;;;;;
Zacacode (Pty) Ltd;;;;;
ZAFFICO Tea Company Ltd;;;;;
Zahara Comercio SA;;;;;
Zahra Software;;;;;
Zahraa Maadi Investment and Development Company SAE;;;;;
Zaify Turnkey Projects (Pty) Ltd;;;;;
Zaio;;;;;
Zalisa Loyalty Initiatives (Pty) Ltd;;;;;
Zam Chick Ltd;;;;;
Zama Forestry Services (Pty) Ltd;;;;;
Zama Mining Resources (Pty) Ltd;;;;;
Zamanita Ltd;;;;;
Zamara Group Limited;;;;;
zamatholdings.co.za;;;;;
Zambeef Products Plc;;;;;
Zambeef Products PLC;;;;;
Zambeef Retailing Ltd;;;;;
Zambezi Beverages (Pty) Ltd;;;;;
Zambezi Platinum (RF) Ltd;;;;;
Zambia Air Force;;;;;
Zambia Airports Corporation Ltd;;;;;
Zambia Airways;;;;;
Zambia Bata Shoe Company Plc;;;;;
Zambia Best Deals;;;;;
Zambia Development Agency;;;;;
Zambia Electricity Supply Corporation Limited;;;;;
Zambia Industrial Commercial Bank;;;;;
Zambia Institute of Mass Communications (ZAMCOM);;;;;
Zambia National Building Society;;;;;
Zambia National Commercial Bank Plc;;;;;
Zambia Police Service;;;;;
Zambia Railways Ltd;;;;;
Zambia Revenue Authority;;;;;
Zambia Seed;;;;;
Zambia Statistics Agency;;;;;
Zambia Sugar Plc;;;;;
Zambia Telecommunications Company Limited (Zamtel);;;;;
Zambian Breweries Plc;;;;;
Zambian Towers Ltd;;;;;
Zambrano Investments (Pvt) Ltd;;;;;
Zamhatch Ltd;;;;;
Zamleather Ltd;;;;;
Zampalm Ltd;;;;;
zamtel.co.zm;;;;;
Zana Manz'i Services (Pty) Ltd;;;;;
Zanaco;;;;;
Zanaco Bank;;;;;
Zando;;;;;
Zandwijk Wines (Pty) Ltd;;;;;
Zanele Mbeki Frail Care Centre;;;;;
Zanmet Trading 7 (Pty) Ltd;;;;;
Zanzibar Insurance Corporation;;;;;
Zanzibar Telecom Limited( ZANTEL);;;;;
Zapper;;;;;
ZapperTM;;;;;
Zapproach;;;;;
Zaptronix Ltd;;;;;
ZAR X (Pty) Ltd;;;;;
Zara Home Retail South Africa (Pty) Ltd;;;;;
Zara Retail South Africa (Pty) Ltd;;;;;
ZAS Petroleum (Pty) Ltd;;;;;
zasaabgroup.com;;;;;
ZB Bank Ltd;;;;;
ZB Financial Holdings Ltd;;;;;
ZCCM Investments Holdings Plc;;;;;
ZCI Ltd;;;;;
Zealous Automotive (Pty) Ltd;;;;;
Zealous Holdings (Pty) Ltd;;;;;
Zealous Pressure Castings (Pty) Ltd;;;;;
Zebra Cabs (Pty) Ltd;;;;;
Zebra Technologies;;;;;
ZebraNet;;;;;
Zechl;;;;;
Zeco Holdings Ltd;;;;;
Zeda Car Leasing (Pty) Ltd;;;;;
Zeda Car Rental (Pty) Ltd;;;;;
Zeda Namibia (Pty) Ltd;;;;;
Zeda Swaziland (Pty) Ltd;;;;;
Zeder Financial Services Ltd;;;;;
Zeder Investments Ltd;;;;;
Zeelo Limited;;;;;
Zelex 1 Trading CC;;;;;
Zellidja SA;;;;;
Zelpy 1244 (Pty) Ltd;;;;;
Zelpy 1775 (Pty) Ltd;;;;;
Zemen Bank;;;;;
Zemen Bank S.C.;;;;;
ZENEX Foundation;;;;;
Zenith Air CC;;;;;
Zenith Bank (Gambia) Ltd;;;;;
Zenith Bank (Ghana) Ltd;;;;;
Zenith Bank Plc;;;;;
Zenith Bank Sierra Leone Ltd;;;;;
Zenith Capital Ltd;;;;;
Zenith Car Rental (Pty) Ltd;;;;;
Zenith General Insurance Company Ltd;;;;;
Zenith Holdings (Pty) Ltd;;;;;
Zenith Life Assurance Company Ltd;;;;;
Zenith Medicare Ltd;;;;;
Zenith Pensions Custodian Ltd;;;;;
Zenith Pharmaceutical Distributors (Pty) Ltd;;;;;
Zenith Securities Ltd;;;;;
Zenithsoft Enterprise Solutions;;;;;
Zenprop Management Services (Pty) Ltd;;;;;
Zenprop Property Holdings (Pty) Ltd;;;;;
Zensar;;;;;
Zensar Technologies Ltd;;;;;
Zenthyme Investments (Pty) Ltd;;;;;
Zentiva South Africa (Pty) Ltd;;;;;
Zentosa Capital Ltd;;;;;
Zenzele Industrial Supplies (Mpumulanga) (Pty) Ltd;;;;;
Zenzele Industrial Supplies (Pty) Ltd;;;;;
Zenzele Recruitment (Pty) Ltd;;;;;
Zenzeleni Clothing (Pty) Ltd;;;;;
Zephan Properties (Pty) Ltd;;;;;
ZEP-RE;;;;;
ZEP-RE (PTA REINSURANCE);;;;;
Zerotrix (Pty) Ltd;;;;;
Zesaholdings;;;;;
ZESCO LIMITED;;;;;
Zest Energy (Pty) Ltd;;;;;
Zest Fruit (Pty) Ltd;;;;;
Zest Hospitality (Pty) Ltd;;;;;
Zest Life Investments (Pty) Ltd;;;;;
Zest WEG Electric (Pty) Ltd;;;;;
Zest WEG Group Africa (Pty) Ltd;;;;;
Zest WEG Manufacturing (Pty) Ltd;;;;;
Zestlife;;;;;
Zeta Laboratories CC;;;;;
Zetamindgroup;;;;;
Zevobuzz (Pty) Ltd;;;;;
Zevoli 388;;;;;
ZF Lemforder S A (Pty) Ltd;;;;;
ZF Mgcawu District Municipality;;;;;
ZF Sachs South Africa (Pty) Ltd;;;;;
ZF Services South Africa (Pty) Ltd;;;;;
ZGM Consulting (Pty) Ltd;;;;;
Zhejiang Jinfanda Bio-Chemical Company Ltd;;;;;
zicb;;;;;
Zidela Wines (Pty) Ltd;;;;;
ZIEHL-ABEGG South Africa (Pty) Ltd;;;;;
Zig Trading - Real fruit in our products;;;;;
Zijinplatinum;;;;;
Zikhokhele Agricultural Co-Operative Ltd;;;;;
Zilindile Co-Operative Ltd;;;;;
ZILWA RESORT LTD;;;;;
Zim Open University;;;;;
Zimasco;;;;;
Zimbabwe Alloys Chrome (Pty) Ltd;;;;;
Zimbabwe Electricity Transmission & Distribution Company (ZETDC);;;;;
Zimbabwe Farmers' Union;;;;;
Zimbabwe Fertilizer Company Ltd;;;;;
Zimbabwe Leaf Tobacco;;;;;
Zimbabwe Newspapers (1980) Ltd;;;;;
Zimbabwe Platinum Mines (Pvt) Ltd;;;;;
Zimbabwe Screening & Mining (Pty) Ltd;;;;;
Zimbabwe Stock Exchange Ltd;;;;;
Zimbabwe Sugar Sales (Pvt) Ltd;;;;;
Zimbabwe Tobacco Association;;;;;
Zimbali Estate Management Association;;;;;
Zimbalilakes -;;;;;
Zimbiwa Resources (Pty) Ltd;;;;;
Zimbulk Tankers (Pty) Ltd;;;;;
Zimco Group (Pty) Ltd;;;;;
Zimco Metals (Pty) Ltd;;;;;
Zimele Developing Community Self Reliance;;;;;
Zimele Investment Enterprise Company (Pty) Ltd;;;;;
Zimele Technologies;;;;;
Zimele Technologies (Pty) Ltd;;;;;
Zimele Truck Stop Enterprises (Pty) Ltd;;;;;
Zimfranki Projects (PVT) Ltd;;;;;
Zimmermann and Jansen (South Africa) (Pty) Ltd;;;;;
Zimnat;;;;;
Zimnat Asset Management Company (Pvt) Ltd;;;;;
Zimnat Life Assurance Company Ltd;;;;;
Zimnat Lion Insurance Company Ltd;;;;;
Zimplats Holdings Ltd;;;;;
Zimplow Holdings Ltd;;;;;
Zimre Holdings Ltd;;;;;
Zimre Property Investments Ltd;;;;;
Zinoju Coal (Pty) Ltd;;;;;
Zinplex Marketing CC;;;;;
Zitholele Consulting;;;;;
Ziyaad Harriby;;;;;
Zizap Investments (Pty) Ltd;;;;;
Zizwe Opencast Mining;;;;;
Zoalt Beverage (Pty) Ltd;;;;;
Zodiac Aerospace;;;;;
Zodiac Pool Systems LLC;;;;;
Zoe Mair Fine Arts CC;;;;;
Zoe' Projects and Consulting;;;;;
Zoetics Recruitment;;;;;
Zoetis South Africa (Pty) Ltd;;;;;
ZOL Zimbabwe;;;;;
ZOLA Electric;;;;;
Zondernaam Mining (Pty) Ltd;;;;;
Zonke Monitoring Systems (Pty) Ltd;;;;;
zoom.co.za;;;;;
Zoona;;;;;
Zorbatex (Pty) Ltd;;;;;
Zotos Brothers (Pty) Ltd;;;;;
Zoutpansberg Milling Company (Pty) Ltd;;;;;
zoutreach.net;;;;;
ZTE (Kenya) Ltd;;;;;
ZTE Corporation South Africa (Pty) Ltd;;;;;
ZUETECH TECHNOLOGY SOLUTIONS;;;;;
Zufi Engineering;;;;;
Zukipet (Pty) Ltd;;;;;
Zuku;;;;;
zulac.co.za;;;;;
Zultrans;;;;;
Zulu Roofing;;;;;
ZULUFLORA AGRI;;;;;
Zululand Anthracite Colliery (Pty) Ltd;;;;;
Zululand Media (Pty) Ltd;;;;;
Zululand Municipality;;;;;
Zululand Observer (Pty) Ltd;;;;;
Zululand Titanium (Pty) Ltd;;;;;
ZUMRAN Mining & Exploration;;;;;
Zungu Investments Company (Pty) Ltd;;;;;
Zuri Hotels & Resorts;;;;;
Zurich Insurance Company S A Ltd;;;;;
Zurich Legal Expenses Underwriting Managers SA (Pty) Ltd;;;;;
Zutari;;;;;
Zutari Pty Ltd;;;;;
zutari.co.za;;;;;
Zuydam Konsult (Pty) Ltd;;;;;
Zwarte Leeuw Investments (Pty) Ltd;;;;;
Zwelindeka Holdings (Pty) Ltd;;;;;
Zwelinzima Property Developers (Pty) Ltd;;;;;
Zyl Mining (SA) (Pty) Ltd;;;;;
ZZ2;;;;;
